id,name,host_id,host_profile_id,host_name,neighbourhood_group,neighbourhood,latitude,longitude,room_type,price,minimum_nights,number_of_reviews,last_review,reviews_per_month,calculated_host_listings_count,availability_365,number_of_reviews_ltm
3625870,Modern Style Meets Old World,18264329,1463040029579980983,Joaquin,Brooklyn,Sunset Park,40.650230,-74.006130,Private room,209,3,142,2026-08-03,0.98,1,293,21
3627326,Spain Room,5652395,1462686053013959117,Julio,Bronx,Concourse Village,40.818760,-73.926910,Private room,154,1,75,2026-08-03,0.70,3,296,32
3659544,Home Away From Home – Midtown,12327430,1462885214626303829,Marco,Manhattan,Hell's Kitchen,40.765025,-73.993777,Private room,360,3,433,2026-06-29,2.99,1,242,17
3685704,Private Guest Space in Brownstone + Garden,2640773,1462603588687974922,Nicholas,Brooklyn,Bedford-Stuyvesant,40.688829,-73.942814,Private room,164,10,297,2026-07-11,2.13,1,334,2
8490,"Maison des Sirènes 1, Bohemian, luminous apartment",25183,1462507010207005813,Nathalie,Brooklyn,Bedford-Stuyvesant,40.684556,-73.939634,Entire home/apt,304,2,189,2023-10-16,0.92,2,273,0
12937,"1 Stop to Midtown! Private Bedroom, Landmark House",50124,1462507638639660367,Orestes,Queens,Long Island City,40.747570,-73.945710,Private room,320,2,489,2026-07-21,2.48,1,258,40
16580,"Sunny, Modern room in East Village w City Views",64442,1462508106838746918,Reka,Manhattan,East Village,40.723730,-73.976260,Private room,242,1,706,2026-07-26,4.47,2,212,52
16821,Charming Room in Amazing East Village Apt. (B),4396,1462506411547877646,Casey,Manhattan,East Village,40.722810,-73.985010,Private room,180,1,336,2026-07-26,1.97,2,29,63
25696,Hague House,107628,1462509764900394354,Dena,Manhattan,Harlem,40.810273,-73.943155,Private room,221,1,217,2026-08-02,1.13,1,133,31
29628,"Comfortable, Sunny Room",127608,1462510312830166859,Chris,Brooklyn,Clinton Hill,40.682920,-73.963810,Private room,171,2,526,2026-08-01,2.67,1,282,49
31994,Room with En Suite Bathroom & Deck,137814,1462510596139910155,Waldemar,Brooklyn,Clinton Hill,40.688180,-73.963830,Private room,167,2,646,2026-07-05,3.30,2,279,35
38663,Luxury Brownstone in Boerum Hill,165789,1462511475074490764,Sarah Leah,Brooklyn,Boerum Hill,40.684420,-73.980680,Private room,1186,3,43,2023-08-30,0.25,1,364,0
39282,Cozy “Indie Rock”Room in the Heart of Williamsburg,168525,1462511567618835760,Gustavo,Brooklyn,Williamsburg,40.710651,-73.950874,Private room,186,3,295,2026-06-23,1.51,2,52,13
46911,Large Room pr/h Br/St in Park Slope,210746,1462512766939119565,Kathleen R,Brooklyn,Park Slope,40.680100,-73.974620,Private room,112,14,81,2026-06-27,0.42,3,277,5
52689,"Private, sunny two-bedroom near subway & shops",244071,1462513601387231262,Litza,Queens,Ditmars Steinway,40.778680,-73.906520,Private room,284,3,147,2026-07-12,0.77,1,11,27
54508,S/Rm Br/st  PSlope great for  Med/Stu,210746,1462512766939119565,Kathleen R,Brooklyn,Park Slope,40.678960,-73.974100,Private room,130,1,248,2026-07-31,1.29,3,269,35
55959,Work From Our Home w/ Loft,168525,1462511567618835760,Gustavo,Brooklyn,Williamsburg,40.710650,-73.950870,Private room,218,4,137,2026-07-12,0.86,2,30,13
3835681,Cozy Astoria Retreat: Simple Room in the Heart NYC,3339701,1462626223296109359,Angelo,Queens,Ditmars Steinway,40.774320,-73.919220,Private room,114,1,260,2026-06-14,1.79,1,291,34
3850493,Joe’s Paradise 5019,19349568,1462609151653657640,Joseph,Brooklyn,Flatlands,40.622650,-73.926580,Private room,160,3,248,2026-07-26,1.70,2,342,24
3851911,extemely sunny pre-war flat,14902860,1462949682078713674,Velma,Brooklyn,Bedford-Stuyvesant,40.684930,-73.946520,Entire home/apt,217,2,174,2026-07-27,1.21,3,281,17
77765,Superior @ Box House,417504,1462517884839893571,The Box House Hotel,Brooklyn,Greenpoint,40.737770,-73.953660,Hotel room,387,1,73,2026-05-17,0.39,29,202,3
80684,Duplex w/ Terrace @ Box House Hotel,417504,1462517884839893571,The Box House Hotel,Brooklyn,Greenpoint,40.737560,-73.953500,Hotel room,593,1,11,2025-10-12,0.06,29,101,1
80700,Loft w/ Terrace @ Box House Hotel,417504,1462517884839893571,The Box House Hotel,Brooklyn,Greenpoint,40.737770,-73.953660,Private room,657,1,10,2022-10-22,0.06,29,100,0
81739,Loft w/ Terrace @ Box House Hotel,417504,1462517884839893571,The Box House Hotel,Brooklyn,Greenpoint,40.737770,-73.953660,Private room,479,1,2,2011-05-12,0.01,29,101,0
84010,Superior @ Box House,417504,1462517884839893571,The Box House Hotel,Brooklyn,Greenpoint,40.737770,-73.953660,Hotel room,385,1,40,2025-10-12,0.22,29,205,3
93313,"Maison de sirènes 2, Bohemian, ecclectic apartment",25183,1462507010207005813,Nathalie,Brooklyn,Bedford-Stuyvesant,40.684570,-73.938400,Entire home/apt,287,2,173,2023-11-01,0.93,2,271,0
94783,"Beautiful, Bright’s, Warm & Spacious 1.5BR Apt",473113,1462519279507587472,Keishera,Brooklyn,Crown Heights,40.673600,-73.955100,Entire home/apt,316,1,195,2026-07-28,1.05,1,176,26
103311,2 BR w/ Terrace @ Box House Hotel,417504,1462517884839893571,The Box House Hotel,Brooklyn,Greenpoint,40.737780,-73.953660,Private room,1004,1,8,2014-10-24,0.04,29,100,0
136493,Historical space with exceptional light & art,663384,1462525364615491552,Irena,Brooklyn,Park Slope,40.674970,-73.977960,Private room,475,3,59,2026-08-01,0.35,1,140,7
150804,Colorful 2+ Bedroom Apt. on NYC's Lower East Side,726333,1462527470484397287,Peter,Manhattan,Lower East Side,40.720300,-73.984240,Private room,537,1,105,2026-06-01,0.58,1,270,17
151199,Astoria/LIC  Private Home located near train,722320,1462513776231025449,Gigi,Queens,Astoria,40.757300,-73.914880,Private room,212,2,585,2026-07-25,3.22,1,54,42
152263,Cozy private room and bathroom in a Brownstone,732535,1462527674898853599,William,Manhattan,Harlem,40.804930,-73.949990,Private room,360,2,411,2026-08-01,2.27,2,338,20
170761,"Fort Greene, Brooklyn: Front Bedroom",67778,1462508233271697337,Doug,Brooklyn,Fort Greene,40.688780,-73.977620,Private room,173,2,370,2026-08-07,2.48,2,282,67
3987571,Brownstone Beauty,20670026,1463135561103627101,Monifa,Brooklyn,Bedford-Stuyvesant,40.680840,-73.948620,Private room,213,2,476,2026-08-02,3.29,1,264,40
3989564,Guest Suite in Brooklyn Garden Townhouse,1272714,1462541379128206175,Arielle,Brooklyn,Bedford-Stuyvesant,40.681430,-73.942750,Private room,256,2,422,2026-07-26,2.93,1,275,31
4016142,Big Bedroom in Sunny & New Lower East Side Apt,20822611,1463139587493220398,Robin,Manhattan,Lower East Side,40.718700,-73.985780,Private room,362,3,61,2026-07-20,0.42,1,180,11
4025329,SPACIOUS STUDIO-HIGH END FINISHES,9743617,1462822228908630757,Patricia,Manhattan,Harlem,40.814690,-73.943240,Entire home/apt,249,4,198,2026-07-24,1.39,7,292,14
191610,Presence Guest Room - Chelsea NYC,927028,1462533485023648720,Tony,Manhattan,Chelsea,40.746970,-74.001780,Private room,251,2,181,2026-07-20,1.02,1,20,20
195989,"Sunny, Large, Park Slope Bedroom",611716,1462523537395349710,Elizabeth,Brooklyn,Park Slope,40.676716,-73.981821,Private room,150,3,230,2023-10-07,1.27,1,132,0
213330,LES Penthouse Oasis,800223,1462514314653532017,Nader,Manhattan,Chinatown,40.716816,-73.989693,Private room,264,3,111,2026-07-17,0.81,1,204,20
232612,"Lovely pied-à-terre, in an historic building",1217241,1462539994141685599,Dee,Brooklyn,Bedford-Stuyvesant,40.685190,-73.942690,Private room,195,2,615,2026-07-22,3.41,1,17,45
245574,Brooklyn Brownstone home share,1288460,1462517096607712755,Alkhabir,Brooklyn,Bedford-Stuyvesant,40.689270,-73.954390,Private room,356,2,301,2026-07-21,1.67,1,323,9
248865,Loft Suite,417504,1462517884839893571,The Box House Hotel,Brooklyn,Greenpoint,40.737560,-73.953500,Entire home/apt,536,1,36,2024-07-13,0.20,29,212,0
253332,"Spacious, modern private suite in large apartment",552343,1462521501328884197,Cynthia,Brooklyn,Sunset Park,40.661620,-73.991920,Private room,280,3,32,2026-06-23,0.18,1,18,10
253466,Loft Suite,417504,1462517884839893571,The Box House Hotel,Brooklyn,Greenpoint,40.737560,-73.953500,Entire home/apt,544,1,48,2022-09-10,0.31,29,212,0
253471,Loft Suite,417504,1462517884839893571,The Box House Hotel,Brooklyn,Greenpoint,40.737560,-73.953500,Entire home/apt,542,1,31,2024-06-30,0.19,29,212,0
253475,Loft Suite,417504,1462517884839893571,The Box House Hotel,Brooklyn,Greenpoint,40.737560,-73.953500,Entire home/apt,544,1,101,2026-05-18,0.58,29,212,1
253800,Loft Suite,417504,1462517884839893571,The Box House Hotel,Brooklyn,Greenpoint,40.737560,-73.953500,Entire home/apt,585,1,52,2026-04-20,0.29,29,212,3
253803,Loft Suite,417504,1462517884839893571,The Box House Hotel,Brooklyn,Greenpoint,40.737560,-73.953500,Entire home/apt,536,1,42,2024-04-07,0.24,29,212,0
253806,Loft Suite,417504,1462517884839893571,The Box House Hotel,Brooklyn,Greenpoint,40.737560,-73.953500,Entire home/apt,536,1,49,2022-12-11,0.27,29,212,0
253811,Loft Suite,417504,1462517884839893571,The Box House Hotel,Brooklyn,Greenpoint,40.737560,-73.953500,Entire home/apt,536,1,73,2024-09-02,0.41,29,212,0
253839,Loft w/ Terrace @ Box House Hotel,417504,1462517884839893571,The Box House Hotel,Brooklyn,Greenpoint,40.737560,-73.953500,Private room,487,1,10,2025-11-03,0.06,29,101,1
253842,1 Bedroom Apartment with Private Terrace,417504,1462517884839893571,The Box House Hotel,Brooklyn,Greenpoint,40.737560,-73.953500,Private room,543,1,14,2024-04-14,0.10,29,101,0
253846,Superior @ Box House,417504,1462517884839893571,The Box House Hotel,Brooklyn,Greenpoint,40.737560,-73.953500,Hotel room,388,1,36,2026-06-08,0.21,29,212,2
254168,2 BR Duplex @ Box House Hotel,417504,1462517884839893571,The Box House Hotel,Brooklyn,Greenpoint,40.737560,-73.953500,Private room,1004,1,5,2014-10-26,0.03,29,101,0
255601,Modern Brooklyn 2BR | 20 Min to Manhattan,47070269,1465705840076862137,Christopher,Brooklyn,Bedford-Stuyvesant,40.691010,-73.950180,Entire home/apt,302,3,332,2026-07-20,1.85,1,253,28
4132116,"Beautiful house, huge bedrooms, quiet neighborhood",15908653,1462973588843277634,Gil,Brooklyn,Flatbush,40.634860,-73.958980,Private room,270,2,177,2026-06-21,1.22,1,329,28
4134035,Sunny Suite in Brooklyn -3,7677048,1462738317083412740,Florrie,Brooklyn,Downtown Brooklyn,40.696700,-73.982220,Entire home/apt,344,1,229,2026-07-23,1.82,1,77,24
4152752,Location is Everything!,21546973,1462617647416417431,Niko,Manhattan,Hell's Kitchen,40.763780,-73.990470,Private room,301,1,805,2026-07-24,5.58,1,95,77
279857,Yellow Block BnB seen on Netflix Show Stay Here,1420300,1462517954361751875,Gordy,Brooklyn,Bedford-Stuyvesant,40.686070,-73.955360,Entire home/apt,1213,2,284,2026-07-27,1.62,1,193,27
294227,Loft Suite,417504,1462517884839893571,The Box House Hotel,Brooklyn,Greenpoint,40.737780,-73.953660,Entire home/apt,542,1,49,2022-11-04,0.28,29,213,0
294242,Loft Suite,417504,1462517884839893571,The Box House Hotel,Brooklyn,Greenpoint,40.737780,-73.953660,Entire home/apt,585,1,93,2025-09-19,0.56,29,204,1
294259,Loft Suite,417504,1462517884839893571,The Box House Hotel,Brooklyn,Greenpoint,40.737780,-73.953660,Entire home/apt,536,1,196,2026-05-25,1.13,29,206,4
294263,Loft Suite,417504,1462517884839893571,The Box House Hotel,Brooklyn,Greenpoint,40.737780,-73.953660,Entire home/apt,536,1,162,2025-09-01,0.95,29,206,1
294280,Loft Suite,417504,1462517884839893571,The Box House Hotel,Brooklyn,Greenpoint,40.737780,-73.953660,Entire home/apt,544,1,46,2024-06-15,0.27,29,213,0
310524,Clinton Hill Duplex near Pratt w/Huge Patio!,1597481,1462562685449268476,Mary,Brooklyn,Bedford-Stuyvesant,40.695330,-73.960580,Private room,207,2,197,2026-08-03,1.12,1,334,34
343276,Large Private Midtown Room!,1732559,1462577001404457267,Jesse,Manhattan,Hell's Kitchen,40.756220,-73.994550,Private room,155,1,286,2026-07-24,1.65,2,194,35
373618,"Designer’s loft, roof deck best W’burg",1879389,1462580780288829532,Christina,Brooklyn,Williamsburg,40.719420,-73.960050,Private room,411,1,177,2026-07-20,1.01,2,89,16
4268286,Cozy brownstone bed & bath; pvt.ent,22158091,1463172947457964163,Marjorie,Manhattan,East Harlem,40.796550,-73.938290,Private room,164,1,316,2026-08-10,2.20,1,146,28
4285522,Spacious Queen Bedroom suite w/private bath,22243932,1462620340758827204,Candi,Manhattan,Harlem,40.814450,-73.941560,Private room,285,2,40,2025-12-13,0.29,1,88,6
4299536,10 Minutes to Manhattan,17164818,1462601220234619676,Victoria,Brooklyn,Clinton Hill,40.684400,-73.959240,Private room,215,3,89,2026-07-26,0.62,1,40,12
4338548,Beautiful Bohemian Duplex with Garden,910592,1462533049619518862,Anne,Brooklyn,Bedford-Stuyvesant,40.685240,-73.941240,Private room,295,5,53,2024-12-30,0.38,1,111,0
431865,Elegant Uptown Historic District Garden Suite,361855,1462511408091751859,Kurt,Manhattan,Washington Heights,40.834108,-73.939484,Entire home/apt,465,4,169,2026-08-02,1.17,1,291,27
453094,Bedroom With Own Bathroom and Backyard,137814,1462510596139910155,Waldemar,Brooklyn,Clinton Hill,40.688256,-73.963833,Private room,179,2,590,2026-08-03,3.40,2,268,46
498052,Room in modern Willamsburg apartment Brooklyn,2426779,1462594799123464820,Reguina,Brooklyn,Williamsburg,40.714940,-73.960850,Private room,296,1,271,2026-07-22,1.58,1,202,18
552639,Beautiful 2-BDRM Brownstone Apartment,2518984,1462524690325039064,Kakuna,Manhattan,Harlem,40.817110,-73.947360,Entire home/apt,297,2,343,2026-08-10,2.27,2,178,60
4469650,Huge 5BR Townhouse - LEGAL NYC B&B!,23189353,1465269871621121841,Elizabeth,Manhattan,Harlem,40.806330,-73.945850,Entire home/apt,850,1,336,2026-07-17,2.36,1,226,23
613528,Cozy Studio Apt in Historic Brownstone,2518984,1462524690325039064,Kakuna,Manhattan,Harlem,40.816950,-73.947230,Entire home/apt,149,2,389,2026-08-10,2.44,2,171,63
645075,"Hell''s Kitchen, Midtown west!",2494666,1462596674551929303,Brian,Manhattan,Hell's Kitchen,40.762779,-73.991089,Private room,193,2,498,2026-07-26,2.94,1,54,34
651648,"1879 Brownstone, 
Private Room",3274376,1462624535338290828,Edward,Brooklyn,Clinton Hill,40.681780,-73.964710,Private room,400,2,147,2026-06-28,1.01,1,176,14
698132,Large private suite in our home in Brooklyn.,3577509,1462632961854141466,Eric,Brooklyn,Bedford-Stuyvesant,40.691490,-73.936620,Private room,213,3,424,2026-07-27,2.51,1,155,32
699472,"NYC Shipping Container Home, Class B Dwelling Unit",3587751,1462633250078595340,David And Janet,Brooklyn,Williamsburg,40.709278,-73.954689,Entire home/apt,274,1,647,2026-08-04,3.83,2,205,41
4550602,KLO Room #3 With Private Bathroom & Private Deck,23533897,1465274555189186687,Fatou,Brooklyn,Crown Heights,40.675003,-73.951668,Private room,175,1,164,2026-07-25,1.16,6,289,28
4550747,KLO Room #4 With Private Bathroom,23533897,1465274555189186687,Fatou,Brooklyn,Crown Heights,40.675000,-73.951670,Private room,228,1,68,2025-12-29,0.48,6,1,12
4559096,Manhattan/Time Sq.,23635670,1465275926825228796,John,Manhattan,Hell's Kitchen,40.759730,-73.995730,Private room,261,1,484,2026-08-10,3.40,1,269,64
4576206,Charming Brownstone Garden Suite w Outdoor Space,22017065,1463169487530541569,Pamela,Brooklyn,Prospect Heights,40.681020,-73.970280,Entire home/apt,433,2,213,2026-07-20,1.51,1,251,34
4688209,Single Private  RM Near Central Park North,15198359,1462956556669496916,Brigitte,Manhattan,Harlem,40.802360,-73.952190,Private room,169,4,63,2026-07-19,0.45,2,135,19
707396,Artistic Penthouse with Deck + Piano,3636235,1462635751661502443,Ari,Manhattan,East Village,40.725520,-73.980490,Entire home/apt,584,2,142,2026-07-30,0.85,1,141,2
727512,Duplex Loft Suite with Patio,417504,1462517884839893571,The Box House Hotel,Brooklyn,Greenpoint,40.737560,-73.953500,Entire home/apt,346,1,135,2025-09-14,0.84,29,86,2
727547,Duplex Loft Suite with Patio,417504,1462517884839893571,The Box House Hotel,Brooklyn,Greenpoint,40.737560,-73.953500,Entire home/apt,422,1,191,2025-09-15,1.19,29,101,1
748118,Huge Condo w/ Private Guest Wing & Garden Oasis,3921565,1462642668086298533,Eleonora W,Brooklyn,Greenpoint,40.737370,-73.953540,Private room,420,3,127,2026-07-20,0.76,1,176,15
753687,Mitchell Manor (Cozy Vacation Retreat),3964655,1462643759890959421,Nicole,Brooklyn,Bedford-Stuyvesant,40.680230,-73.938560,Private room,202,2,231,2026-07-04,1.42,1,316,20
783202,Charming First Floor Village Apt off Bleecker,4129805,1462533762918512061,Evelyn,Manhattan,West Village,40.732770,-74.002670,Entire home/apt,344,1,451,2026-08-07,2.70,5,33,35
804194,"Clean, Cool ,Cozy Bushwick room",4232762,1462651067836515492,Sigfus,Brooklyn,Williamsburg,40.707251,-73.939920,Private room,160,2,159,2026-08-03,0.96,3,206,39
4756551,Bedroom w/Private Bath,4031913,1462645494451271084,Sheena,Brooklyn,Prospect-Lefferts Gardens,40.657820,-73.960960,Private room,291,2,265,2026-06-19,1.87,1,32,17
4760085,Roomy/sunny/quiet/fun/great locale,24561040,1465306562288261536,Ame,Brooklyn,Park Slope,40.678690,-73.975090,Private room,175,1,424,2026-08-08,3.14,2,112,63
4774041,Cozy Room close to subway R,22565253,1463182942779664738,Yinny,Brooklyn,Bay Ridge,40.635400,-74.024630,Private room,252,2,67,2026-06-29,0.47,1,361,7
848718,The Blue Room by Prospect Park,4375988,1462535214882003376,Keturah,Brooklyn,Prospect-Lefferts Gardens,40.660770,-73.956900,Private room,243,4,119,2026-07-20,0.83,2,128,17
886808,"Safe & Affordable, Convenient to LaGuardia, JFK",4701443,1462663610157759218,Christina,Queens,Flushing,40.750870,-73.809990,Private room,83,1,365,2026-08-05,2.23,1,183,60
4928303,KLO Room #2 With Private Bathroom,23533897,1465274555189186687,Fatou,Brooklyn,Crown Heights,40.675003,-73.951668,Private room,143,1,173,2026-07-15,1.26,6,275,21
4968633,Private Cozy Bright Brooklyn Space,248490,1462510700946445611,Leecia,Brooklyn,Bedford-Stuyvesant,40.682380,-73.937940,Private room,175,3,300,2026-07-31,2.32,2,99,44
1026683,Mi Casa Tu Casa Guesthouse Mexico,5652395,1462686053013959117,Julio,Bronx,Concourse,40.821020,-73.927020,Private room,109,2,97,2026-07-29,0.66,3,39,32
1042806,My Other Little Guestroom,2680820,1462604718352640294,Linda,Queens,Flushing,40.755330,-73.817830,Private room,132,2,464,2026-07-20,2.86,1,139,28
1127770,Private room with Private Bathroom and balcony,5446918,1462681051318879550,Paresh,Brooklyn,Williamsburg,40.716431,-73.949063,Private room,184,5,35,2026-07-12,0.26,3,196,16
5237336,Guest Suite w/ Ensuite Bathroom & Private Entry,189275,1462512160934107547,Erika,Brooklyn,Clinton Hill,40.696570,-73.968840,Private room,128,1,428,2026-08-02,4.57,2,197,106
5298896,Unique NYC Loft - Guest Room,3868692,1462532296117136480,Luke,Manhattan,Financial District,40.704190,-74.011270,Private room,288,1,401,2026-07-27,3.35,2,254,51
5309959,Small Cozy Room,22420999,1463179366237879630,Herman,Queens,Richmond Hill,40.695790,-73.831740,Private room,99,2,127,2026-07-25,0.98,2,13,40
5353612,West village unique townhouse with beautiful rooms,9350960,1462569189908661452,Victoria,Manhattan,West Village,40.734790,-74.007460,Private room,364,1,477,2026-08-09,3.83,1,197,56
5389907,Astoria CozyTownhouse 10 min to Manhattan,3641421,1462635878168352748,Remo Giovanni Martha,Queens,Astoria,40.763200,-73.925150,Private room,368,7,16,2026-07-11,0.17,1,26,2
1251681,Room in Brooklyn. Stay with Maggy,6819812,1462716082688056023,Francis,Brooklyn,Kensington,40.644880,-73.972540,Private room,218,4,28,2026-07-21,0.24,1,83,2
1258651,Chic Brownstone Apt. with Outdoor Patio,6854750,1462547589182443579,Margo,Manhattan,Harlem,40.806580,-73.949320,Private room,402,2,227,2026-07-27,1.78,1,284,42
1294973,Large Private Bedroom in Chic Apartment Share!,7041410,1462559041308180628,Jeffrey,Manhattan,Upper West Side,40.795410,-73.975620,Private room,203,1,274,2026-07-12,1.80,1,22,31
1313711,Less than a minute from the Metro,7120328,1462559408590192154,Kiriko,Brooklyn,Prospect-Lefferts Gardens,40.657150,-73.949250,Private room,312,1,376,2026-07-19,2.36,1,334,29
1354973,"Historical, spacious 2 bedrooms. 2 subway lines",306394,1462515244029298526,Marialuisa,Brooklyn,Bedford-Stuyvesant,40.684230,-73.917470,Private room,325,1,184,2026-07-29,1.30,1,85,19
1411811,"Charming Parlor Apt by Bleecker, Old World Village",4129805,1462533762918512061,Evelyn,Manhattan,West Village,40.731000,-74.003460,Entire home/apt,279,1,366,2026-07-27,2.39,5,22,32
5406041,Mod 3 BR duplex-East Village,27974744,1465413005844504779,Cara,Manhattan,East Village,40.726515,-73.977723,Private room,263,1,408,2026-07-16,3.23,1,176,36
5519207,|Chez Jesse| Vacation Spot - Garden,3191371,1462622195694268154,Jesse,Manhattan,East Harlem,40.807120,-73.938980,Private room,174,2,367,2026-07-30,2.70,3,241,39
5545560,1892 Brownstone on Landmarked Block,28752891,1462645734358292547,Sarah,Manhattan,Upper West Side,40.792080,-73.965650,Private room,413,1,263,2026-08-09,2.61,1,59,55
1511303,Private room near transport and Prospect Park,1354796,1462543568679367766,Alaa,Brooklyn,Prospect-Lefferts Gardens,40.660740,-73.951440,Private room,242,1,189,2026-07-19,1.20,9,361,24
1581579,Astoria: Spacious Suite w/crib -near Subway & Park,7748180,1462562262653240410,Ryan,Queens,Ditmars Steinway,40.778430,-73.914830,Private room,425,1,499,2026-07-27,3.28,2,299,7
1628156,A Tree Grows in Brooklyn,8653725,1462772920353674849,Marlyn,Brooklyn,Canarsie,40.642130,-73.902340,Private room,287,1,270,2026-06-14,1.73,1,283,13
1645181,Lovely Brownstone-- Close to Subway,8708720,1462774338164326841,Nehprii,Brooklyn,Bedford-Stuyvesant,40.682120,-73.930630,Entire home/apt,226,1,260,2026-07-26,1.66,1,276,54
1645667,Truly A Sweet Home away from Home.,8732694,1462774918394218147,Ravanna,Brooklyn,Bedford-Stuyvesant,40.685570,-73.951440,Private room,114,2,406,2026-08-06,2.58,1,245,43
1656621,Classic Brownstone Private Suite,5738733,1462688238224448361,Elizabeth,Brooklyn,Bedford-Stuyvesant,40.691910,-73.939010,Entire home/apt,269,1,506,2026-07-26,3.40,1,85,56
1766846,East Village Private Guest Suite for One Guest,5586949,1462684406477184978,Shala & Gui,Manhattan,East Village,40.730310,-73.984760,Private room,252,2,513,2026-08-02,3.31,1,19,40
5783517,KLO Room #1 With Private Bathroom,23533897,1465274555189186687,Fatou,Brooklyn,Crown Heights,40.675003,-73.951668,Private room,124,1,153,2026-07-23,1.11,6,275,19
5846745,"Spacious room in fun, quiet house",24561040,1465306562288261536,Ame,Brooklyn,Park Slope,40.678380,-73.975780,Private room,180,2,441,2026-08-03,3.21,2,150,56
6000898,Magnificent Townhouse - Upper East Side - NYC,23708009,1465277549179633621,Eric,Manhattan,Upper East Side,40.782870,-73.951690,Entire home/apt,1730,1,188,2026-08-02,1.40,1,253,31
1918693,Lovely Bedroom in Artist's Home,9947332,1462827801670842590,Lorelei,Brooklyn,Clinton Hill,40.685780,-73.960930,Private room,219,3,467,2026-07-27,3.03,1,279,34
1948494,"Spacious, cozy room.",9950152,1462827849247956918,Dawn,Brooklyn,East Flatbush,40.637630,-73.949790,Private room,164,3,386,2026-08-05,2.52,1,325,18
6091850,Cozy room in a charming house in trendy LIC,31614694,1462655675297959456,Silvia,Queens,Long Island City,40.760786,-73.928743,Private room,193,2,357,2026-08-04,2.65,1,232,23
6101104,1 Bedroom Upper East Side Apartment,9107715,1462795096790684534,Michele,Manhattan,Upper East Side,40.773090,-73.951150,Entire home/apt,332,2,76,2026-08-06,0.57,1,262,18
6146783,"Quiet, quaint room in Victorian Town House",14796247,1462947094808985945,Sandra,Brooklyn,Flatbush,40.639920,-73.964240,Private room,73,5,178,2026-07-11,1.41,2,144,27
6237443,Fantastic location : Spacious Room  w/ Bathroom,32305413,1465474480010202967,Laurence,Brooklyn,Prospect Heights,40.674220,-73.967590,Private room,149,1,495,2026-07-27,3.62,1,62,51
6237974,Bed-Stuy Brownstone Stay - Close to NYC!,25689357,1465348674237115716,Peter,Brooklyn,Bedford-Stuyvesant,40.682940,-73.924410,Private room,288,1,247,2026-06-27,1.81,1,352,1
2151479,Beautiful Brownstone,10981050,1462576705855745095,Rhonda,Brooklyn,Bedford-Stuyvesant,40.686100,-73.942860,Entire home/apt,277,2,343,2026-07-27,2.30,1,299,50
6304002,A/C/G Trains - Home Share with Young Professionals,2822805,1462609687725311783,Olivier,Brooklyn,Bedford-Stuyvesant,40.686240,-73.949140,Private room,106,10,37,2025-05-01,0.28,20,270,0
6348972,Cosy & Quiet Room in Harlem,33074274,1465484328095784469,Vigil,Manhattan,Harlem,40.806290,-73.948440,Private room,128,5,145,2026-08-03,1.06,3,320,24
6357128,Private Room in Beautiful Apartment,20156894,1462611997916707120,Peter And Florence,Manhattan,Harlem,40.808030,-73.947960,Private room,235,3,66,2026-07-07,0.53,1,158,4
6364324,A private bedroom in a 3 bedrooms apartment,33106693,1465484807888205550,Elena,Manhattan,Harlem,40.823570,-73.951910,Private room,214,1,79,2026-08-03,0.70,1,73,21
6422511,My Little Guest Apartment,493949425,1470223654354026605,Robert,Queens,Flushing,40.753830,-73.819900,Private room,146,1,405,2026-07-20,2.96,1,110,36
6474699,1 bedroom to share in 3 bedroom apt,33825321,1465494495219188292,Debra,Brooklyn,Crown Heights,40.672480,-73.933300,Private room,263,1,125,2026-07-27,0.94,1,307,27
6505927,"Clean, Charming & Spacious-Bedford Stuyvesant",12798614,1462895914525151796,Jessica,Brooklyn,Bedford-Stuyvesant,40.687680,-73.942000,Entire home/apt,270,3,151,2026-07-21,1.12,1,285,30
2267177,Large Bedroom 15 Min From Manhattan,11576459,1462579118517172845,Stanley,Brooklyn,Sunset Park,40.652350,-74.004170,Private room,179,1,414,2026-07-26,2.74,1,303,44
2284670,"3BR Brooklyn Retreat Near NYC Quiet, Comfortable",11670417,1462870145124268166,Gloria,Brooklyn,Flatlands,40.628166,-73.931263,Entire home/apt,775,1,56,2026-07-30,3.07,3,221,48
2385779,"The center of NYC, Brooklyn!",12186466,1462882051455346146,Edmund,Brooklyn,Bedford-Stuyvesant,40.688270,-73.936480,Private room,196,3,205,2026-07-05,1.36,1,291,24
2451647,"Bright, Modern Room in East Village w City Views",64442,1462508106838746918,Reka,Manhattan,East Village,40.723930,-73.977770,Private room,185,1,484,2026-07-26,3.21,2,232,70
2473861,Royal Harlem Spacious Suite Max 2 guest,8826175,1462787997162199041,Al,Manhattan,Harlem,40.808610,-73.945820,Private room,223,2,318,2026-07-27,2.12,2,283,35
2538248,Large newly renovated studio,9743617,1462822228908630757,Patricia,Manhattan,Harlem,40.815040,-73.941110,Entire home/apt,249,4,223,2026-07-24,1.48,7,320,13
6634590,morningside park brownstone guest suite,10620037,1462845363775835703,Tracy,Manhattan,Harlem,40.810560,-73.953740,Entire home/apt,400,4,36,2026-07-25,0.27,1,310,14
6704737,LOVELY GARDEN UNIT WITH PATIO,9743617,1462822228908630757,Patricia,Manhattan,Harlem,40.814360,-73.941750,Entire home/apt,310,4,101,2026-07-29,2.00,7,262,23
2686412,Clinton Hill BdRm in Artists' Home,13384586,1462909984368662665,Julie,Brooklyn,Clinton Hill,40.683190,-73.962530,Private room,129,5,140,2026-08-08,0.93,1,270,14
2949128,Only LGBTQ&Allies welcome Room in Hells Ktchn Safe,15049157,1462953029331783329,Marjorie,Manhattan,Hell's Kitchen,40.763740,-73.989540,Private room,373,3,263,2026-07-17,1.77,1,16,6
2979714,Cozy Private RM Near Central Park N,15198359,1462956556669496916,Brigitte,Manhattan,Harlem,40.802410,-73.952610,Private room,298,1,189,2026-07-22,1.28,2,295,11
2995000,Garden apartment in amazing Brooklyn spot!,1971142,1462521431833464718,David,Brooklyn,Bedford-Stuyvesant,40.684130,-73.942660,Entire home/apt,470,1,357,2026-08-03,2.39,1,157,25
6746003,New York City With Your Family In Staten Island,1211067,1462539814803884677,Hans,Staten Island,Clifton,40.619830,-74.084950,Private room,94,2,197,2026-08-06,1.48,1,144,26
6764316,2 BR Private Guest Suite in Brooklyn Bridge Loft,362418,1462516620849941270,Julia,Brooklyn,DUMBO,40.704610,-73.987760,Entire home/apt,324,1,462,2026-08-09,3.41,1,83,50
6808818,Lovely Room With Projector and Garden Views.,23582893,1462625835656153990,Laramie,Brooklyn,Bushwick,40.689726,-73.915115,Private room,121,1,325,2026-07-17,2.41,4,67,34
6846956,Guest Bedroom in One-of-a-Kind Loft w/ NYC VIEWS,2558534,1462524933190685121,Nebojsa,Brooklyn,Williamsburg,40.715930,-73.964230,Private room,302,3,201,2026-06-21,1.49,3,73,12
3247291,Comfort and Charm in Harlem Brownstone near Subway,16425715,1462986434801440301,Soon,Manhattan,Harlem,40.813550,-73.943350,Private room,219,3,315,2026-07-26,2.69,1,247,35
6977204,Private Room in Very Convenient Location,687062,1462526166593213387,Sarah,Manhattan,Harlem,40.814150,-73.950670,Private room,169,1,343,2026-07-05,2.86,1,222,36
6992831,Private 3rd-Floor One Bedroom in Ditmas Park,36663321,1465546363544498165,Melbourne,Brooklyn,Flatbush,40.634300,-73.964410,Private room,148,3,390,2026-07-21,2.89,1,138,26
7053502,"Artist Ft Greene Brownstone - Best Block, Legal",36894011,1465549582393885469,Miriam,Brooklyn,Fort Greene,40.689650,-73.974170,Private room,264,2,402,2026-08-05,3.04,1,166,60
7071657,Soho-Style on the UpperEastSide,4909308,1462668192103264462,Francesco,Manhattan,Upper East Side,40.775320,-73.951940,Entire home/apt,337,1,165,2026-07-26,1.50,1,286,26
3465651,“Home Away from Home”: Large room Near Train & Bus,4060346,1462533363824837653,"Lisa, Nancy & John",Staten Island,Huguenot,40.541530,-74.164420,Private room,124,1,283,2026-07-19,1.92,1,350,21
3485449,Modern Private Room in Luxury Brownstone,17264040,1463006037977168977,Night Away,Bronx,Mount Hope,40.852290,-73.907710,Private room,99,1,148,2026-08-03,2.37,2,78,26
3490317,Spacious 3-Bedroom Guest Suite (Unit #2),15697051,1462595058346143218,Tonderai,Brooklyn,Bedford-Stuyvesant,40.683020,-73.930480,Private room,396,2,536,2026-07-24,3.65,1,276,38
3512428,"Sunny room, doorman building, cat lover''s paradise",88460453,1462844504284379860,Gabrielle,Manhattan,Harlem,40.828290,-73.950440,Private room,150,1,291,2026-07-26,2.00,1,36,27
3527764,Tranquility Trip House (near Laguardia Airport),7671813,1462738180471363087,Dishan,Queens,Maspeth,40.737840,-73.897940,Private room,127,1,68,2026-08-07,3.60,1,20,52
3543839,Modern Luxury Room in Historic Brownstone,17264040,1463006037977168977,Night Away,Bronx,Mount Hope,40.850700,-73.908230,Private room,109,1,86,2026-07-11,1.60,2,82,11
3554230,Beautiful sunny bedroom just off Prospect Park,7157099,1462724868169488562,Sigi,Brooklyn,Prospect-Lefferts Gardens,40.655130,-73.960350,Private room,270,1,126,2026-08-03,0.94,1,280,40
7261928,Mint Comfort in Central Brooklyn,37973669,1465568139265296500,Biz,Brooklyn,Brownsville,40.657676,-73.908395,Private room,402,3,92,2026-08-03,1.96,1,155,9
7265079,Park Slope sweet cozy home! Wifi!,912400,1462533118844845378,Nyet,Brooklyn,Park Slope,40.673820,-73.977570,Private room,207,7,237,2026-07-22,1.78,1,324,5
7331070,Home with Yard & Parking – Easy NYC Transit,22373907,1463178258165220577,James,Queens,Bayside,40.766030,-73.771330,Private room,342,1,210,2026-07-30,1.58,1,350,26
7837816,"Bright, Cozy room in Brooklyn",19483885,1462609612057289488,Edgar,Brooklyn,Bedford-Stuyvesant,40.695030,-73.959710,Private room,158,1,697,2026-08-06,5.60,2,184,87
7871818,Private Studio Space + Bedroom,4769886,1462537201538660098,Thomas,Brooklyn,Bushwick,40.696470,-73.918570,Private room,202,3,310,2026-08-03,2.33,1,299,27
7919372,KLO Room #6 With Private Bathroom,23533897,1465274555189186687,Fatou,Brooklyn,Crown Heights,40.675003,-73.951668,Private room,160,1,130,2026-07-26,1.08,6,266,20
7937553,Steps to Subway & Shops • Quiet • Clean • FastWiFi,2787,1462506323032802005,John,Brooklyn,Gravesend,40.606370,-73.974190,Private room,205,1,69,2026-06-28,0.54,3,159,6
8054651,Private Sunlight Room in Brownstone Near Subway,40176101,1462683768369810793,Brady,Brooklyn,Bedford-Stuyvesant,40.688840,-73.930590,Private room,90,1,674,2026-07-26,5.07,8,73,45
8055508,Private Spring Room in Brownstone Near Subway,40176101,1462683768369810793,Brady,Brooklyn,Bedford-Stuyvesant,40.689980,-73.930700,Private room,90,1,669,2026-07-29,5.03,8,62,43
8055582,Private Autumn Room in Brownstone Near Subway,40176101,1462683768369810793,Brady,Brooklyn,Bedford-Stuyvesant,40.690490,-73.930050,Private room,115,1,653,2026-07-17,4.91,8,66,37
8055721,Private Garden View Room in Brownstone Near Subway,40176101,1462683768369810793,Brady,Brooklyn,Bedford-Stuyvesant,40.688790,-73.928590,Private room,113,1,666,2026-07-30,5.01,8,63,56
8055778,Classic Elegance in Brownstone Near Subway,40176101,1462683768369810793,Brady,Brooklyn,Bedford-Stuyvesant,40.688860,-73.928710,Private room,90,1,775,2026-07-26,5.84,8,78,54
7654931,Private Moonlight Room in Brownstone Near Subway,40176101,1462683768369810793,Brady,Brooklyn,Bedford-Stuyvesant,40.690350,-73.928790,Private room,86,1,609,2026-08-02,4.58,8,69,53
8152916,"Bright, Spacious, Classic Apt! Gen. Check-In/Out",2232821,1462589681202448471,Daniel,Manhattan,Washington Heights,40.844030,-73.934240,Private room,184,2,299,2026-08-09,2.26,1,82,34
8173001,"Sunny, serene airport NYC getaway",37740031,1462676195541480420,Wing,Queens,Howard Beach,40.656970,-73.833440,Private room,223,1,530,2026-07-19,4.00,1,74,14
8272327,Quiet Brownstone Parlor Room with Private Bathroom,38465372,1465575423967223345,Nadege & Charles,Brooklyn,Cobble Hill,40.688010,-73.998260,Private room,350,3,154,2026-06-15,1.22,1,28,22
8275676,LOVELY Clean&Safe 2 BR NYC Suburban,43637999,1465647898988413957,Martha,Staten Island,Great Kills,40.544560,-74.147830,Private room,189,1,178,2026-08-07,1.34,1,152,17
8293281,Great Location/Neighborhood - Brooklyn Studio Gem,634004,1462524353010663055,Chris,Brooklyn,Prospect Heights,40.677870,-73.972720,Private room,274,1,285,2026-07-31,2.49,1,280,37
8327773,"Gorgeous Brooklyn Brownstone Flat, Great Location!",6444987,1462706577226965808,Jason,Brooklyn,Bedford-Stuyvesant,40.680880,-73.930030,Entire home/apt,233,3,464,2026-07-27,3.50,1,315,45
7746286,Harlem's Finest apt and garden!,40703442,1462685392665073355,Graham,Manhattan,Harlem,40.807830,-73.943210,Private room,528,2,75,2026-07-18,0.56,1,87,34
7754697,Entire Apartment in a Brooklyn Brownstone,18875522,1463063626234305225,Oakley,Brooklyn,Bedford-Stuyvesant,40.688160,-73.942770,Entire home/apt,397,2,89,2026-08-04,0.67,3,77,34
7760808,Billionaire's Row w/ Free Daily Breakfast and Wine,4403646,1462656580685973300,Paul,Manhattan,Midtown,40.764320,-73.977930,Entire home/apt,689,4,53,2026-07-20,0.43,2,341,7
8704528,Private bedroom & bath in Red Hook Bklyn for solo,45694156,1465681337615283475,Marjorie,Brooklyn,Red Hook,40.676950,-74.014610,Private room,92,3,595,2026-08-09,4.53,1,165,56
8712309,Private bathroom in cozy home,22577148,1463183255436992287,Diana,Brooklyn,Bushwick,40.696110,-73.933560,Private room,213,5,230,2026-07-26,1.75,3,61,20
8763502,Stay here and love Williamsburg!!,45955013,1465686384093781215,Jason,Brooklyn,Williamsburg,40.708120,-73.943820,Private room,202,2,368,2026-07-24,2.82,1,198,34
8426915,Tans Private Cozy Place,44378396,1462696813302196179,Tannise,Queens,Jamaica,40.669850,-73.776590,Entire home/apt,217,1,200,2026-08-09,3.20,1,183,29
8479799,CLASSIC GUEST ROOM - UWS Townhouse,44660079,1465662894185179615,Leslie,Manhattan,Upper West Side,40.778880,-73.987480,Private room,309,2,249,2026-08-03,2.03,1,210,33
8536270,"Walk to UN, Macy''s & Empire State Building",44941648,1465667169542689159,Michael,Manhattan,Murray Hill,40.745720,-73.975310,Private room,302,4,313,2026-07-22,2.37,1,236,29
8873479,Beautiful modern room with private bathroom,27240092,1465402204140910774,Darin,Manhattan,Gramercy,40.735610,-73.981830,Private room,200,1,352,2026-07-30,2.70,1,41,44
9278192,Private Bathroom*BIG 2 Person Room*TV FULL CABLE,48183551,1462709014276986622,Carlos,Queens,Elmhurst,40.745660,-73.883260,Private room,166,4,240,2026-07-31,1.92,5,301,31
9289159,4 bedroom duplex.,43963802,1465653046650435694,Tanya,Manhattan,Harlem,40.823580,-73.944980,Entire home/apt,709,2,116,2026-06-29,0.94,3,322,5
9328578,2 bedrooms.,43963802,1465653046650435694,Tanya,Manhattan,Harlem,40.821520,-73.945680,Entire home/apt,446,2,85,2026-05-06,0.68,3,334,8
9064714,Private bedroom in 1870s brick rowhouse,26379512,1465365500871033939,Sheila,Queens,Long Island City,40.744480,-73.953670,Private room,158,1,78,2026-07-21,0.65,2,10,20
9093219,Serenity Space,47411697,1465715004860358216,Marie,Manhattan,Harlem,40.810890,-73.941680,Private room,149,1,163,2026-08-01,1.26,1,227,14
9118958,Cozy Room  in a Private House,22420999,1463179366237879630,Herman,Queens,Richmond Hill,40.693890,-73.832560,Private room,100,1,95,2026-07-26,0.76,2,18,31
9458704,Large 1BR in Private Floor by Times Square (2nd),49015331,1465745185976264436,Iradj,Manhattan,Hell's Kitchen,40.762170,-73.991530,Private room,411,2,170,2026-07-19,1.37,2,312,16
9729286,Stay in Manhattan Best Location! Flatiron/Gramercy,50206659,1465767493999382056,Mike,Manhattan,Kips Bay,40.740440,-73.981420,Private room,247,1,96,2026-08-09,3.94,1,27,48
9767424,Brooklyn's Finest - #2 - Williamsburg,50364039,1465771444840576169,Catherine,Brooklyn,Williamsburg,40.715660,-73.961950,Private room,222,2,318,2026-07-26,2.46,1,281,42
9788114,The Grand Suite,785524,1462514210306390673,Eric,Bronx,Concourse,40.819650,-73.929110,Private room,131,1,675,2026-07-27,5.24,3,59,68
9544410,Large 1BR in Private Floor by Times Square (3rd),49015331,1465745185976264436,Iradj,Manhattan,Hell's Kitchen,40.761360,-73.992260,Private room,438,2,217,2026-08-06,1.67,2,329,12
9576278,"THE GRAY ROOM - Clean, Comfy & Close to the City",21091779,1462615805068619722,Caroline,Brooklyn,Bedford-Stuyvesant,40.686480,-73.921310,Private room,144,1,216,2026-07-13,1.72,3,333,22
9623722,Large Duplex with private suite,518931,1462520559646258999,Amal,Manhattan,East Harlem,40.802330,-73.945150,Entire home/apt,549,2,261,2026-07-25,2.08,1,249,28
10085478,Deluxe Brooklyn Loft,47554473,1462707021584067412,Henry,Brooklyn,Greenpoint,40.728580,-73.945340,Entire home/apt,538,3,49,2024-06-07,0.38,14,7,0
10086307,Suite with private bathroom,13792543,1462922683427108752,Gregory,Manhattan,Harlem,40.807470,-73.950760,Private room,295,1,240,2026-08-02,1.86,3,319,25
10089727,"St Regis Hotel, NYC Luxury Hotel Rooms by Owners",51772392,1465813042234872612,Mark Aaron,Manhattan,Midtown,40.762520,-73.975520,Private room,896,1,31,2026-06-30,0.30,2,339,9
10155003,"Studio Loft in Greenpoint, Brooklyn",47554473,1462707021584067412,Henry,Brooklyn,Greenpoint,40.729040,-73.944720,Entire home/apt,243,3,66,2024-04-05,0.52,14,222,0
10160215,Steps to Subway & Shops • FastWiFi • Clean • Quiet,2787,1462506323032802005,John,Brooklyn,Gravesend,40.608130,-73.973800,Private room,256,1,45,2026-06-27,0.35,3,162,6
10165064,FAB Garden Guest Suite  W/Garden nr Central Park!,39603281,1462682014565737006,Martin,Manhattan,Upper West Side,40.792860,-73.968230,Private room,445,2,446,2026-08-09,3.46,1,220,29
10165181,Beautiful Unique Greenpoint Loft Suite,47554473,1462707021584067412,Henry,Brooklyn,Greenpoint,40.728410,-73.945050,Entire home/apt,494,3,48,2023-11-27,0.37,14,7,0
9976264,Spacious/Beautiful Private Room,51262617,1465797732172195496,Sandra,Brooklyn,Greenpoint,40.725610,-73.953890,Private room,286,2,228,2026-07-28,1.85,1,314,27
9987988,Sunny room in Brooklyn - 25 min to Manhattan,21654978,1463160590909168681,Alex,Brooklyn,Crown Heights,40.677030,-73.930100,Private room,145,1,130,2026-08-02,4.63,1,318,43
9996642,Brooklyn Retreat for Cat Lovers - with backyard!,50865592,1465784283100229824,Christophe,Brooklyn,Park Slope,40.675450,-73.976670,Private room,184,2,498,2026-07-30,3.90,1,267,60
10034187,Unique Studio Loft in Brooklyn,47554473,1462707021584067412,Henry,Brooklyn,Greenpoint,40.728890,-73.943970,Entire home/apt,268,3,51,2024-03-27,0.39,14,222,0
10035471,Deluxe Loft Suite in Greenpoint,47554473,1462707021584067412,Henry,Brooklyn,Greenpoint,40.728470,-73.943370,Entire home/apt,355,3,70,2024-06-21,0.54,14,222,0
10038170,Brooklyn Deluxe Loft Suite,47554473,1462707021584067412,Henry,Brooklyn,Greenpoint,40.729170,-73.943980,Entire home/apt,526,3,9,2024-12-20,0.08,14,229,0
10038410,Beautiful Loft Suite in Greenpoint,47554473,1462707021584067412,Henry,Brooklyn,Greenpoint,40.729100,-73.944630,Entire home/apt,498,3,55,2023-12-19,0.43,14,229,0
10038693,Studio Loft in Brooklyn,47554473,1462707021584067412,Henry,Brooklyn,Greenpoint,40.727610,-73.945160,Entire home/apt,267,3,41,2024-11-21,0.34,14,222,0
10050536,Studio Loft in Greenpoint,47554473,1462707021584067412,Henry,Brooklyn,Greenpoint,40.728430,-73.945310,Entire home/apt,222,3,45,2022-10-22,0.35,14,222,0
10052587,Beautiful Loft Suite in Brooklyn,47554473,1462707021584067412,Henry,Brooklyn,Greenpoint,40.728920,-73.943630,Entire home/apt,501,3,52,2024-02-04,0.40,14,229,0
10055925,Greenpoint Studio Loft w/ Terrace,47554473,1462707021584067412,Henry,Brooklyn,Greenpoint,40.726890,-73.945350,Entire home/apt,274,3,24,2025-03-13,0.19,14,222,0
10057826,Brooklyn Deluxe Loft Suite,47554473,1462707021584067412,Henry,Brooklyn,Greenpoint,40.728250,-73.943210,Entire home/apt,526,3,12,2022-11-07,0.09,14,229,0
10071156,Private BR in Beautiful Artist's Loft,1146744,1462516228628831492,Deborah,Brooklyn,Greenpoint,40.725100,-73.951740,Private room,240,1,111,2026-08-02,0.87,1,2,30
10073940,Welcome to NYC! Modern Guest Suite-10 Min from JFK,51688993,1465810481574892268,Taran And Najla,Queens,Jamaica,40.688260,-73.803840,Entire home/apt,259,4,236,2026-07-30,1.89,1,331,19
10489240,Listing Is a 2 Bedrooms 2 Bath in a smart new home,16782573,1462994912496575665,Dorina,Queens,Middle Village,40.716810,-73.882270,Private room,261,1,265,2026-08-08,2.07,1,234,32
10527274,"Luxury Space, Near Subway, Perfect for Work/Play!",54283244,1462728416372315377,Kara,Brooklyn,Crown Heights,40.676990,-73.927130,Private room,187,2,325,2026-07-24,2.97,1,270,31
10280345,"Room 2, Victorian Home to Enjoy!",756173,1462528405195632649,Laura,Brooklyn,Flatbush,40.642800,-73.961730,Private room,135,1,373,2026-07-30,2.92,2,110,49
10280549,"Room 1, Victorian Home to Enjoy",756173,1462528405195632649,Laura,Brooklyn,Flatbush,40.643190,-73.961050,Private room,124,2,456,2026-08-05,3.58,2,118,45
10289124,"2 BR Brownstone Retreat, 3rd Fl.",31919780,1465469122235938444,Neil,Brooklyn,Bedford-Stuyvesant,40.686400,-73.940760,Shared room,163,3,272,2026-07-27,2.15,2,30,25
10386341,Brooklyn Bubble Bliss: Hot Tub Paradise w/ 2 Kings,53468381,1465869393776117046,Jeremy,Brooklyn,Bedford-Stuyvesant,40.694930,-73.943140,Private room,200,1,581,2026-08-05,4.51,1,169,55
10413576,Quiet home free ferry to Manhattan,53627900,1465871684287962390,Mahmood,Staten Island,New Brighton,40.643650,-74.091130,Private room,76,1,455,2026-08-02,3.59,1,210,55
11234747,"PRIVATe BATHROOm Sunny, Quiet & Spacious BN",24146326,1465283748910617431,Julien,Queens,Astoria,40.766000,-73.931580,Private room,181,3,81,2026-08-06,0.65,11,142,26
11371773,Private bathroom and garden view,22577148,1463183255436992287,Diana,Brooklyn,Bedford-Stuyvesant,40.695580,-73.934660,Private room,134,5,154,2026-05-01,1.24,3,112,16
11495797,1br Suite - St Regis Residence Club,60535711,1466745603909439220,Bruce,Manhattan,Midtown,40.761540,-73.974500,Private room,1853,2,27,2026-07-19,0.22,2,268,1
10637554,Room with En Suite & Kitchenette,54921733,1462730233271916439,Louise,Brooklyn,Flatbush,40.644142,-73.966576,Private room,199,5,245,2026-07-11,1.92,1,69,16
10709249,Modern Luxury Brooklyn Guest Suite,35761677,1465528468754528002,Sandrine,Brooklyn,Bedford-Stuyvesant,40.682020,-73.915950,Shared room,225,2,386,2026-07-20,3.01,1,23,17
10710179,Cozy East Village-Unique Private Space!,45085848,1465669257569852869,Joel,Manhattan,East Village,40.728090,-73.981710,Private room,276,3,229,2026-07-20,1.81,1,74,22
10886971,Cozy Brooklyn Hosted Stay–Private Room in My Home,8261208,1462753270966085949,Shakima,Brooklyn,Bedford-Stuyvesant,40.684450,-73.948500,Private room,230,1,206,2026-07-26,1.70,1,234,30
11046927,Deluxe Loft Suite with Patio,57257950,1465935885599484274,Franklin,Brooklyn,Greenpoint,40.734200,-73.957140,Entire home/apt,434,3,33,2026-06-21,0.26,3,348,9
11649232,Modern Garden View Room,2483628,1462596339353868324,Nicoletta,Brooklyn,Williamsburg,40.714550,-73.964200,Private room,314,4,154,2026-07-17,1.22,1,27,18
11720001,Share Clean Bright Duplex Apt. in Harlem,62320186,1466768661277993446,Doris,Manhattan,Harlem,40.814590,-73.946610,Private room,314,2,93,2024-10-21,0.74,1,14,0
11496607,Comfy Large Suite in Harlem Brownstone,60542135,1466745658182762025,Nicholas,Manhattan,Harlem,40.804050,-73.945500,Entire home/apt,257,3,258,2026-07-31,2.04,1,249,36
12171671,Individual Cubicle Room in NYC / Mixed Floor,16677326,1462598813783821932,Alex & Zinaida,Manhattan,Chelsea,40.748650,-73.995650,Private room,90,1,1468,2026-08-10,11.68,4,365,639
12344456,"Private room, entrance &bathroom in GREAT location",40040638,1465597429455085019,Karen,Brooklyn,Park Slope,40.675480,-73.981500,Private room,201,1,442,2026-08-09,3.56,1,130,64
11753760,Gorgeous Private Space in Brownstone,62542300,1466771430159590593,Gary,Brooklyn,South Slope,40.668660,-73.986050,Private room,279,2,408,2026-08-07,3.26,1,275,44
11893167,Stunning Modern UES AREA Steps from Central Park!,63426113,1466782999032207744,Ron,Manhattan,East Harlem,40.788860,-73.948050,Entire home/apt,196,7,3,2026-05-16,0.70,1,128,3
11927032,Apartment in Bedford Stuyvesant Brooklyn,12986134,1462900271042609625,Nicole,Brooklyn,Bedford-Stuyvesant,40.682026,-73.915649,Private room,232,1,166,2026-08-10,1.93,1,318,34
12041170,Spacious one bedroom suite. Short walk to Subway,11332307,1462862429311818880,Winston,Queens,Ozone Park,40.685940,-73.855780,Private room,162,3,65,2026-07-20,1.28,1,344,21
12610244,Private Room w/Kitchenette,1171497,1462538805132789329,Yvette,Manhattan,Harlem,40.807630,-73.952020,Private room,160,3,32,2026-06-04,0.46,9,75,6
12965831,Private bedroom in luxury loft,3948855,1462643364384683891,Sab,Brooklyn,Williamsburg,40.712630,-73.947000,Private room,339,1,52,2026-07-19,1.21,1,23,18
13004961,Charming NY Loft Studio Legal Daily Rental,4852748,1462537576652086555,Michelle,Manhattan,Harlem,40.806930,-73.945660,Entire home/apt,316,1,88,2026-07-20,0.89,10,228,13
13004967,Jacuzzi Suite Near Subway & NYC Attractions,4852748,1462537576652086555,Michelle,Manhattan,Harlem,40.805260,-73.946180,Entire home/apt,393,2,72,2026-02-15,0.60,10,314,4
13101855,Charming Studio Suite in Mill Basin (Shared Space),45197707,1465670862853786346,Claudine,Brooklyn,Flatlands,40.613900,-73.923100,Shared room,144,3,244,2026-07-19,1.97,1,321,12
13125552,Beautiful Bushwick Bungalow w/Backyard,20109188,1463099511290315715,Neanna,Brooklyn,Bushwick,40.703860,-73.930250,Private room,348,1,346,2026-07-04,2.78,1,202,27
12701430,Stylish and Comfy apartment in the heart of NYC,46708895,1465699946801022485,Victor,Bronx,Mount Hope,40.847630,-73.905340,Entire home/apt,205,2,144,2026-07-27,1.19,1,45,20
13209522,Spacious Suite w. Private Entrance,74047176,1466912161009466222,Maya,Brooklyn,Bensonhurst,40.619920,-74.001170,Entire home/apt,208,5,115,2026-06-28,0.93,1,332,17
13536155,"1 bedroom w/ Queen bed, 5 minutes from Manhattan",36815239,1465548479400078503,Henry,Queens,Long Island City,40.753530,-73.938860,Private room,125,1,499,2026-08-05,4.04,1,11,37
13606307,Modern Stay in Brooklyn at Rem-Casa,2368191,1462593215944729674,Lexia,Brooklyn,East Flatbush,40.661940,-73.928210,Entire home/apt,421,3,152,2026-06-21,1.24,1,245,4
13640966,Large Guestroom in Hosted Apartment,79141968,1466967820447902770,Conrad,Manhattan,Harlem,40.808910,-73.946970,Private room,195,3,116,2026-07-18,0.96,1,240,17
13317650,"Large 3-Bedrooms/2-Bath Apt, One Block to Train",75294999,1462814949897857575,Carlman,Brooklyn,East New York,40.673430,-73.888810,Private room,424,2,46,2025-04-26,0.80,1,295,0
13355002,Newly Renovated Apt w/Parking Space,75730551,1462816018055896735,Jeffrey,Brooklyn,Canarsie,40.638000,-73.909020,Shared room,243,2,484,2026-07-19,3.91,1,325,26
13398340,Guest Suite in Historic Home with Garden Oasis,5917464,1462692846717125432,Gregory,Brooklyn,Bedford-Stuyvesant,40.687260,-73.942820,Private room,228,2,423,2026-08-09,3.43,1,17,45
13398348,Bedford and Grand Williamsburg Private bedroom,1570170,1462518966886722218,Kristina,Brooklyn,Williamsburg,40.715030,-73.962030,Private room,231,1,160,2026-07-19,1.30,1,129,24
13436258,"Spacious Suite 
1st fl/Gnd lvl 
 Townhome 
2 Guest",5944946,1462543100517672968,Nicole,Bronx,Concourse,40.818960,-73.927820,Private room,200,2,214,2026-06-29,1.75,1,307,7
13474455,Blueberry-Private 1 BR Apt. in BK Brownstone,57186170,1462736549424236191,Deirdre,Brooklyn,Bedford-Stuyvesant,40.684350,-73.945440,Entire home/apt,244,2,287,2026-07-20,2.46,3,283,31
13766130,"Spacious room with  view in Williamsburg, Brooklyn",29600525,1465435616162010015,Andrew,Brooklyn,Williamsburg,40.709636,-73.962240,Private room,312,3,197,2026-07-15,1.61,1,164,17
13788132,"Sunny, cozy room in Brooklyn.",19483885,1462609612057289488,Edgar,Brooklyn,Clinton Hill,40.696020,-73.961820,Private room,169,1,583,2026-08-06,5.17,2,229,80
13813731,Private Room in Charming Bedstuy,81325020,1466989016847688375,Ryan,Brooklyn,Bedford-Stuyvesant,40.678260,-73.926910,Private room,103,3,303,2026-08-04,2.49,2,159,42
13674799,Private suite in Carroll Gardens,30066784,1465442834923082499,Mark,Brooklyn,Carroll Gardens,40.677960,-73.998710,Private room,227,1,629,2026-07-27,5.27,1,65,52
13685807,"Steps to Times Square, West 50''s, Great reviews",20446747,1462613151279000085,Josh,Manhattan,Hell's Kitchen,40.764555,-73.992130,Entire home/apt,307,1,258,2026-08-09,2.12,1,182,36
13730290,Private suite near Central Park & Columbia U.,75857,1462508547322507815,Beatrice,Manhattan,Harlem,40.806510,-73.948090,Private room,279,1,173,2026-07-27,1.45,2,32,30
14177028,Gorgeous Room Private Bath Private Best Location,29219991,1465430581763325810,Douglas,Brooklyn,Williamsburg,40.716880,-73.964790,Private room,210,4,216,2026-08-01,1.78,1,117,30
14281526,Sofie's place,86209218,1467037725798557309,Sophia,Queens,Queens Village,40.709830,-73.739040,Private room,277,2,283,2026-07-19,2.38,1,365,9
14318774,New York City Masterpiece,37718300,1462676126083223368,Martha,Queens,Forest Hills,40.734428,-73.855394,Entire home/apt,248,1,323,2026-07-27,2.67,1,268,48
13877683,"Perfect + Cozy Garden Room Suite, 2 blox to subway",57994,1462507909081603480,Martin,Brooklyn,Bedford-Stuyvesant,40.681020,-73.910960,Private room,285,1,371,2026-07-05,3.03,1,269,37
13902725,There's a reason this room has a 5-star rating.,6034354,1462543534305696615,Leigh,Manhattan,Hell's Kitchen,40.757570,-73.989620,Private room,339,3,166,2026-07-25,1.37,1,245,29
13938420,Brooklyn At Its Best!,25718914,1462634623866748347,Ainslie,Brooklyn,Prospect-Lefferts Gardens,40.660730,-73.955450,Private room,220,2,324,2026-08-09,2.65,2,188,42
13997552,Modern 2-bedroom apartment near subway and parks,108982711,1462893013048674116,Negra,Queens,Astoria,40.756220,-73.913890,Entire home/apt,163,7,369,2026-07-20,3.03,3,148,27
13998223,The People's Brownstone,61292168,1466754404728243585,Eduardo,Manhattan,Harlem,40.814250,-73.946570,Private room,644,1,220,2026-08-03,1.81,1,201,38
14030375,Vanilla Tea - Private 1 Bedroom Apt. in Brownstone,57186170,1462736549424236191,Deirdre,Brooklyn,Bedford-Stuyvesant,40.682690,-73.944190,Entire home/apt,215,2,265,2026-07-25,2.18,3,281,28
14055238,Spacious Park Block Gem!,84303682,1467018677633118379,Brian,Brooklyn,Park Slope,40.671780,-73.974580,Private room,342,2,487,2026-08-09,3.99,1,160,50
14661553,Bright and clean room in a quaint neighborhood,515095,1462520449156367083,Mei,Brooklyn,Carroll Gardens,40.679790,-73.999270,Private room,349,1,247,2026-08-02,2.06,2,325,30
14406923,"Location near Kissena Blvd. & Holly Ave., Flushing",71663192,1466886036009877714,Maverick,Queens,Flushing,40.749450,-73.820100,Private room,238,1,63,2025-11-01,0.52,1,283,2
14421383,Beautiful Private Sunny Room with Backyard,27001949,1465398050367088212,Zach,Brooklyn,Bushwick,40.696410,-73.919170,Private room,117,3,165,2026-07-19,1.36,1,141,18
14429976,Comfy private room in Williamsburg,78164397,1466957571818215041,Michael,Brooklyn,Williamsburg,40.712160,-73.963050,Private room,169,2,265,2026-07-20,2.24,1,8,17
14470437,Private Guest Suite  - your Urban Oasis!,29997245,1462650036684336809,Jenny,Brooklyn,Crown Heights,40.674780,-73.927190,Entire home/apt,233,3,141,2026-06-13,1.16,1,61,6
14471418,Studio - St Regis Residence Club,60535711,1466745603909439220,Bruce,Manhattan,Midtown,40.760490,-73.975740,Entire home/apt,1091,2,6,2019-06-16,0.06,2,355,0
14557504,KLO Room #5 With Private Bathroom,23533897,1465274555189186687,Fatou,Brooklyn,Crown Heights,40.675003,-73.951668,Private room,201,1,114,2026-07-19,0.96,6,276,16
15095589,"Comfortable Room in Lovely Home, quick ride to NYC",63913582,1466788751569198310,Karen,Brooklyn,Sunset Park,40.655610,-74.000770,Private room,155,3,71,2026-08-02,0.59,1,288,11
15115382,Guestroom in Landmark Bklyn Brownstone,24155326,1465283898165587271,Mark Winston,Brooklyn,Crown Heights,40.677640,-73.948030,Private room,160,1,680,2026-08-08,5.67,1,59,83
15141938,Private room & bath in a perfect Chelsea loft,79289737,1462824156931603120,Yochi,Manhattan,Chelsea,40.744500,-73.993970,Private room,400,1,533,2026-07-28,4.44,1,237,48
15250033,Guestroom Suite - Private Bathroom - Own Entrance,96978953,1462863738827019723,Christine,Brooklyn,Prospect-Lefferts Gardens,40.658410,-73.959420,Private room,307,1,255,2026-08-01,2.18,1,257,56
15266254,The Manhattan Club in the heart of midtown!!!!,62563056,1466771707789927375,Tara,Manhattan,Midtown,40.765710,-73.980090,Entire home/apt,738,3,3,2026-01-02,0.06,2,364,1
14710763,"Home Base, Back Yard!",91522394,1467106115047457475,Angelika,Brooklyn,Bedford-Stuyvesant,40.696500,-73.945500,Private room,200,1,390,2026-08-04,3.23,1,197,51
14855614,Luxury New York City Westside Suite,92067070,1462852626639183290,Rhondella,Manhattan,Midtown,40.765560,-73.981820,Entire home/apt,1245,1,9,2024-10-16,0.07,1,364,0
14918238,Sunny Small Room,93743081,1462856377453040438,Sharon,Brooklyn,Bedford-Stuyvesant,40.684520,-73.953780,Private room,80,1,716,2026-08-10,5.93,1,205,106
15038469,Cozy Park Slope Room (2 min walk to subway),62587696,1462750947333392142,Andrew,Brooklyn,Gowanus,40.670330,-73.989200,Private room,155,1,497,2026-07-26,4.16,2,97,58
15083823,Entire Lower part of artists rustic duplex 2rooms,7018895,1462721434420733948,Risha,Brooklyn,Red Hook,40.677630,-74.012000,Private room,187,1,280,2026-07-28,2.33,1,188,27
15312128,"Netflix & Chill, in a Brownstone Downtown 2/BR 2/B",97538710,1467175073439390515,Malik,Brooklyn,Fort Greene,40.690150,-73.976980,Entire home/apt,517,2,253,2026-08-04,2.11,1,203,15
15381675,Designer's Private Room in Art-Filled Bushwick,98341498,1462866735591043134,Gabriel,Brooklyn,Bushwick,40.685744,-73.913105,Private room,300,1,222,2026-06-15,1.89,1,115,38
15485880,Private Large Room,99434002,1467195289941803357,Leo,Manhattan,East Village,40.725810,-73.977880,Private room,220,1,279,2026-07-27,2.34,1,243,32
15517104,Rooms in a lovely Brooklyn Townhouse,1486872,1462547132164501235,Kelly,Brooklyn,Gowanus,40.668640,-73.991880,Private room,308,1,164,2026-07-29,1.38,2,18,12
15522627,Cozy Quiet Upgraded Prvt Rm in House in Brooklyn!,90771408,1467098037236665436,Elba,Brooklyn,Gowanus,40.667270,-73.991730,Private room,161,3,109,2026-07-27,0.91,1,292,17
15581948,Comfortable Private Room in Historic Park Slope,66602200,1466822874896186107,Marie Line,Brooklyn,Park Slope,40.675510,-73.975420,Private room,202,1,408,2026-07-17,3.42,1,203,38
15733438,Master BR/Suite (Private Bathroom & Entrance),2908180,1462526972281325925,Simone,Manhattan,East Harlem,40.790300,-73.941070,Private room,134,1,210,2026-07-25,1.82,3,64,34
15772447,Big Sunny Private Room in Huge DUMBO Loft,90025899,1467089891383435668,Harold,Brooklyn,DUMBO,40.703550,-73.984920,Private room,257,2,536,2026-08-06,4.52,1,20,54
15774003,Super Host Beautiful Apartment in Brooklyn,97657342,1467176438468476293,William,Brooklyn,Sheepshead Bay,40.604170,-73.956510,Private room,238,3,272,2026-07-27,2.31,1,168,16
15785088,"Spacious Shared Clinton Hill Apt Brooklyn, NY",102103075,1467225365753764849,Edna,Brooklyn,Clinton Hill,40.680890,-73.962900,Private room,236,1,553,2026-08-03,4.65,1,265,51
15819665,Entire Suite (2 Bedrooms) - 20 min to Manhattan,30593595,1462652118457770890,Dorion,Brooklyn,Bushwick,40.683520,-73.907480,Private room,170,4,303,2026-07-31,2.56,1,71,34
15857259,5 Star Luxury 2 BR Suite Heart of Manhattan,26556695,1465368661909946206,Justin And Alyssa,Manhattan,Midtown,40.761830,-73.973410,Private room,3098,1,18,2026-07-21,0.19,6,359,7
15857334,5 Star Luxury Suite Heart of Manhattan,26556695,1465368661909946206,Justin And Alyssa,Manhattan,Midtown,40.762390,-73.974980,Private room,1836,1,42,2026-07-20,0.36,6,359,6
15858847,"Classic Brownstone, a Private Studio Apartment",9892520,1462826310873907491,Marlyn,Manhattan,Harlem,40.808160,-73.954870,Entire home/apt,267,1,405,2026-07-27,3.49,6,227,47
16004776,Bright Garden Room with Kitchenette,7051379,1462722207573266065,Susan,Brooklyn,Downtown Brooklyn,40.696930,-73.984370,Private room,227,4,320,2026-08-07,2.76,1,37,26
16201959,Legal Short Stays · Brownstone + Private Yard,67523,1462508228325498878,⁨K. V.⁩,Brooklyn,Bedford-Stuyvesant,40.688710,-73.937700,Entire home/apt,456,2,259,2026-08-02,2.52,1,75,30
16480273,Sunny Music Lovers Private Bedroom in Shared Home,108188109,1462891061197084865,Thomas,Brooklyn,Bedford-Stuyvesant,40.689550,-73.935830,Private room,187,3,168,2026-06-21,1.46,1,105,18
16488787,One Bedroom In Sunset Park Brooklyn,108272855,1467311922090410994,Violeta,Brooklyn,Sunset Park,40.642650,-74.002610,Private room,226,2,307,2026-07-12,2.62,1,236,22
16506016,"Legal Space in 4fl Townhouse, 2bds, 1bath",12145783,1462881109598476753,Enid,Manhattan,East Harlem,40.802550,-73.943000,Shared room,419,4,128,2026-08-07,1.28,1,286,26
16534157,Tranquil Room In A Quiet Neighborhood,48899796,1465742906126953900,Beth,Brooklyn,Midwood,40.622020,-73.953750,Private room,126,1,203,2026-07-20,1.74,2,104,34
16620235,Something Special in Brooklyn,172113555,1468670991045134830,Linda,Brooklyn,Bedford-Stuyvesant,40.684902,-73.942345,Entire home/apt,337,5,302,2026-08-05,2.59,2,282,29
16721040,Ft Greene Brownstone 4BR Triplex,3915722,1462642536681483191,Bettina,Brooklyn,Fort Greene,40.685880,-73.969640,Private room,856,4,5,2024-08-21,0.06,1,62,0
16766855,Manhattan - 15/20 mins to Midtown!,111298791,1467345419788841634,Nidia,Manhattan,Washington Heights,40.851310,-73.934350,Private room,155,2,62,2026-06-23,0.54,1,5,5
16812429,Master Suite w/Jacuzzi @ Northern Lights Mansion,1261480,1462516923826309072,Doungrat,Manhattan,Harlem,40.807167,-73.950645,Private room,473,1,33,2024-07-17,0.30,7,365,0
17603059,Luxury Condo in the Heart of Manhattan!(High Rise),5925984,1462543009249435196,Kyle,Manhattan,Midtown,40.746500,-73.985290,Private room,317,3,197,2026-07-26,1.75,1,80,24
17652158,Cozy bedroom in williamsburg,38593087,1465577171550583510,Russell,Brooklyn,Williamsburg,40.708840,-73.965430,Private room,139,1,323,2026-07-24,2.83,3,95,46
17669480,Sunny Brownstone Studio in BedStuy Brooklyn,112814443,1467361361887818536,Jamal,Brooklyn,Bedford-Stuyvesant,40.684240,-73.945970,Entire home/apt,275,1,502,2026-07-14,4.38,2,228,42
16954330,The Cozy Cole room at The Harlem Flophouse,3236595,1462528806299805728,René,Manhattan,Harlem,40.807990,-73.950060,Private room,250,1,147,2026-07-31,1.27,4,267,10
16965094,Private Bathroom*2 Persons*Relax,48183551,1462709014276986622,Carlos,Queens,Elmhurst,40.745540,-73.882800,Private room,137,4,236,2026-08-03,2.06,5,305,28
17097495,The Chester Himes Room at The Harlem Flophouse,3236595,1462528806299805728,René,Manhattan,Harlem,40.809000,-73.951660,Hotel room,250,1,137,2026-08-03,1.19,4,258,28
17117631,The Corky Hale Room at The Harlem Flophouse,3236595,1462528806299805728,René,Manhattan,Harlem,40.809300,-73.952040,Private room,250,1,66,2026-08-06,0.58,4,278,7
17157615,"East Village, Private room with access to garden",115395049,1468185791669146921,Alfred,Manhattan,East Village,40.724700,-73.987560,Private room,190,1,361,2026-07-30,3.12,1,246,68
17263550,Thelonious Monk room at The Harlem Flophouse,3236595,1462528806299805728,René,Manhattan,Harlem,40.808880,-73.949870,Private room,239,1,102,2025-12-26,0.88,4,192,4
17265284,Heart of Brooklyn - free parking,116396065,1468193555206048094,Amelia,Brooklyn,Sheepshead Bay,40.600950,-73.950550,Entire home/apt,435,3,296,2026-07-29,2.58,1,259,36
17382091,Cozy 1BR with Large Patio in Convenient Location,103450258,1467242070442127753,Asaf,Queens,Briarwood,40.714800,-73.817890,Private room,205,4,15,2021-11-22,0.14,3,343,0
17416959,A Group Stay10 ppl w.3-4 BRs  max guests 32,1261480,1462516923826309072,Doungrat,Manhattan,Harlem,40.806160,-73.951110,Private room,2336,2,0,,,7,177,0
17419342,The Kimono Suite,1261480,1462516923826309072,Doungrat,Manhattan,Harlem,40.807209,-73.950620,Private room,380,1,31,2025-12-26,0.27,7,359,2
17433572,Royal Suite at Northern Lights Mansion,1261480,1462516923826309072,Doungrat,Manhattan,Harlem,40.807170,-73.950650,Private room,486,1,22,2024-10-20,0.20,7,364,0
17434184,Emerald Suite @ Northern Lights Mansion.,1261480,1462516923826309072,Doungrat,Manhattan,Harlem,40.807170,-73.950650,Private room,471,1,45,2024-07-18,0.40,7,365,0
17731891,Comfortable space in Bensonhurst,120725189,1468227831494196191,Ramis,Brooklyn,Bath Beach,40.605250,-74.015500,Entire home/apt,253,2,116,2026-08-01,1.02,1,314,14
17938337,10 Minutes away from JFK (King size bed),96841679,1462863426907740652,Kathleen,Brooklyn,Canarsie,40.637673,-73.884655,Private room,163,2,179,2026-08-04,1.59,1,310,26
17940029,Little Piece of Heaven,61875246,1462749032135175425,Carolyn,Queens,Whitestone,40.782350,-73.821430,Private room,158,1,225,2026-07-20,2.21,2,259,34
18455830,Charming 2 bedroom apartment in Brooklyn,60160069,1462744574798608874,Maxim,Brooklyn,Bushwick,40.691140,-73.911410,Private room,362,3,196,2026-07-20,1.75,1,345,24
18009149,Lunita Loft: Sun-filled loft in industrial Gowanus,32643095,1465478742679330269,Manuela,Brooklyn,Gowanus,40.668750,-73.993820,Private room,372,1,142,2026-08-01,3.13,1,198,24
18022636,Beautiful 1 Bedroom in Prime Greenpoint,208565,1462512685709020055,Maria,Brooklyn,Greenpoint,40.732060,-73.957740,Shared room,330,1,460,2026-07-27,4.06,2,97,52
18024561,Amazing Columbus Circle/Central Park 3 Bedroom,47536613,1465717230977207883,Emily,Manhattan,Upper West Side,40.768460,-73.982540,Entire home/apt,705,2,364,2026-07-26,3.23,1,206,32
18226108,Hosted stay: Williamsburg townhouse unit,57641560,1466691088487787344,Christopher,Brooklyn,Williamsburg,40.716310,-73.955610,Private room,248,5,162,2026-07-17,1.48,2,15,16
18226214,Hudson River Oasis Suite,52021251,1465821130821391959,Gulden,Manhattan,Harlem,40.822470,-73.953970,Private room,201,2,67,2026-07-27,0.61,2,338,25
18251681,"Top-floor, wood-frame farmhouse, 2BR/bath.",22769654,1463187970378085850,Jeffrey,Brooklyn,Clinton Hill,40.693480,-73.967820,Entire home/apt,349,1,373,2026-08-05,3.32,1,166,52
18286926,Joy's Luxury Apartment with Free Parking Space,126451493,1468272887364034011,Joy,Brooklyn,Canarsie,40.632870,-73.908050,Private room,269,1,68,2026-01-02,0.61,1,241,1
18308486,Private Entire Floor w/ Bathroom Bushwick/Bedstuy,31794841,1465467151770217135,Nicole,Brooklyn,Bedford-Stuyvesant,40.694120,-73.933850,Private room,221,3,71,2026-07-12,0.63,1,85,14
18499074,Cozy spacious rooms with natural sunlight,127714840,1468283607276213498,Guy,Brooklyn,Bedford-Stuyvesant,40.679560,-73.934860,Private room,110,14,60,2026-07-27,0.61,1,263,7
18543045,Room in Bright and Spacious East Village Apartment,7130003,1462559450861837000,Ranita,Manhattan,East Village,40.723260,-73.985310,Private room,257,2,48,2025-12-29,0.43,2,35,3
18550867,Luxury Rooms In Pelham Gardens,128785279,1468292492399629761,Dusean,Bronx,Pelham Gardens,40.858160,-73.834680,Entire home/apt,398,2,212,2026-08-02,1.89,1,145,33
18565752,WELCOME TO BROOKLYN PARK SIDE VIEW STUDIO APT,52403444,1465847906359504219,R.J,Brooklyn,Bedford-Stuyvesant,40.690240,-73.946710,Entire home/apt,260,1,594,2026-07-27,5.27,3,24,37
18657204,Guest Suite in Townhouse with Garden Oasis,4025151,1462645327280233306,Omar,Brooklyn,Bedford-Stuyvesant,40.686780,-73.929090,Entire home/apt,257,2,150,2026-07-30,3.91,1,313,41
18662619,Spacious Windsor Terrace Townhouse - Prospect Park,13524368,1462586722993132680,Richard,Brooklyn,Windsor Terrace,40.658757,-73.976609,Entire home/apt,775,1,207,2026-08-09,1.86,1,350,57
18671835,Large Private Room W/ Big Window near LGA Airport,129743937,1462938921591295681,Win,Queens,East Elmhurst,40.758090,-73.868060,Private room,120,1,602,2026-07-18,6.01,2,98,83
18753645,Beautiful Brooklyn space in Prospect Heights!,130473272,1468307301110124058,Carla,Brooklyn,Prospect Heights,40.681270,-73.970070,Private room,394,3,327,2026-06-29,2.94,1,32,26
19246114,Modern Apt Near Park | Chef Kitchen + Steam Shower,16262749,1462597226429020429,Abby,Brooklyn,Greenpoint,40.720670,-73.942470,Private room,534,1,215,2026-07-21,1.99,1,160,24
19278895,Experience Brooklyn brownstone living.,423117,1462518021826145153,Jen,Brooklyn,Bedford-Stuyvesant,40.682930,-73.923260,Private room,261,2,82,2026-06-26,0.74,1,359,24
19329404,Guest suite in Carroll Gardens Townhouse,1580521,1462562238103198444,Sylvia,Brooklyn,Carroll Gardens,40.678130,-73.998870,Private room,356,1,215,2026-08-09,1.98,1,91,19
18806323,"Seaside Nest, Rockaway Beach, NY",130897041,1468310890242706342,Bobby,Queens,Arverne,40.589590,-73.800780,Private room,242,2,206,2026-08-05,1.85,1,305,33
18838040,Garden Floor of Landmarked House,4965683,1462669573738038104,Michael,Brooklyn,Greenpoint,40.729040,-73.954690,Private room,456,1,64,2026-06-21,0.59,1,29,13
19057060,Brooklyn Room near subway/ private entrance,20985215,1462615356500566443,Shannoya,Brooklyn,Flatlands,40.627120,-73.943990,Private room,144,2,53,2026-07-05,1.38,2,362,16
19162180,Quiet Guest Suite in Victorian Brooklyn!,133995881,1468337523057162455,Joy,Brooklyn,Flatbush,40.634490,-73.956360,Entire home/apt,408,1,185,2026-07-14,1.69,1,39,28
19554564,15% discount; couple's retreat; modern; spacious,612563,1462523561641136144,Scott,Brooklyn,Bushwick,40.682400,-73.907560,Private room,284,2,470,2026-08-05,4.26,1,299,17
19596021,Cozy Suite in Jackson Heights | 3 nights - 10%,137772585,1468368885122226726,George,Queens,Jackson Heights,40.753990,-73.883780,Private room,309,2,146,2026-07-29,1.38,1,264,14
19661733,Pelham Parkway room at Stella's place,15617507,1462594766770213490,Stella,Bronx,Morris Park,40.852340,-73.860920,Private room,82,1,191,2026-08-03,1.73,7,214,35
19710742,Room w/ Private Bath in Central Williamsburg!,2361069,1462593037680350636,Philip,Brooklyn,Williamsburg,40.716440,-73.961940,Private room,241,1,337,2026-07-26,3.10,1,180,36
19747278,LargePrivate guest suite /huge backyard,106125,1462509712671167009,Alexa,Queens,Rockaway Beach,40.591350,-73.811480,Entire home/apt,252,3,93,2026-08-02,0.85,1,344,12
19801466,Luxury Home away from home in NYC!,87612379,1467052970998470898,Marta,Queens,Middle Village,40.722770,-73.868370,Private room,701,1,184,2026-06-07,1.69,1,346,21
19867930,Cozy City Island Hideaway with Water Views,20433973,1463107545101146325,Julia,Bronx,City Island,40.837930,-73.783280,Private room,177,1,100,2026-08-08,1.10,1,336,25
20014072,Private room by Stella,15617507,1462594766770213490,Stella,Bronx,Morris Park,40.850900,-73.860540,Private room,116,1,209,2026-07-25,1.97,7,231,40
20242938,Belo Quarto,166634,1462511495865546972,Lou Josy,Brooklyn,Brownsville,40.661430,-73.913200,Private room,76,2,274,2026-07-24,2.50,3,5,41
20786225,1 Bedroom for rent in -Gorgeous 3bd  Harlem Apt.,106555852,1462886881327342692,Zaza Max,Manhattan,East Harlem,40.794210,-73.932420,Private room,132,2,129,2026-07-13,1.19,1,79,16
20801864,"Affordable Private Room NYC, Safe, Quiet & Clean",77750223,1466953050980592760,Celania,Bronx,Clason Point,40.815190,-73.866070,Private room,94,2,63,2026-08-03,0.58,2,143,27
20812587,"Brooklyn At Its Best, Too!",25718914,1462634623866748347,Ainslie,Brooklyn,Prospect-Lefferts Gardens,40.660600,-73.955490,Private room,193,2,83,2026-08-07,0.76,2,204,17
19888622,Registered  NYC apt in Crown Heights  BK,140470401,1468389845334619326,Peter,Brooklyn,Crown Heights,40.676150,-73.933600,Private room,270,1,233,2026-07-20,2.12,2,306,31
20326252,1 Bedroom  in St. Albans Home w/Pac-man,135373362,1462951773606966572,Lavonne,Queens,St. Albans,40.707910,-73.758670,Private room,128,1,437,2026-08-10,4.02,1,166,47
20480983,Spacious Top Floor Open Loft Suite,785524,1462514210306390673,Eric,Bronx,Concourse,40.821220,-73.928590,Private room,126,1,516,2026-07-27,4.79,3,61,52
20570327,1 Bedroom Presidential - Wyndham Midtown 45,145801588,1462974305115845446,Aaron,Manhattan,Midtown,40.752060,-73.971750,Private room,1053,3,0,,,1,358,0
20581903,Astounding room,166634,1462511495865546972,Lou Josy,Brooklyn,Brownsville,40.661434,-73.913200,Private room,77,2,272,2026-07-13,2.53,3,9,43
20583769,Romantic Getaway Room with Private Backyard,166634,1462511495865546972,Lou Josy,Brooklyn,Brownsville,40.661434,-73.913200,Private room,97,2,214,2026-07-27,2.40,3,9,35
20651581,Sunset Park Suite,101533618,1467218106409188029,James,Brooklyn,Sunset Park,40.650784,-74.007255,Private room,253,2,240,2026-08-03,2.39,1,17,33
20960203,Fort Greene -  townhouse suite,150761245,1468482118308148553,Anthony,Brooklyn,Fort Greene,40.695128,-73.971020,Private room,384,3,207,2026-07-30,1.92,1,189,36
20999025,"✰Spacious, bright & modern room in Prime Bushwick!",1137079,1462537961386784538,Rahul,Brooklyn,Bushwick,40.699400,-73.929470,Private room,151,1,299,2026-08-01,2.84,1,241,37
21027809,Sunny guest suite in Prospect Lefferts Gardens,9138141,1462568236620653812,Lory,Brooklyn,Prospect-Lefferts Gardens,40.659150,-73.953740,Private room,198,2,393,2026-07-31,4.10,1,7,52
21366948,"Best of the west! Sunny,quiet&huge! Ideal location",154714898,1462994607152120103,Gil,Manhattan,Upper West Side,40.785427,-73.972225,Private room,519,7,129,2026-07-31,1.21,1,192,6
21398486,Enjoy 1 Floor of My Duplex in heart of Park Slope!,4058709,1462533350060002966,Elise,Brooklyn,Bedford-Stuyvesant,40.679180,-73.944570,Shared room,230,7,10,2020-01-02,0.09,2,113,0
21405904,Private Bedroom in a beautiful House (OWE'S Room),77750223,1466953050980592760,Celania,Bronx,Clason Point,40.817010,-73.861590,Private room,86,1,59,2026-06-27,0.61,2,190,20
21076625,Room With A View in Harlem,33074274,1465484328095784469,Vigil,Manhattan,Harlem,40.805700,-73.950260,Private room,120,5,98,2026-07-19,0.91,3,269,6
21110709,Trendy Astoria Apartment - 8 min to N/W Subway,59959974,1466728235969179957,Russell,Queens,Astoria,40.774000,-73.924750,Private room,440,4,130,2026-05-04,1.24,1,88,6
21230082,ALL new modern apartment of 2 bedroom NYC style!❤️,153419495,1462991622464993596,Yue,Manhattan,Upper East Side,40.761780,-73.965730,Entire home/apt,573,1,523,2026-08-03,4.93,1,76,61
21245112,CHIC and COZY- 1st stop out of Manhattan!,8896831,1462789744256311698,Jessica,Queens,Long Island City,40.747520,-73.949520,Private room,222,1,94,2026-08-02,0.94,1,40,10
21522562,Cheapest room in NYC,156410691,1462998293673492699,Aneil,Queens,Jackson Heights,40.755100,-73.886760,Private room,56,1,18,2025-10-23,0.70,1,14,4
21549554,2 Person Quiet Room*5 Trains Close,48183551,1462709014276986622,Carlos,Queens,Elmhurst,40.743720,-73.881850,Private room,102,1,208,2026-08-02,1.96,5,333,32
21581457,"Large sunny bdrm, 1/2 bath, near Prospect Park",1406432,1462544943330122239,Mary,Brooklyn,Prospect Heights,40.673620,-73.964500,Private room,217,3,114,2026-07-27,1.07,1,31,18
21589780,Beautiful Brooklyn 2 bedroom space,114811999,1462905966271547345,Cee,Brooklyn,Bedford-Stuyvesant,40.689250,-73.951590,Private room,265,2,119,2026-07-24,1.17,1,105,26
21621926,Cozy Private Room 10 Min to LGA | 15 to NYC,157295347,1463000463324616267,Ana,Queens,Woodside,40.744160,-73.903510,Private room,180,3,155,2026-06-26,1.46,2,303,31
21643550,2 Person Tranquility Room*TV FULL CABLE,48183551,1462709014276986622,Carlos,Queens,Elmhurst,40.743740,-73.883210,Private room,102,4,214,2026-08-07,2.02,5,327,31
21647932,NYC Private Room,157295347,1463000463324616267,Ana,Queens,Woodside,40.744600,-73.903880,Private room,107,1,138,2026-07-21,1.30,2,321,21
21709727,Stylish Townhouse with patio and backyard,271527,1462510863545254733,Richard,Manhattan,Harlem,40.810090,-73.940100,Entire home/apt,409,27,28,2025-08-05,0.27,2,153,0
21755710,Your comfy legally registered abode in Brooklyn,15811194,1462971253650499743,Gerry,Brooklyn,Brownsville,40.672938,-73.910805,Private room,149,3,154,2026-06-20,1.47,2,321,21
21783251,Two bedrooms and bath in downtown loft.,109393191,1529320759714620027,Sandra,Manhattan,NoHo,40.728240,-73.991210,Private room,326,2,408,2026-08-07,3.87,1,215,43
21786958,Slice of Heaven @ 811,105130665,1467263707190296761,Sharon,Brooklyn,Crown Heights,40.670770,-73.940600,Private room,388,2,148,2026-06-24,1.41,1,258,16
21804600,The garden apartment,158781381,1463004114264238517,Samuel Stephens,Brooklyn,East New York,40.661510,-73.890330,Private room,139,1,184,2026-06-24,1.75,3,266,36
21838230,Studio-like Beautiful Private Room!,22059980,1463170558163334984,Chrys,Queens,Ditmars Steinway,40.781530,-73.907740,Private room,162,2,170,2026-08-07,2.92,1,130,41
21850834,Modern Touch!,159369488,1463005570186280989,Tara D,Queens,Arverne,40.597326,-73.799580,Entire home/apt,732,2,32,2026-07-27,0.32,2,256,3
21862155,Kingsize bedroom in Harlem brownstone,8637211,1462772517703611309,Steven,Manhattan,Harlem,40.817610,-73.946880,Private room,182,1,496,2026-07-28,4.68,2,82,47
22050355,Home Sweet Home in Astoria,125011763,1462928191946616570,Peter,Queens,Astoria,40.763170,-73.907210,Private room,169,3,336,2026-08-08,3.20,1,41,37
22109870,Sunshine Dream: Deluxe Double Room in a House -NYC,3179968,1462621922036001577,Tony,Queens,Sunnyside,40.736920,-73.926030,Private room,118,1,185,2026-08-03,1.76,1,185,49
22224639,Private & Modern Queens Stay! JFK & Easy Parking,30167099,1465444147801909855,Karina,Queens,Hollis,40.709970,-73.757830,Private room,188,1,190,2026-07-21,4.45,1,52,30
22567430,Oasis in East Flatbush,165853174,1468609248328023227,Jackee,Brooklyn,East Flatbush,40.642630,-73.938240,Private room,130,7,167,2026-06-27,1.62,1,348,10
22321716,Private room attached private bathroom,163189326,1468588050925792228,Meera,Queens,Jackson Heights,40.752360,-73.894460,Private room,177,1,283,2026-07-20,2.72,1,271,38
22431770,Freehand New York - Premium Queen Room,164291123,1463028238146865211,Freehand,Manhattan,Flatiron District,40.740300,-73.985990,Hotel room,351,1,1072,2026-06-12,10.39,6,357,13
22452278,Serene in Brooklyn,3695529,1462637264872153138,Jennifer,Brooklyn,Carroll Gardens,40.683730,-73.994940,Entire home/apt,355,2,488,2026-06-22,4.68,2,105,54
22463977,Amazing Master Bedroom in Historic Brooklyn,21959207,1463168054373903667,Christopher,Brooklyn,Prospect Heights,40.677010,-73.971180,Private room,174,1,774,2026-07-30,7.40,1,20,75
22777339,Sunny Private Room & Bath in LGBTQ+ Home,28475796,1465420237957910913,Jay,Bronx,Kingsbridge,40.877788,-73.900884,Private room,163,1,3,2026-07-19,2.00,1,346,3
22785118,Bed Stuy Gem: Something Special for you!,126501524,1468273263089963791,Jaran,Brooklyn,Bedford-Stuyvesant,40.684950,-73.941310,Entire home/apt,331,5,231,2026-07-18,2.22,1,303,21
22851242,Large Bedroom with breakfast near Central Park,17719708,1463027408195529131,Roman,Manhattan,East Harlem,40.800590,-73.945200,Private room,211,4,118,2026-07-21,1.18,1,192,16
23026309,Quiet Large Private Bedroom - 15 min to LGA!,16928139,1462599783542225015,Mehdi,Queens,Sunnyside,40.742700,-73.922290,Private room,250,1,72,2020-01-05,0.70,1,173,0
23040115,*Eclectic ~ Enclave,22246427,1463175154800834306,Sharon,Brooklyn,Bedford-Stuyvesant,40.687280,-73.952410,Entire home/apt,231,2,309,2026-08-02,2.99,2,241,52
23727037,Urban Delight: Brooklyn Retreat,127345864,1468280466293786229,Charlene,Brooklyn,East Flatbush,40.642360,-73.930870,Private room,216,1,251,2026-08-02,2.56,1,72,37
23756498,Hosted by Jude within listing unit 1F,74033494,1466912038807506246,Jude,Brooklyn,Flatbush,40.641830,-73.951790,Private room,230,3,122,2026-07-20,1.26,2,86,9
23792656,G&G Brooklyn Palace,176001804,1463064783558236940,Damian,Brooklyn,Prospect-Lefferts Gardens,40.659870,-73.950280,Private room,249,2,347,2026-08-09,3.42,1,292,38
22515792,Private Bedroom and Bathroom Suite in Brownstone,40176101,1462683768369810793,Brady,Brooklyn,Bedford-Stuyvesant,40.690070,-73.928630,Private room,145,1,315,2026-08-03,3.02,8,17,42
23130144,Private bedroom in Manhattan Upper East Side,11696537,1462579577553409873,Allison,Manhattan,Upper East Side,40.779780,-73.949680,Private room,173,1,446,2026-08-09,4.77,1,48,124
23275777,Cozy Private Master Suite - 30 Min to Manhattan,113905011,1468175405915964519,Rachel,Queens,Rego Park,40.731380,-73.866440,Private room,272,2,243,2026-07-20,2.35,1,242,27
23322737,Luxurious Private Bed& Bath In NYC/ Great Value.,169589888,1468640018195152622,James,Manhattan,Washington Heights,40.835760,-73.944240,Private room,220,4,171,2026-07-20,1.67,1,298,17
23413509,Bedroom in apartment in Brooklyn/Bed-Stuy,152877297,1468498889708030598,Hp,Brooklyn,Bedford-Stuyvesant,40.681440,-73.909770,Private room,142,2,213,2026-07-27,2.08,2,110,23
23438247,Plantastic Brooklyn Oasis,174838471,1468695952122381941,Renato,Brooklyn,Williamsburg,40.705100,-73.940550,Private room,131,1,563,2026-07-21,5.48,1,227,76
24017521,Great Location Private Room in Manhattan!,117675375,1462912221081136388,Kyoko,Manhattan,East Harlem,40.800570,-73.939340,Private room,129,1,174,2026-08-07,1.74,2,14,53
24137869,Deluxe  Garden w.Jacuzzi,1261480,1462516923826309072,Doungrat,Manhattan,Harlem,40.807210,-73.950620,Private room,480,1,3,2026-02-15,0.11,7,334,2
24893756,Elegant Room Close to LGA & JFK with Free Parking,16308032,1462983589555818081,Christian,Queens,East Elmhurst,40.759090,-73.878390,Private room,153,1,331,2026-07-13,3.29,1,199,46
24920771,Sweet Home 2A,188362851,1463092838363292095,Ray,Queens,Flushing,40.759440,-73.813660,Private room,151,1,156,2026-07-30,3.07,3,314,31
24973698,"Colorful, quiet room near LaGuardia/NYC",2424887,1462524121217255664,Briyah,Queens,Ditmars Steinway,40.767360,-73.893030,Private room,148,2,162,2026-08-02,1.65,1,167,16
24983084,Historic West Village 3BD Townhouse | Patio & Deck,5719667,1462687740473511254,Noaman,Manhattan,West Village,40.737570,-74.002950,Entire home/apt,2550,3,72,2026-08-01,0.73,1,328,11
24996332,Master Bedroom with Full Bath & Manhattan View,129743937,1462938921591295681,Win,Queens,East Elmhurst,40.758000,-73.869910,Private room,138,1,679,2026-07-27,6.77,2,71,69
23631288,Lower East Side Oasis  (private room),173406651,1468682551411576218,Daniel,Manhattan,Lower East Side,40.720290,-73.983540,Private room,157,3,312,2026-07-20,3.10,2,114,51
24181763,"Private Room in Bklyn, 1 min to J, Legal Reg NYC",182260692,1468758661600289179,Leesha,Brooklyn,Cypress Hills,40.683260,-73.878020,Private room,125,2,404,2026-08-03,4.00,1,282,63
24473230,Spacious & Stylish Stay near Prospect Pk + Parking,184853043,1468955527144250998,Shannon,Brooklyn,Kensington,40.645780,-73.970780,Private room,704,1,139,2026-08-03,1.43,2,182,37
24515198,Sunny bedroom in a designer apartment,185189643,1463085346578992681,Swann,Queens,Sunnyside,40.745240,-73.920050,Private room,129,5,274,2026-07-22,2.72,1,40,28
24540842,High End Hilton Studio near Central Park,6524762,1462546008213579057,Armstrong,Manhattan,Midtown,40.765270,-73.977440,Entire home/apt,514,1,36,2025-08-27,0.36,4,262,1
24626621,STUDIO.STYLE.BEDROOM+PRIVATE.BATHROOM+TOP.LOCATION,186100463,1468962759671646246,Mateo,Brooklyn,Crown Heights,40.674830,-73.954630,Private room,220,2,306,2026-08-03,3.04,1,293,45
24655390,The Pink Flamingo,121328011,1468232625547247736,Julia,Queens,Richmond Hill,40.681900,-73.821630,Entire home/apt,253,1,17,2026-07-19,1.49,1,306,17
24699045,Gem of NYC/Astoria 5 min LGA/walk to subway,109327526,1467323543061911048,Tristan,Queens,Astoria,40.763540,-73.908780,Entire home/apt,258,3,130,2026-08-03,2.78,2,308,32
25033659,Brooklyn Hidden Oasis.,64542737,1466798081592034593,Ana,Brooklyn,East New York,40.672140,-73.876300,Private room,218,5,86,2026-07-22,0.86,1,314,15
26013177,"Avenue L,  your Home away from Home.",195520304,1463109623980705441,Wayne,Brooklyn,Canarsie,40.640679,-73.892712,Entire home/apt,209,1,421,2026-07-28,4.26,1,330,52
26026904,Charming Room Sunset Park Industry City  Brooklyn,195517789,1463109617282077698,Patricia,Brooklyn,Sunset Park,40.651500,-74.005350,Private room,186,2,265,2026-07-23,2.72,2,201,42
26038825,Beautiful Historic Harlem Townhouse,195693063,1463110024449433585,Billy,Manhattan,Harlem,40.821260,-73.948750,Private room,286,1,242,2026-08-03,2.47,1,301,34
26040453,Elegant Room in Private Home,195691349,1463110020434802186,Verona 21 LLC,Brooklyn,Bedford-Stuyvesant,40.679870,-73.948620,Private room,142,2,373,2026-08-07,3.79,1,20,25
26149494,10 minutes from JFK Airport Rockaway Beach Heaven,196557649,1469024810461312020,Erica,Queens,Edgemere,40.596250,-73.768820,Private room,399,2,57,2026-06-22,0.60,1,315,8
26157426,Luxurious Deluxe King Room St. Regis Manhattan,26556695,1465368661909946206,Justin And Alyssa,Manhattan,Midtown,40.760430,-73.974030,Private room,1376,1,14,2021-12-19,0.14,6,365,0
26249544,Private insuite bathroom in sunny room,22577148,1463183255436992287,Diana,Brooklyn,Bedford-Stuyvesant,40.695700,-73.934880,Private room,213,1,178,2026-07-01,1.81,3,43,25
25781535,Great private room in NYC 20 min to Manhattan,58234433,1462739465269641623,Jose,Queens,Sunnyside,40.734920,-73.919910,Private room,187,1,135,2026-07-06,1.36,6,308,12
25784618,Sunny Apartment on Saint Mary’s Park,3353295,1462626559343451781,Zackery,Bronx,Mott Haven,40.810040,-73.911770,Entire home/apt,281,1,81,2026-08-01,1.41,1,15,38
25842433,1 Person Business Room * Cozy and Nice,48183551,1462709014276986622,Carlos,Queens,Elmhurst,40.743630,-73.881700,Private room,114,4,200,2026-08-09,2.02,5,329,24
26476892,Bedroom & Private Bathroom in Brooklyn!,199118646,1469037640520158893,Tami,Brooklyn,Borough Park,40.647330,-73.995083,Private room,162,2,250,2026-08-02,2.59,1,17,34
27312914,Private room w/ private bath. In mid Flushing,205745676,1469073148041408732,Liqin,Queens,Flushing,40.759510,-73.821390,Private room,160,1,362,2026-08-10,3.70,6,314,39
27314650,Gorgeous room. private-bath. In room Mid Flushing.,205745676,1469073148041408732,Liqin,Queens,Flushing,40.757700,-73.819250,Private room,167,1,377,2026-08-02,3.86,6,316,53
25963570,I LOVE BROOKLYN  Newly Renovated Studio APT.,52403444,1465847906359504219,R.J,Brooklyn,Bedford-Stuyvesant,40.689660,-73.946240,Entire home/apt,202,1,482,2026-07-27,4.85,3,40,46
25997748,Studio Deluxe,57257950,1465935885599484274,Franklin,Brooklyn,Greenpoint,40.732620,-73.959050,Entire home/apt,316,3,58,2026-07-27,0.90,3,325,20
25997937,Deluxe Loft Suite,57257950,1465935885599484274,Franklin,Brooklyn,Greenpoint,40.732160,-73.958810,Entire home/apt,521,3,14,2024-09-29,0.14,3,360,0
26741585,Super Convenient Park Slope Room (subway - 2 min.),62587696,1462750947333392142,Andrew,Brooklyn,Gowanus,40.669780,-73.990450,Private room,162,1,461,2026-07-31,4.78,2,90,62
26743923,Freehand New York - Private Bunk Room,164291123,1463028238146865211,Freehand,Manhattan,Flatiron District,40.740300,-73.985990,Private room,414,1,527,2026-03-01,5.40,6,354,9
26747248,Red Hook private suite in a home,3830753,1462640467914940235,Roberto,Brooklyn,Red Hook,40.676170,-74.011910,Private room,224,2,144,2026-07-20,1.47,2,228,23
26803556,Sunny Guest Suite Victorian Townhome.,801975,1462529860884082384,Elizabeth,Brooklyn,Crown Heights,40.677710,-73.946120,Private room,253,7,111,2026-06-07,1.15,3,302,11
26837834,"Huge Rm W. Extension Pvt Bathroom,Entrance and Flr",6105036,1462543958629869814,George,Manhattan,Harlem,40.805210,-73.950260,Private room,1006,2,45,2022-06-25,0.46,1,326,0
26925980,Cozy Williamsburg room,38593087,1465577171550583510,Russell,Brooklyn,Williamsburg,40.708330,-73.965820,Private room,113,1,300,2026-08-03,3.06,3,20,50
26953332,AKA Times Square - One bedroom suite: Full Kitchen,176950781,1468713843233332236,AKA Times Square,Manhattan,Theater District,40.757780,-73.983780,Entire home/apt,513,29,0,,,17,331,0
26953399,"AKA Times Square - One bedroom Suite: W/D, Kitchen",176950781,1468713843233332236,AKA Times Square,Manhattan,Midtown,40.755950,-73.983260,Entire home/apt,605,7,60,2026-07-08,1.06,17,331,9
26953727,AKA Times Square - Studio with Office,176950781,1468713843233332236,AKA Times Square,Manhattan,Theater District,40.755700,-73.983750,Entire home/apt,428,7,126,2026-07-02,1.32,17,361,38
26953759,AKA Times Square - Spacious Penthouse Hotel Room,176950781,1468713843233332236,AKA Times Square,Manhattan,Theater District,40.757760,-73.983520,Private room,295,7,3,2021-07-28,0.05,17,361,0
26954028,AKA Times Square - Two Bedroom Signature Suite W/D,176950781,1468713843233332236,AKA Times Square,Manhattan,Theater District,40.757190,-73.985110,Entire home/apt,640,29,1,2021-09-20,0.02,17,331,0
26954041,AKA Times Square - Two Bedroom Signature Suite,176950781,1468713843233332236,AKA Times Square,Manhattan,Theater District,40.757450,-73.983090,Entire home/apt,826,7,106,2025-11-29,1.60,17,331,3
26991656,"Designer Penthouse,",176950173,1468713839790557670,AKA Central Park,Manhattan,Midtown,40.764690,-73.976650,Entire home/apt,730,7,3,2026-01-02,0.08,28,334,2
26991670,"Designer Penthouse, Walkable to Best of 5th Ave",176950173,1468713839790557670,AKA Central Park,Manhattan,Midtown,40.765320,-73.976160,Entire home/apt,704,29,0,,,28,334,0
26991729,"Large Lux Apt, Full Kitchen, 24/7 Onsite Team",176950173,1468713839790557670,AKA Central Park,Manhattan,Midtown,40.763260,-73.976480,Entire home/apt,540,29,0,,,28,362,0
27015594,Spacious Studio w/Wetbar,176950173,1468713839790557670,AKA Central Park,Manhattan,Midtown,40.764800,-73.976700,Entire home/apt,405,7,14,2025-11-10,0.21,28,362,1
27015617,"Studio w/Kitchenette, steps away from Central Park",176950173,1468713839790557670,AKA Central Park,Manhattan,Midtown,40.763210,-73.976760,Entire home/apt,346,29,0,,,28,362,0
27395171,Large room w/ private bath.  Mid Flushing,205745676,1469073148041408732,Liqin,Queens,Flushing,40.759300,-73.819900,Private room,174,1,271,2026-08-02,2.78,6,321,24
27529655,Sweet room/Private attached bath central Flushing.,205745676,1469073148041408732,Liqin,Queens,Flushing,40.757920,-73.819300,Private room,176,1,249,2026-08-08,2.55,6,325,38
28188131,Welcoming place in Upper East Side,28840396,1462646054732963194,Ruben,Manhattan,East Harlem,40.798410,-73.934630,Private room,132,3,176,2026-07-20,1.83,1,73,34
28200288,K-Town Next to Times Sq12 /Dyson Airwrap Available,211549023,1463186405393932209,JGSTAY - Koreatown,Manhattan,Midtown,40.747070,-73.987850,Entire home/apt,291,1,151,2026-07-10,1.59,13,72,21
28250448,Saoco Studio,14214034,1462933180930140039,Desmar,Bronx,Concourse,40.819580,-73.927410,Private room,167,1,107,2026-07-22,1.13,1,287,12
27019732,Spacious Apartment with Queen Bed in Park Slope,11614416,1462579272541537661,Artemie,Brooklyn,Sunset Park,40.663090,-73.992958,Private room,448,1,167,2026-06-28,2.72,1,64,20
27088254,Chez Jesse Vacation Spot - Loft,3191371,1462622195694268154,Jesse,Manhattan,East Harlem,40.808250,-73.937080,Private room,186,2,274,2026-07-26,2.86,3,236,34
27611047,Dingy’s Retreat,119533332,1468218317923578923,Liza,Brooklyn,Flatbush,40.645375,-73.954248,Entire home/apt,267,2,29,2026-08-02,1.07,1,161,20
27612876,Spotless. Private bath. in room. Center Flushing.,205745676,1469073148041408732,Liqin,Queens,Flushing,40.759220,-73.819580,Private room,160,1,246,2026-08-08,2.53,6,330,32
27637065,Airy Private Penthouse in a Brooklyn Brownstone :,13462855,1462586468993184105,Travis,Brooklyn,Bedford-Stuyvesant,40.679920,-73.937890,Entire home/apt,371,1,305,2026-07-09,3.16,3,345,35
27658203,Sunny Room in Sunset Park Industry City Brooklyn,195517789,1463109617282077698,Patricia,Brooklyn,Sunset Park,40.652400,-74.003870,Private room,186,2,277,2026-07-24,2.87,2,203,31
27731269,Bed-Stuy Life-Something Special with a Garden view,172113555,1468670991045134830,Linda,Brooklyn,Bedford-Stuyvesant,40.685790,-73.941510,Entire home/apt,319,5,223,2026-07-25,2.30,2,221,21
27781833,"Queens Apt (bedroom w balcony), close to subway",134170699,1468339013050957669,Rafael,Queens,Elmhurst,40.737630,-73.879270,Private room,140,3,116,2026-08-01,1.19,2,107,23
27967621,"Private Room Near Ferry, RUMC, SIUH, Wagner",13974626,1462927535203703116,Carrie,Staten Island,Randall Manor,40.636070,-74.096310,Private room,158,2,289,2026-08-07,3.18,1,302,39
28329004,Luxury Cozy Retreat,213907821,1463191840870502253,Donna,Queens,Rosedale,40.662860,-73.729400,Private room,188,3,35,2025-10-13,0.62,1,365,5
28334760,Boerum Hill Queen BR in a Classic NYC Brownstone,6770631,1462547195851816411,Allen,Brooklyn,Boerum Hill,40.686388,-73.985789,Private room,267,2,286,2026-08-06,2.97,3,127,39
28368678,Boerum Hill Twin BR in a Classic NYC Brownstone,6770631,1462547195851816411,Allen,Brooklyn,Boerum Hill,40.686388,-73.985789,Private room,214,2,286,2026-07-25,2.96,3,155,38
28369552,Boerum Hill  2 BR Suite in Classic NYC Brownstone,6770631,1462547195851816411,Allen,Brooklyn,Boerum Hill,40.686240,-73.985860,Private room,439,2,47,2026-07-08,0.50,3,120,4
28389715,"Private Room, Private Bath, 7 mins to Manhattan",203564743,1469062259221565912,Angel,Queens,Long Island City,40.754970,-73.934950,Private room,220,4,230,2026-07-23,2.40,1,235,36
28389782,High-End Studio Central Park,6524762,1462546008213579057,Armstrong,Manhattan,Midtown,40.765490,-73.978290,Entire home/apt,520,1,2,2024-05-15,0.05,4,270,0
28392603,Brooklyn Townhouse with Historic Character,73445711,1466905803065893297,Terrence,Brooklyn,Bedford-Stuyvesant,40.681608,-73.937052,Entire home/apt,260,5,77,2020-03-17,0.81,1,229,0
28438216,3L · 3L · 3L · 2BED Close UN Location full Kitchen,214347105,1463192836814185389,Beekman,Manhattan,Midtown,40.753400,-73.966170,Entire home/apt,1232,1,19,2024-04-14,0.20,3,313,0
28438751,NYC suite w/ private bathroom - 9 min Times Square,10164435,1462572952168021601,Sonamla,Queens,Astoria,40.757080,-73.925990,Private room,147,1,434,2026-07-26,4.55,2,88,65
28497028,Medical Professional Housing I,9130040,1462795647315742292,Candace,Brooklyn,East Flatbush,40.661410,-73.934300,Private room,318,1,34,2024-12-08,0.39,6,365,0
29148293,East Village Guest Suite,11021180,1462855126689348505,Sheila,Manhattan,East Village,40.729270,-73.985840,Private room,304,1,184,2026-07-22,1.93,1,56,43
28011594,Large Bedroom Steps from Subway (2nd Flr Room),29582232,1465435358045525862,Lee,Brooklyn,Flatbush,40.641239,-73.965073,Private room,158,2,385,2026-07-20,3.97,8,192,50
28084157,Couple room/private bath. In the room Mid-Flushing,205745676,1469073148041408732,Liqin,Queens,Flushing,40.759090,-73.821410,Private room,163,1,324,2026-08-09,3.36,6,338,38
28667823,Private Room in Authentic Luxury Loft,4440548,1462657540538473801,Thomas,Brooklyn,Williamsburg,40.717150,-73.946660,Private room,172,3,132,2026-07-27,1.38,3,136,33
28785361,4D · 4D · 4D · Large 2BED UN Location Full Kitchen,214347105,1463192836814185389,Beekman,Manhattan,Midtown,40.753400,-73.966170,Entire home/apt,1151,1,41,2026-01-02,0.43,3,312,2
28834703,Beautiful Brownstone Guest Suite.,217432173,1469142751850178906,Jarret,Brooklyn,Bedford-Stuyvesant,40.681690,-73.943420,Private room,232,1,640,2026-08-09,6.69,1,297,79
28867577,A Sanctuary In Manhattan.,216734225,1469138159017441321,Erica,Manhattan,Harlem,40.812960,-73.948040,Private room,201,4,206,2026-07-18,2.16,1,50,26
28896148,Joseph & Julia #2 Guest Room Near JFK Airport,217621677,1463200478155526354,Joseph,Queens,Jamaica,40.687079,-73.775480,Private room,143,4,65,2026-07-03,0.68,4,64,4
28897932,Joseph & Julia #3 Guest Room Near JFK Airport,217621677,1463200478155526354,Joseph,Queens,Jamaica,40.687079,-73.775480,Private room,157,4,103,2026-02-15,1.08,4,64,8
28911775,Joseph & Julia #1 Master Bedroom With Private Bath,217621677,1463200478155526354,Joseph,Queens,Jamaica,40.687079,-73.775480,Private room,155,3,78,2026-07-05,0.82,4,66,8
28952972,"Luxury Penthouse Suite at the Manhattan Club, NYC",91757655,1467108609149851015,Edward,Manhattan,Midtown,40.764190,-73.980480,Private room,800,1,11,2026-06-25,0.13,1,285,2
29184626,Modern Bright Private Entry 3min to TRAIN near JFK,89680730,1462847233607623909,Terry,Brooklyn,Brownsville,40.662130,-73.918270,Private room,177,2,223,2026-07-26,2.52,2,342,20
29509877,K-Town Next to Times Sq11 /Dyson Airwrap Available,211549023,1463186405393932209,JGSTAY - Koreatown,Manhattan,Midtown,40.747210,-73.987950,Entire home/apt,257,1,207,2026-07-26,2.25,13,62,41
29514309,Gorgeous Apartment in Brooklyn Brownstone,222081034,1469175099449620921,Vida,Brooklyn,Bedford-Stuyvesant,40.685180,-73.932520,Entire home/apt,344,3,66,2026-08-01,2.37,2,216,27
29575293,The Cabin — Private Queen Bedroom in Jungly Apt.,41704832,1462688408813538739,Benjamin,Brooklyn,Bushwick,40.697636,-73.912498,Private room,186,1,393,2026-07-17,4.30,1,74,44
29592296,K-Town Next to Times Sq15 /Dyson Airwrap Available,211549023,1463186405393932209,JGSTAY - Koreatown,Manhattan,Midtown,40.748060,-73.987450,Entire home/apt,270,1,277,2026-07-23,2.99,13,77,28
29684573,Sean Cozy Room In Brooklyn On A Dead End Block,31039254,1465456823727837505,Sean,Brooklyn,East Flatbush,40.649040,-73.935170,Private room,182,1,214,2026-07-27,2.43,1,348,26
29831517,Large private bedroom w/bathroom in private house.,224384517,1469190920049766829,Rene,Brooklyn,Canarsie,40.644380,-73.890960,Private room,101,2,508,2026-08-04,5.44,1,139,60
29906282,"Cozy Shared Apt, Close to airport and Manhattan",67480949,1466833840885101017,Dawa,Queens,East Elmhurst,40.756690,-73.888980,Private room,164,2,253,2026-07-25,2.70,1,298,22
30082832,Cozy 2 bedroom with deck in Clinton Hill Brooklyn,226048286,1469202014560332719,Denise,Brooklyn,Clinton Hill,40.695084,-73.966034,Private room,324,1,254,2026-07-23,2.76,1,241,40
30089412,2 bedroom shared apartment with outdoor,156481014,1462998458427360149,Nyesha,Brooklyn,Clinton Hill,40.683770,-73.960930,Private room,373,2,216,2026-07-26,2.31,1,311,33
30096719,Private Room + Bathroom in Fort Greene,188896,1462512153739899994,Ellen,Brooklyn,Clinton Hill,40.688370,-73.968160,Private room,272,1,414,2026-07-25,4.40,1,265,49
29943061,Sunlit Private 1BR Suite w/Kitchen/Bath @A/C Lines,81325020,1466989016847688375,Ryan,Brooklyn,Bedford-Stuyvesant,40.677440,-73.923310,Private room,213,3,204,2026-07-23,2.17,2,160,36
30034070,K-Town Next to Times Sq 9 /Dyson Airwrap Available,211549023,1463186405393932209,JGSTAY - Koreatown,Manhattan,Midtown,40.746190,-73.987100,Entire home/apt,271,1,119,2026-07-25,1.30,13,100,20
30398938,K-Town Next to Times Sq 6 /Dyson Airwrap Available,211549023,1463186405393932209,JGSTAY - Koreatown,Manhattan,Midtown,40.747800,-73.988650,Entire home/apt,270,1,206,2026-07-26,2.23,13,89,29
30423106,Lou's Palace & Retreat Unit1A-Near JFK,228415932,1469216808227608852,Louann,Queens,Rosedale,40.656020,-73.742460,Private room,144,1,653,2026-08-02,7.41,2,178,60
30932236,"Large Apt -2 Showers w/Parking, 25 min to Midtown",29854797,1465440045453392584,Dj Spynfo,Bronx,Claremont Village,40.839720,-73.910550,Entire home/apt,245,2,189,2026-07-21,2.04,1,313,36
30950513,5 Star Manhattan Luxury St. Regis Hotel King Suite,26556695,1465368661909946206,Justin And Alyssa,Manhattan,Midtown,40.760340,-73.975170,Private room,1836,1,15,2025-09-03,0.16,6,365,1
31001555,5th Ave Luxury St. Regis NYC King Room Manhattan,26556695,1465368661909946206,Justin And Alyssa,Manhattan,Midtown,40.762170,-73.973490,Private room,1376,1,6,2024-09-25,0.07,6,365,0
31019621,Luxury on 5th Ave St. Regis 2 King BR Suite 5 Star,26556695,1465368661909946206,Justin And Alyssa,Manhattan,Midtown,40.762120,-73.973770,Private room,3098,1,34,2026-07-24,0.42,6,343,10
31059670,SUNNY Duplex w/Private Backyard+Office,232017729,1463240046586310191,Zeta,Brooklyn,Bushwick,40.695290,-73.931890,Entire home/apt,388,2,220,2026-08-09,2.37,1,164,41
30378982,Modern Luxury Brooklyn Zen with Garden Space,3042136,1462527708187674508,Jennifer,Brooklyn,Carroll Gardens,40.683680,-73.990000,Private room,417,1,204,2026-07-22,2.20,1,273,39
30527994,Cozy bedroom 15 min away from all NYC airports,25149936,1465336987482428106,Chantell,Queens,Queens Village,40.726692,-73.752762,Private room,115,1,126,2026-07-24,2.69,1,353,42
30627356,2 bedrooms with your own bathroom in lovely home,10312167,1462837218056295562,Razia,Manhattan,Harlem,40.802670,-73.949090,Private room,300,2,97,2026-07-30,2.84,4,334,25
30662063,Margaret's Place | Steps from Prospect Park,225122879,1469195925709014216,Margaret,Brooklyn,Park Slope,40.671080,-73.972220,Private room,276,4,282,2026-08-04,3.02,1,224,39
31301754,Comfy & legally registered Room in Brooklyn,15811194,1462971253650499743,Gerry,Brooklyn,Brownsville,40.672927,-73.910812,Private room,140,3,126,2026-08-08,1.52,2,310,32
31313105,A Spacious & Blissful Stay in Queens,7797973,1462741492624148967,Sonya,Queens,Springfield Gardens,40.662110,-73.756780,Entire home/apt,391,1,264,2026-08-05,2.91,1,345,50
31317744,Seretse's   Inn will be shared with the owner.,234423593,1463246548050243470,Donna October,Bronx,Melrose,40.824500,-73.915010,Private room,214,5,87,2026-05-16,0.95,1,365,6
31333074,Miltons place,14855509,1462591882388271617,Milton,Manhattan,Harlem,40.814190,-73.948470,Entire home/apt,186,5,233,2026-08-06,2.55,4,87,32
31382465,"Private Room near Bushwick &  L Train, Queens",59808986,1462743637016335467,Elen,Queens,Ridgewood,40.699190,-73.903410,Private room,252,1,349,2026-08-02,3.79,1,78,51
31466176,White Space Studio,14855509,1462591882388271617,Milton,Manhattan,Harlem,40.813250,-73.948410,Entire home/apt,164,5,246,2026-08-06,2.71,4,109,38
31474431,Quiet and peaceful room w/ Private Bath,235302401,1469252708271343918,Kin,Brooklyn,Sunset Park,40.645270,-74.013210,Private room,149,1,157,2026-07-16,1.72,2,244,26
31474638,Spacious Queen bed w/ En-Suite Bath,235302401,1469252708271343918,Kin,Brooklyn,Sunset Park,40.643100,-74.013390,Private room,150,1,139,2026-06-29,1.57,2,304,38
31513692,Small Private Bedroom-Great Location in Manhattan,117675375,1462912221081136388,Kyoko,Bronx,Port Morris,40.809360,-73.931050,Private room,118,1,122,2026-08-02,1.34,2,34,38
30767659,K-Town Next to Times Sq 4 /Dyson Airwrap Available,211549023,1463186405393932209,JGSTAY - Koreatown,Manhattan,Midtown,40.747950,-73.988670,Entire home/apt,460,1,215,2026-07-27,2.33,13,59,33
31856192,Suite Piece of Heaven Private Bath & Parking at,61875246,1462749032135175425,Carolyn,Queens,Whitestone,40.785040,-73.824180,Entire home/apt,213,1,158,2026-08-02,1.77,2,318,34
31961126,Private BR/BA/Kitch/LR nr Beach/Train/JFK/Hospital,209374833,1463160387094134522,Candia,Queens,Edgemere,40.596620,-73.769610,Private room,191,1,239,2026-08-06,2.72,2,135,36
32102590,K-Town Next to Times Sq10 /Dyson Airwrap Available,211549023,1463186405393932209,JGSTAY - Koreatown,Manhattan,Midtown,40.747720,-73.986820,Entire home/apt,297,1,197,2026-07-25,2.19,13,75,27
32171100,Cozy Room in uptown Manhattan,241366980,1463275396376164460,Josefina,Manhattan,Washington Heights,40.836610,-73.942820,Private room,155,5,210,2026-07-23,2.32,1,307,21
31622448,Home Studio Apartment New York Legal Daily Rental,4852748,1462537576652086555,Michelle,Manhattan,Harlem,40.804910,-73.947370,Entire home/apt,261,2,81,2026-02-16,0.92,10,201,5
31667621,Manhattan Family studio near Empire State building,204811322,1469068513275857451,⁨Manhattan House Studio.⁩,Manhattan,Midtown,40.746910,-73.986830,Entire home/apt,303,1,305,2026-07-17,3.46,3,189,50
31715312,Manhattan Brick Studio • 3 Beds,204811322,1469068513275857451,⁨Manhattan House Studio.⁩,Manhattan,Midtown,40.747440,-73.987020,Entire home/apt,280,1,321,2026-08-01,3.67,3,247,40
32499495,"Family Friendly Brownstone, Magical Manhattan View",67274316,1466831265609672419,Linsey,Brooklyn,Columbia St,40.684870,-74.001680,Private room,463,2,267,2026-07-30,2.95,1,109,30
32549155,BK Home Away From Home,244596528,1469297930189439519,Mary Ann,Brooklyn,Bedford-Stuyvesant,40.690020,-73.934200,Entire home/apt,201,2,281,2026-07-22,3.18,1,47,33
32611977,Mi casa es tu casa! Cozy & comfortable!,245160359,1463285123678154484,Arnol,Bronx,Belmont,40.857170,-73.893880,Private room,120,4,213,2026-07-20,2.35,1,278,22
32705496,Modern Harlem One Bedroom,110001729,1467330640677276114,Erick,Manhattan,Harlem,40.802410,-73.954380,Private room,250,4,78,2026-07-22,0.87,1,15,9
32238694,Midtown 2 Bed Full Kitchen,214347105,1463192836814185389,Beekman,Manhattan,Midtown,40.753370,-73.966160,Entire home/apt,1118,1,296,2026-06-28,3.28,3,312,31
32354513,Brooklyn artistic studio apartment!,242924411,1469289445406081349,James And Laureta,Brooklyn,Bedford-Stuyvesant,40.683580,-73.952840,Entire home/apt,281,1,324,2026-05-12,3.62,7,364,30
33010488,"Condo near Central Park, The Plaza, Tiffany, MOMA",13833292,1462587957576896429,Helen,Manhattan,Midtown,40.760180,-73.969380,Entire home/apt,579,4,123,2026-07-23,1.39,1,161,28
33038705,Private Room with En-Suite Private Bath,1223685,1462516689871961422,Yasser,Brooklyn,Greenpoint,40.721120,-73.938510,Private room,300,1,92,2026-06-28,2.25,1,163,29
33061311,Decatur street Limestone an Urban Zen  experience,7289570,1462560176712915466,Shelley,Brooklyn,Bedford-Stuyvesant,40.682720,-73.919570,Entire home/apt,343,4,321,2026-08-09,3.59,2,202,41
33101286,"2, 3 or 4 Floors, Heart of Greenwich Village",4129805,1462533762918512061,Evelyn,Manhattan,West Village,40.732690,-74.002540,Entire home/apt,757,1,9,2026-01-02,0.10,5,18,2
33127307,COZY BED ROOM 10 MIN FR JFK&TRAIN WITH PVT BATH,29349060,1462647818209791316,Ode,Queens,St. Albans,40.685140,-73.769580,Private room,68,5,30,2026-03-01,0.33,3,126,1
33135950,Victorian Brooklyn Spacious Living!,130981288,1468311610812850930,Geoffrey,Brooklyn,Flatbush,40.648420,-73.966010,Entire home/apt,289,2,322,2026-07-19,3.58,1,257,48
33180845,Cozy Room in Northern Manhattan,7003397,1462720995906191219,Neil,Manhattan,Washington Heights,40.831970,-73.942860,Private room,121,1,165,2026-07-29,4.05,1,30,46
32809387,The cutest little bungalow in Rockaway!,45364547,1465673256819165637,Lauren,Queens,Arverne,40.593690,-73.793290,Private room,316,1,73,2026-08-03,0.84,1,39,12
32838697,Modern Room near LGA Airport,202350344,1469055856249410129,Diana,Queens,East Elmhurst,40.761200,-73.888690,Private room,138,2,38,2025-12-31,0.43,1,282,2
32845331,Brooklyn sun kissed studio apartment!,242924411,1469289445406081349,James And Laureta,Brooklyn,Bedford-Stuyvesant,40.684880,-73.954660,Entire home/apt,281,1,358,2026-07-27,4.01,7,341,35
32845516,Brooklyn stylish studio apartment!,242924411,1469289445406081349,James And Laureta,Brooklyn,Bedford-Stuyvesant,40.685670,-73.953180,Entire home/apt,290,1,380,2026-07-27,4.24,7,360,44
32857378,Brooklyn matchbox studio apartment!,242924411,1469289445406081349,James And Laureta,Brooklyn,Bedford-Stuyvesant,40.684130,-73.952330,Entire home/apt,308,1,299,2026-07-26,3.34,7,364,35
32857674,Brooklyn modern studio apartment!,242924411,1469289445406081349,James And Laureta,Brooklyn,Bedford-Stuyvesant,40.683550,-73.954010,Entire home/apt,326,1,340,2026-07-15,3.80,7,359,24
32858018,Brooklyn charming studio apartment!,242924411,1469289445406081349,James And Laureta,Brooklyn,Bedford-Stuyvesant,40.683550,-73.954020,Entire home/apt,338,1,311,2026-07-17,3.44,7,360,30
33581184,Two Bed/Two Bath in NYC Central Park,176950173,1468713839790557670,AKA Central Park,Manhattan,Midtown,40.764150,-73.976750,Entire home/apt,1260,10,4,2025-12-15,0.10,28,362,1
33589554,3BR Home,253110236,1469340653561935461,Philip,Queens,Springfield Gardens,40.662850,-73.748670,Private room,276,3,117,2026-07-27,1.32,1,253,17
33823598,LOVELY 1 BED ROOM 10 MIN FR JFK WITH PRIVATE PORCH,29349060,1462647818209791316,Ode,Queens,Jamaica,40.684710,-73.767420,Private room,71,5,37,2025-02-08,0.42,3,192,0
33387469,Private Guest apartment Suite in Townhouse,45690587,1465680986723185682,Richard,Manhattan,Kips Bay,40.741270,-73.983050,Entire home/apt,380,1,278,2026-07-25,3.26,1,79,44
33485978,Lovely Private Entrance Garden Unit,26989131,1465397744612378578,Cathy,Brooklyn,Gowanus,40.668670,-73.990930,Entire home/apt,219,5,82,2026-07-24,0.93,1,29,22
33521985,Red door 3 bedrm oasis near JFK airport/ New York,160940380,1463009526411417631,Adeola,Queens,St. Albans,40.700250,-73.749100,Private room,483,1,132,2026-01-31,1.51,1,352,11
34071962,King Room Sky,259169672,1469369203051677826,Arlo NoMad,Manhattan,Midtown,40.746230,-73.984990,Hotel room,439,1,496,2026-07-13,5.87,6,2,1
34072049,Queen Room City,259169672,1469369203051677826,Arlo NoMad,Manhattan,Midtown,40.746230,-73.984990,Hotel room,359,1,424,2022-11-06,5.04,6,3,0
34072164,Queen Room City ADA,259169672,1469369203051677826,Arlo NoMad,Manhattan,Midtown,40.746230,-73.984990,Hotel room,359,1,41,2025-02-16,0.53,6,1,0
34231172,"Townhouse in Brooklyn, 1 min from Metro stop",59642348,1462743246848294163,James,Brooklyn,Sunset Park,40.643510,-74.014640,Private room,205,1,265,2026-07-27,3.04,1,239,31
33883497,"Beautiful, private 2BR guest suite",255882354,1469352141196588821,Dolores,Brooklyn,Crown Heights,40.678290,-73.948210,Entire home/apt,257,2,325,2026-08-03,3.74,1,328,43
34478311,"room in sunny, charming, vintage style apartment",3250169,1462623894166318116,Juliette,Brooklyn,Carroll Gardens,40.681020,-73.994070,Private room,197,4,185,2026-07-21,2.10,1,49,21
34485317,Modern Luxury Queen Room Near Central Park,261761719,1469383880421341305,WestHouse,Manhattan,Midtown,40.764510,-73.983600,Private room,405,1,33,2025-07-06,0.38,8,352,0
34485693,Modern Luxury One Bedroom Suite Near Central Park,261761719,1469383880421341305,WestHouse,Manhattan,Midtown,40.764510,-73.983600,Private room,729,1,0,,,8,343,0
34485694,Luxury King Room Near Central Park,261761719,1469383880421341305,WestHouse,Manhattan,Midtown,40.764510,-73.983600,Private room,413,1,66,2025-06-29,0.82,8,352,0
34485697,Modern One Bedroom Suite Near Central Park,261761719,1469383880421341305,WestHouse,Manhattan,Midtown,40.764510,-73.983600,Private room,785,1,0,,,8,342,0
34485698,Modern Private King Room Near Central Park,261761719,1469383880421341305,WestHouse,Manhattan,Midtown,40.764510,-73.983600,Private room,405,1,26,2026-03-08,0.31,8,356,2
34485699,Modern Two Queen Near Central Park,261761719,1469383880421341305,WestHouse,Manhattan,Midtown,40.764510,-73.983600,Private room,414,1,11,2024-11-18,0.14,8,329,0
34485702,Modern King Bed roll-in shower Near Central Park,261761719,1469383880421341305,WestHouse,Manhattan,Midtown,40.764510,-73.983600,Private room,442,1,1,2023-08-15,0.03,8,336,0
34485742,Private Room in Midtown at Royalton Hotel,261632622,1469383038507732382,Royalton,Manhattan,Theater District,40.755470,-73.984570,Private room,229,1,130,2024-04-05,1.48,2,339,0
34485745,"Stunner, private room in Midtown at Royalton Hotel",261632622,1469383038507732382,Royalton,Manhattan,Theater District,40.755470,-73.984570,Private room,309,1,5,2021-12-25,0.06,2,354,0
34487108,Family Perfect Room - 2 Dbl Beds,261761196,1469383878366033201,Park Central,Manhattan,Midtown,40.764590,-73.980912,Private room,233,1,25,2025-12-07,0.35,7,261,3
34487247,Premier King Room Central Park,261761196,1469383878366033201,Park Central,Manhattan,Midtown,40.764590,-73.980912,Private room,206,1,139,2026-07-04,1.70,7,271,23
34487373,Luxury ADA King Room,261761196,1469383878366033201,Park Central,Manhattan,Midtown,40.764590,-73.980912,Private room,350,1,64,2026-08-05,0.90,7,249,33
34487491,Spacious Luxury King Bed Room,261761196,1469383878366033201,Park Central,Manhattan,Midtown,40.764590,-73.980912,Private room,226,1,194,2026-07-19,2.26,7,268,53
34510977,"Lofty townhouse with sundeck, garden - walk to all",831185,1462530732806207297,Andrew,Brooklyn,Crown Heights,40.678230,-73.963310,Private room,1208,3,11,2024-06-24,0.13,3,365,0
34592997,Close to Manhattan/2min to BronxCare Hospital,13664245,1462587279701872351,Denise,Bronx,Claremont Village,40.841510,-73.910190,Private room,185,1,62,2026-07-29,0.73,1,182,14
34313601,Stylish Brooklyn 1BR- Prospect Park/Garden/Museum,29659188,1465436377339675665,Karen,Brooklyn,Prospect Heights,40.675380,-73.966130,Private room,408,2,355,2026-07-30,4.02,1,302,45
34340357,Charming Homestay Studio in NYC Legal Daily Rental,4852748,1462537576652086555,Michelle,Manhattan,Harlem,40.805490,-73.947250,Entire home/apt,252,3,49,2026-07-20,0.56,10,227,12
34370526,Cozy Studio Suite NYC Getaway,4852748,1462537576652086555,Michelle,Manhattan,Harlem,40.804970,-73.947330,Entire home/apt,282,2,57,2026-07-21,0.68,10,342,7
35038426,K-Town Next to Times Sq 5 /Dyson Airwrap Available,211549023,1463186405393932209,JGSTAY - Koreatown,Manhattan,Midtown,40.746570,-73.987150,Entire home/apt,402,1,207,2026-07-05,2.38,13,39,25
35043094,3BR Home,263984220,1469396305641288596,Joyann,Queens,Springfield Gardens,40.664600,-73.749270,Private room,276,3,133,2026-07-06,1.53,1,340,14
35078721,Cozy Corner 1,264240981,1463335158535519180,Donna,Brooklyn,Cypress Hills,40.682860,-73.885900,Private room,123,3,80,2026-07-31,1.65,1,91,25
34670672,Beach Front Escape | Rockaway Beach NYC,8893700,1462789691906115145,John,Queens,Arverne,40.588120,-73.795448,Entire home/apt,408,3,105,2026-08-08,1.21,2,130,19
34705719,Cozy Bedroom w/bathroom near Columbia University!,25182524,1462632488662365263,Alfredo,Manhattan,Harlem,40.807380,-73.955420,Private room,111,1,403,2026-07-30,4.71,1,117,82
34738463,Charming Spacious  King Studio Retreat in NYC,4852748,1462537576652086555,Michelle,Manhattan,Harlem,40.805080,-73.946710,Entire home/apt,296,3,55,2025-10-21,0.63,10,223,4
35252845,Sunny NOHO Designer Loft- Bowery Hotel adjacent,8962282,1462791399789130063,Michael,Manhattan,East Village,40.725680,-73.989970,Private room,1249,2,59,2026-07-16,0.73,2,323,15
35254823,Modern Manhattan/Harlem stay. Close to everything!,265413038,1469404018455754195,Jose,Manhattan,East Harlem,40.801310,-73.945840,Private room,207,1,259,2026-08-08,3.12,1,195,49
35304260,"Sunnyside- private room, private bath in home.",59392167,1466715537379517890,Judith,Queens,Sunnyside,40.748589,-73.919662,Private room,177,7,4,2026-06-26,0.18,1,67,3
35315339,Sleep in large quiet bedroom with sunny garden,220865756,1469166446941778148,Joe,Brooklyn,Bay Ridge,40.635240,-74.019700,Private room,195,5,5,2025-01-03,0.06,1,89,0
35369883,An Astorian’s private room for you :),144866025,1462972258620014876,Rory,Queens,Ditmars Steinway,40.776770,-73.919010,Private room,125,1,202,2026-07-27,3.81,1,317,57
35422599,Tranquil Haven 8 Mins. to JFK Rm #1/Ensuite,178272943,1463069799093681702,Sharon,Queens,Jamaica,40.672110,-73.780910,Private room,155,1,380,2026-07-22,4.40,4,349,27
35147929,"NU Hotel, NU Perspective Room with Mural",262224408,1463329942030121806,NU Hotel,Brooklyn,Boerum Hill,40.688080,-73.987660,Private room,272,1,23,2026-04-26,0.29,7,355,7
35149019,"NU Hotel, Standard Queen",262224408,1463329942030121806,NU Hotel,Brooklyn,Downtown Brooklyn,40.699820,-73.986970,Private room,284,1,205,2026-05-03,2.51,7,352,8
35149180,"NU Hotel, Standard King",262224408,1463329942030121806,NU Hotel,Brooklyn,Downtown Brooklyn,40.698680,-73.985940,Private room,284,1,9,2025-11-25,0.12,7,349,1
35149282,"NU Hotel, Bunk Bed Suite",262224408,1463329942030121806,NU Hotel,Brooklyn,Downtown Brooklyn,40.697780,-73.985310,Private room,381,1,12,2026-07-10,0.37,7,343,8
35149452,"NU Hotel, Urban Suite",262224408,1463329942030121806,NU Hotel,Brooklyn,Downtown Brooklyn,40.697670,-73.986960,Private room,303,1,14,2025-04-04,0.19,7,349,0
35149749,"NU Hotel, Accessible Queen w/ Roll In Shower",262224408,1463329942030121806,NU Hotel,Brooklyn,Downtown Brooklyn,40.697850,-73.986740,Private room,284,1,71,2026-02-25,0.87,7,351,2
35154411,Affordable Suite Steps from Central Park,231281049,1469233306395999540,The Manhattan Club,Manhattan,Midtown,40.764870,-73.981190,Private room,324,1,226,2026-08-03,2.59,17,218,7
35154668,Studio - Steps from Central Park and Times Square,231281049,1469233306395999540,The Manhattan Club,Manhattan,Midtown,40.764870,-73.981190,Private room,354,1,269,2026-08-10,3.10,17,280,24
35154803,Luxury City Suites Steps from Central Park,231281049,1469233306395999540,The Manhattan Club,Manhattan,Midtown,40.764870,-73.981190,Private room,277,1,207,2026-08-03,2.38,17,257,12
35154913,Two Bathroom Suite steps from Central Park,231281049,1469233306395999540,The Manhattan Club,Manhattan,Midtown,40.764870,-73.981190,Private room,459,1,883,2026-07-31,10.13,17,300,136
35186404,Charming Brooklyn private guest suite,264966630,1463336989933257035,Tasrina,Brooklyn,Crown Heights,40.674540,-73.924320,Private room,249,2,61,2026-07-26,0.72,1,261,5
35232819,"Spacious Brooklyn 2BR Fast Train 2 Manhattan, Safe",13192406,1462905406336482940,Tatiana,Brooklyn,Bay Ridge,40.630714,-74.026976,Entire home/apt,264,2,56,2026-07-24,2.44,4,295,32
35713310,Central Park Premiere 2 Bed Room,261761196,1469383878366033201,Park Central,Manhattan,Midtown,40.763600,-73.980490,Private room,260,1,47,2026-06-24,0.67,7,266,8
35713334,2 Beds close to Central Park,261761196,1469383878366033201,Park Central,Manhattan,Midtown,40.765520,-73.981960,Private room,215,1,307,2026-07-22,3.70,7,254,12
35713354,Corner New York,261761196,1469383878366033201,Park Central,Manhattan,Midtown,40.765390,-73.982210,Private room,287,1,3,2020-10-30,0.04,7,260,0
35774669,Beautiful Historic Home in the Heart of Greenpoint,25490213,1465343869511495268,Tony,Brooklyn,Greenpoint,40.725780,-73.952010,Entire home/apt,639,3,110,2026-08-04,1.27,1,296,29
35808578,"Sunny, Large, Comfy, Private Room",269375490,1469423398104359565,Rene,Brooklyn,Canarsie,40.644080,-73.891510,Private room,80,1,684,2026-07-30,7.87,1,141,83
35829570,Cozy 1.5BR Apartment in Brooklyn,393473,1462517325456256052,Robert,Brooklyn,Bedford-Stuyvesant,40.692726,-73.951050,Entire home/apt,426,2,246,2026-07-25,2.83,2,231,44
35840685,Crown 1 -Single Traveler’s  Room,11757212,1462579827773272497,Jasmine,Brooklyn,Crown Heights,40.666880,-73.935300,Private room,126,2,143,2026-07-27,2.85,2,49,31
35510876,"Aliz Hotel Times Square, Standard Double Guest Rm",260987211,1469379285955903282,Aliz Hotel Times Square,Manhattan,Hell's Kitchen,40.754800,-73.994080,Private room,228,1,110,2026-07-24,1.61,3,348,6
35510977,"Aliz Hotel Times Square, Deluxe Double Guest Room",260987211,1469379285955903282,Aliz Hotel Times Square,Manhattan,Hell's Kitchen,40.755120,-73.992240,Private room,232,1,4,2024-10-12,0.12,3,352,0
35511098,"Aliz Hotel Times Square, Deluxe Guest w/ Balcony",260987211,1469379285955903282,Aliz Hotel Times Square,Manhattan,Hell's Kitchen,40.754660,-73.993990,Private room,361,1,0,,,3,352,0
35539586,"Family Room, One Double size bed and a Twin bed",263720409,1463333879640074488,Nesva Hotel New York City Vista,Queens,Long Island City,40.753310,-73.935010,Hotel room,134,1,82,2026-06-18,0.98,12,209,5
35539721,"Nesva Hotel, Double Room Mobility",263720409,1463333879640074488,Nesva Hotel New York City Vista,Queens,Long Island City,40.753310,-73.935010,Hotel room,134,1,45,2024-12-24,0.54,12,210,0
35539856,"Nesva Hotel, King City View",263720409,1463333879640074488,Nesva Hotel New York City Vista,Queens,Long Island City,40.753310,-73.935010,Hotel room,127,1,50,2025-12-29,0.60,12,216,3
35540158,"Nesva Hotel, King Premium Balcony",263720409,1463333879640074488,Nesva Hotel New York City Vista,Queens,Long Island City,40.753310,-73.935010,Hotel room,225,1,60,2025-12-30,0.71,12,217,12
35545194,"The Parc Hotel, Queen Room",263916265,1469395933677130169,The Parc Hotel,Queens,Flushing,40.758450,-73.834700,Private room,209,1,70,2026-06-26,0.90,1,355,13
35545434,Studio in the Heart of Chelsea W/ Shared Bathroom,266533448,1463340846121833160,Chelsea Inn Hotel,Manhattan,Chelsea,40.739680,-73.994940,Private room,200,1,845,2026-08-04,10.48,5,322,54
35545525,Beautiful Georgian Studio in the Heart of Chelsea,266533448,1463340846121833160,Chelsea Inn Hotel,Manhattan,Chelsea,40.737770,-73.993920,Private room,209,1,201,2026-07-26,2.51,5,267,31
35545595,Georgian Studio in the Heart of Chelsea,266533448,1463340846121833160,Chelsea Inn Hotel,Manhattan,Chelsea,40.739320,-73.995450,Private room,154,1,534,2026-08-02,6.49,5,322,173
35545650,Double Georgian Studio in the Heart of Chelsea,266533448,1463340846121833160,Chelsea Inn Hotel,Manhattan,Chelsea,40.738410,-73.993530,Private room,315,1,39,2026-07-23,0.49,5,264,1
36147561,Luxury in Little Italy: 2 Bedroom -Private Balcony,271880907,1469435377370390923,Lc,Manhattan,Little Italy,40.717315,-73.998336,Entire home/apt,659,2,127,2026-07-01,2.81,1,274,40
36152646,Peace of Brooklyn,44929652,1465666938332325732,Lawanne,Brooklyn,East Flatbush,40.645730,-73.948590,Private room,446,3,7,2025-01-05,0.08,2,190,0
36236515,Tranquil Haven 8 Mins to JFK Rm. #3/Pvt. Bath.,178272943,1463069799093681702,Sharon,Queens,Jamaica,40.672450,-73.780540,Private room,149,1,436,2026-07-21,5.08,4,344,25
36300378,Sunny Rooftop Duplex in Brooklyn Townhouse,3335106,1462626102865277913,Mads,Brooklyn,Bedford-Stuyvesant,40.691140,-73.930410,Private room,388,3,5,2024-01-02,0.06,1,364,0
35914632,Chic 2 Bedroom Apartment in the Heart of Chelsea,269987340,1469426452576077629,Nick,Manhattan,Chelsea,40.743610,-73.997680,Entire home/apt,670,1,139,2026-07-21,1.62,1,118,40
35938640,Top Floor with Skylight Brooklyn,270314994,1463350214866408387,Jason,Brooklyn,Canarsie,40.641530,-73.904620,Private room,343,2,42,2026-05-06,0.48,1,348,1
35996222,Stylish 2 Beds Room with private parking.,270796745,1463351256802498698,Sonia,Bronx,Allerton,40.867290,-73.851130,Private room,169,2,245,2026-08-03,2.83,1,259,25
36036842,"Fifty Hotel & Suites by Affinia, Jr. Suite 1 Bed",269305936,1469423118410634632,Fifty Hotel & Suites,Manhattan,Midtown,40.755130,-73.971670,Hotel room,365,1,0,,,4,323,0
36333124,"NU Hotel, Double Standard Room",262224408,1463329942030121806,NU Hotel,Brooklyn,Boerum Hill,40.689800,-73.989560,Private room,231,1,18,2026-01-04,0.22,7,353,1
36359662,Vi's Upper Lvl-bedrm in shared pad*near Metro* WOW,310670,1462511117188629139,Vie,Bronx,Eastchester,40.879960,-73.836260,Private room,149,2,28,2026-08-03,0.45,7,364,12
36523682,Sunny Spacious Room Near JFK,274591718,1469448710658410804,Carmen,Queens,Richmond Hill,40.695550,-73.814760,Private room,149,2,101,2026-07-21,1.19,1,294,40
36562461,Club Wyndham Midtown 45 Deluxe King Guestroom,266083019,1469407182117044231,⁨Extra Holidays®⁩,Manhattan,Midtown,40.752660,-73.972480,Private room,251,2,38,2026-06-04,0.90,4,144,8
36562485,Club Wyndham Midtown 45 One Bedroom Suite,266083019,1469407182117044231,⁨Extra Holidays®⁩,Manhattan,Midtown,40.752660,-73.972480,Private room,290,2,17,2026-04-26,0.40,4,108,9
36562511,Club Wyndham Midtown 45 Studio Suite,266083019,1469407182117044231,⁨Extra Holidays®⁩,Manhattan,Midtown,40.752660,-73.972480,Private room,352,2,3,2025-08-03,0.16,4,19,0
36581537,"Shelburne Hotel & Suites, Studio Apartment 1 Bed",268613328,1469419720632110095,The Shelburne Sonesta,Manhattan,Murray Hill,40.748880,-73.977210,Hotel room,269,1,0,,,7,334,0
36585314,Room in Cozy Classy Duplex,8113165,1462563838585756219,Cynthia,Brooklyn,Canarsie,40.636320,-73.909720,Private room,177,2,8,2026-08-09,0.17,1,297,1
36600021,"Sohotel, Standard Queen",266797018,1469410832151819219,Sohotel,Manhattan,Little Italy,40.719330,-73.994843,Private room,245,1,61,2022-06-12,0.76,13,276,0
36600797,"Sohotel, Standard Triple",266797018,1469410832151819219,Sohotel,Manhattan,Little Italy,40.719330,-73.994843,Private room,235,1,1,2021-10-10,0.02,13,226,0
36601016,"Sohotel, Standard Family",266797018,1469410832151819219,Sohotel,Manhattan,Little Italy,40.719330,-73.994843,Private room,465,1,3,2021-12-12,0.05,13,280,0
36601094,"Sohotel, Deluxe Queen",266797018,1469410832151819219,Sohotel,Manhattan,Little Italy,40.719330,-73.994843,Private room,285,1,45,2023-02-18,0.63,13,318,0
36601199,"Sohotel, Deluxe King",266797018,1469410832151819219,Sohotel,Manhattan,Little Italy,40.719330,-73.994843,Private room,295,1,10,2023-06-23,0.12,13,303,0
36601330,"Sohotel, Deluxe Queen Two Bed",266797018,1469410832151819219,Sohotel,Manhattan,Little Italy,40.719330,-73.994843,Private room,315,1,1,2020-11-01,0.01,13,267,0
36601463,"Sohotel, Deluxe Family",266797018,1469410832151819219,Sohotel,Manhattan,Little Italy,40.719517,-73.995049,Private room,515,1,3,2020-09-27,0.04,13,289,0
36601529,"Sohotel, Premium Queen",266797018,1469410832151819219,Sohotel,Manhattan,Little Italy,40.719330,-73.994843,Private room,295,1,2,2021-11-24,0.03,13,229,0
36601571,"Sohotel, Premium King",266797018,1469410832151819219,Sohotel,Manhattan,Little Italy,40.719330,-73.994843,Private room,305,1,116,2023-09-03,1.56,13,288,0
36601762,"Sohotel, Premium Triple",266797018,1469410832151819219,Sohotel,Manhattan,Little Italy,40.719330,-73.994843,Private room,440,1,0,,,13,203,0
36602019,"Sohotel, Premium Queen Two Bed",266797018,1469410832151819219,Sohotel,Manhattan,Little Italy,40.719330,-73.994843,Private room,385,1,0,,,13,307,0
36602159,"Sohotel, Junior Suite Queen Two Bed",266797018,1469410832151819219,Sohotel,Manhattan,Little Italy,40.719330,-73.994843,Private room,545,1,0,,,13,7,0
36629436,Church view bedroom in Harlem brownstone,8637211,1462772517703611309,Steven,Manhattan,Harlem,40.819080,-73.945600,Private room,167,1,259,2026-08-08,3.00,2,62,67
36632562,Spacious PRIVATe 2BR Apartment in Brooklyn,275337720,1469452399859997828,Livia,Brooklyn,Bensonhurst,40.609090,-73.997510,Private room,251,3,84,2026-07-20,1.00,1,364,5
36633369,private space By Aaron nxt2 Subway,275343844,1463362597432159016,Aaron,Brooklyn,Flatlands,40.627490,-73.946030,Entire home/apt,162,3,145,2026-07-26,1.71,1,46,28
36640931,Lou's Palace & Retreat Unit1B-Near JFK,228415932,1469216808227608852,Louann,Queens,Rosedale,40.655380,-73.741120,Private room,145,1,434,2026-08-03,5.03,2,178,49
36762958,Luxury  Experience- JFK Airport/ LIRR/ Free Wifi,67587078,1462774797642455202,Richard,Queens,Springfield Gardens,40.674680,-73.763170,Entire home/apt,343,1,249,2026-08-02,2.91,1,65,23
37122162,Beautiful Standard Full Room at The Ridge,266755066,1463341427679439404,Samantha R,Manhattan,Lower East Side,40.722590,-73.988410,Private room,154,1,1250,2026-07-28,15.74,4,324,50
37122437,Amazing King size Room at The Ridge,266755066,1463341427679439404,Samantha R,Manhattan,Lower East Side,40.722580,-73.990460,Private room,124,1,287,2026-07-27,3.54,4,320,7
37122502,Amazing Micro Unit W/ communal rooftop and kitchen,266755066,1463341427679439404,Samantha R,Manhattan,East Village,40.723800,-73.990380,Private room,184,1,2039,2026-08-06,24.86,4,321,77
37122566,Lovely Chic Double Twin room at The Ridge,266755066,1463341427679439404,Samantha R,Manhattan,East Village,40.723880,-73.988790,Private room,189,1,226,2026-07-18,3.12,4,271,15
37140722,Spacious king bedroom in the heart of SoHo,271308645,1469432533842159555,NoMo SoHo,Manhattan,SoHo,40.719800,-74.000040,Private room,389,1,15,2023-07-29,0.20,9,4,0
37140782,High-floor king room with vast city views in SoHo,271308645,1469432533842159555,NoMo SoHo,Manhattan,Tribeca,40.722700,-74.008360,Private room,644,1,11,2023-05-04,0.14,9,1,0
37140882,Spacious queen room with vast city views in SoHo,271308645,1469432533842159555,NoMo SoHo,Manhattan,SoHo,40.719150,-74.000780,Private room,351,1,50,2023-01-08,0.63,9,2,0
37141162,Queen suite with sofa bed and city views in SoHo,271308645,1469432533842159555,NoMo SoHo,Manhattan,Little Italy,40.718700,-73.999190,Private room,427,1,0,,,9,1,0
37141285,"King suite with sofa bed, marble bathroom in SoHo",271308645,1469432533842159555,NoMo SoHo,Manhattan,SoHo,40.720900,-73.999530,Private room,727,1,0,,,9,2,0
37141377,Double queen bedroom with marble bathroom in SoHo,271308645,1469432533842159555,NoMo SoHo,Manhattan,Chinatown,40.718660,-74.001120,Private room,418,1,3,2023-07-31,0.05,9,1,0
37141484,2-bathroom king suite with sofa bed in SoHo,271308645,1469432533842159555,NoMo SoHo,Manhattan,SoHo,40.720790,-73.999200,Private room,465,1,0,,,9,1,0
37323360,Grand Parlor (Townhouse) w/backyard,2051376,1462585112235871052,Andre,Brooklyn,Bedford-Stuyvesant,40.677670,-73.916860,Entire home/apt,389,3,208,2026-01-13,2.45,1,213,14
37325442,Luxurious  *NO SMOKING* NO PARTY*,148525638,1468454356357256830,Tuan,Bronx,Allerton,40.862370,-73.852780,Private room,111,2,252,2026-08-09,2.99,3,264,48
37011601,Theatre Row Midtown NYC Oasis,22210080,1463174259107839792,Kyle,Manhattan,Hell's Kitchen,40.760980,-73.989610,Entire home/apt,458,1,143,2026-08-02,1.76,1,169,60
37048087,"Close2Manhattan,walk2Shops ferry&subway.Clean NYC!",59040996,1462741655320099000,Anthony,Brooklyn,Sunset Park,40.646080,-74.014330,Entire home/apt,153,2,349,2026-07-21,4.08,1,195,42
37082885,"Artist Garden Suite, two bedrooms two bathrooms",278922840,1469468691023193865,Amy,Brooklyn,Bedford-Stuyvesant,40.684660,-73.930130,Entire home/apt,325,1,329,2026-08-09,3.87,1,127,77
37561740,1BR/1BA Garden Level  in Park Slope,14444017,1462938720725483015,Aaron,Brooklyn,Park Slope,40.675780,-73.978015,Private room,385,2,132,2026-07-22,2.75,1,326,30
37592370,Quiet and Clean Room in Central East Village,15548442,1462594503408209789,Alan,Manhattan,East Village,40.724197,-73.984266,Private room,246,6,9,2022-06-27,0.11,1,7,0
37648875,Brooklyn Modern Brownstone/ New York City/ NYC,1102291,1462536995324498109,Joanna,Brooklyn,Bedford-Stuyvesant,40.680901,-73.936636,Private room,924,3,159,2026-07-20,1.88,1,318,19
37462923,"Modern, Newly Renovated & Stylish Brooklyn  Oasis",282625150,1469482858018109454,Karen,Brooklyn,Canarsie,40.634890,-73.905020,Private room,487,2,320,2026-07-28,3.76,2,336,34
37529321,2 Bedrooms Included: Sun-drenched Brooklyn Have,39628195,1465591817377272778,Bran,Brooklyn,East Flatbush,40.642370,-73.946680,Private room,209,3,187,2026-07-27,2.19,1,248,38
38024356,Private Bedroom in the heart of Crown Heights,4938998,1462668937157502179,Maria,Brooklyn,Crown Heights,40.675180,-73.950810,Private room,397,1,111,2026-08-02,1.32,1,130,19
38166035,"Bright and cozy,30 min to Manhattan on the subway.",184902640,1468955743837332338,Michelle,Brooklyn,Crown Heights,40.674496,-73.910583,Private room,173,3,85,2026-07-22,1.01,1,338,19
38217247,NYC - Private room near LGA - 8 min city center,24796143,1465320355297243271,David,Queens,Astoria,40.755870,-73.928130,Private room,113,1,73,2026-07-23,4.95,1,149,60
38226783,Medical Professional Housing III,9130040,1462795647315742292,Candace,Brooklyn,East Flatbush,40.663060,-73.934380,Private room,318,1,17,2025-10-14,0.20,6,365,2
38236354,Medical Professional Housing IV,9130040,1462795647315742292,Candace,Brooklyn,East Flatbush,40.662870,-73.934200,Private room,318,1,29,2025-09-24,0.34,6,365,1
37720797,Private Upper East Side Townhome + Private Patio,229901581,1469225496349836505,Sami,Manhattan,Upper East Side,40.762690,-73.960500,Entire home/apt,747,1,297,2026-08-10,3.49,1,246,54
37729855,St. Regis 5th Ave. - 1 bedroom Suite,28656622,1465422925877699459,Elisa,Manhattan,Midtown,40.762590,-73.975070,Private room,1779,1,14,2026-07-20,0.17,4,364,1
37879131,Charming,286908240,1463385228968839757,Yvonne,Manhattan,Harlem,40.805620,-73.948160,Private room,316,1,284,2026-08-06,3.37,1,17,39
37941349,K-Town Next to Times Sq 8 /Dyson Airwrap Available,211549023,1463186405393932209,JGSTAY - Koreatown,Manhattan,Midtown,40.747820,-73.988680,Entire home/apt,274,1,156,2026-07-14,1.88,13,101,16
37943668,Vibrant Spacious Relaxing Room Hosted by Desiree.,287646338,1463386601663946474,Desiree,Brooklyn,Prospect-Lefferts Gardens,40.656640,-73.955960,Private room,157,1,171,2026-07-22,2.02,1,192,26
37944508,Brooklyn Comfy Crash Pad,166019084,1468610507929432571,Chris,Brooklyn,Bedford-Stuyvesant,40.679860,-73.907640,Private room,94,2,140,2026-07-26,1.65,1,96,33
37971614,"Queen Bdrm, Private Bath, 20min to City & JFK",20587708,1462613736817820655,Aminah,Brooklyn,East New York,40.669380,-73.889250,Private room,172,2,215,2026-08-08,2.56,1,207,51
38521231,Cozy Bushwick Getaway,293781703,1469518841870196228,Nandani,Brooklyn,Bushwick,40.701510,-73.913440,Private room,143,1,93,2026-07-26,1.11,1,88,27
38573589,Che' Randall 2 SoBro 10 Minutes to Manhattan!,30585124,1465450056975463816,Rawn,Bronx,Longwood,40.819920,-73.907900,Private room,134,3,69,2026-05-15,0.86,3,128,5
38317957,Cozy Room in Quiet Comfy Home in The Bronx,291420067,1469512323520716735,Vincent,Bronx,Williamsbridge,40.877120,-73.856960,Private room,87,3,33,2026-07-16,0.42,1,157,14
38462360,E Village Loft Private Terrace,1495039,1462547356473238815,Ann,Manhattan,East Village,40.724250,-73.979040,Entire home/apt,941,3,51,2026-07-23,0.63,1,22,12
38956629,"Fifty Hotel & Suites by Affinia, Guest Room 1 Bed",269305936,1469423118410634632,Fifty Hotel & Suites,Manhattan,Midtown,40.756950,-73.970550,Hotel room,339,1,2,2024-07-26,0.05,4,336,0
38956772,"Fifty Hotel & Suites by Affinia, Guest Room 2 Bed",269305936,1469423118410634632,Fifty Hotel & Suites,Manhattan,Midtown,40.756680,-73.972180,Hotel room,389,1,2,2020-07-07,0.02,4,356,0
38956793,"Shelburne Hotel & Suites, Studio Apartment 2 Beds",268613328,1469419720632110095,The Shelburne Sonesta,Manhattan,Murray Hill,40.749490,-73.978420,Hotel room,426,1,0,,,7,351,0
38956813,"Fifty Hotel & Suites by Affinia, Jr Suite 2 Beds",269305936,1469423118410634632,Fifty Hotel & Suites,Manhattan,Midtown,40.757060,-73.972130,Hotel room,442,1,0,,,4,308,0
38956835,"Shelburne Hotel & Suites, One Bedroom Apartment",268613328,1469419720632110095,The Shelburne Sonesta,Manhattan,Murray Hill,40.747710,-73.979080,Hotel room,547,1,0,,,7,338,0
38956889,"Shelburne Hotel & Suites, One Bedroom  2 Beds",268613328,1469419720632110095,The Shelburne Sonesta,Manhattan,Murray Hill,40.748060,-73.978920,Hotel room,516,1,0,,,7,350,0
38980221,Historic Brooklyn Brownstone Apt (built in 1899),4414774,1462656901018361021,Kristopher,Brooklyn,Bedford-Stuyvesant,40.683460,-73.921930,Private room,162,1,334,2026-07-27,4.10,1,138,60
39034248,UR jacuzzi spot UBS ARENA STAdIUM NEAR JFK,299128204,1469537401564596024,Joseph,Queens,St. Albans,40.700900,-73.751920,Private room,273,1,40,2025-08-25,0.48,3,82,1
39074638,A Modern  Rustic Retreat in the heart of BedStuy,7289570,1462560176712915466,Shelley,Brooklyn,Bedford-Stuyvesant,40.683610,-73.919590,Entire home/apt,382,4,206,2026-07-29,2.52,2,179,32
39153457,Upper Westside Brownstone Garden Apartment,300339502,1469541722158646545,Luis,Manhattan,Upper West Side,40.791480,-73.969780,Private room,286,2,112,2026-08-07,3.90,1,170,53
39169415,"Backyard + Firepit in Brooklyn. Yes, Really.",905272,1462532909804837789,Anna,Brooklyn,Williamsburg,40.711950,-73.946480,Private room,371,2,192,2026-07-27,3.16,1,259,28
38817916,Private Scandi Oasis in Tree-Lined Park Slope,11577427,1462868007750010481,Sarah,Brooklyn,Park Slope,40.679670,-73.976630,Entire home/apt,392,2,285,2026-07-20,3.43,1,283,37
38849102,Private Garden Floor - 2bed/2bath/patio,297452190,1469530639093467508,Keith,Manhattan,Chelsea,40.740640,-73.999450,Private room,564,4,248,2026-08-01,2.99,1,121,36
38850758,Heart of NYC Chic Apt King&Queen beds w Great View,229858536,1469225200898877282,Angela,Manhattan,Midtown,40.751600,-73.971870,Entire home/apt,518,2,30,2026-07-26,0.38,2,5,9
39313969,Cozydelightful UBS ARENA STAdIUM NEAR JFK,299128204,1469537401564596024,Joseph,Queens,St. Albans,40.699830,-73.753680,Private room,285,2,54,2026-07-26,0.67,3,279,8
39380947,A sanctuary away from home,302423456,1463417402776536020,Kerri & Andrae,Queens,Jamaica,40.671520,-73.778510,Private room,108,1,417,2026-08-08,5.03,3,140,57
39386691,Gorgeous Victorian Home! entire suite ground floor,18950764,1463066096498351063,Shahid,Brooklyn,Flatbush,40.642830,-73.967720,Private room,648,2,21,2025-06-21,0.53,2,269,0
39395456,The Perfect hideaway,302423456,1463417402776536020,Kerri & Andrae,Queens,Jamaica,40.671950,-73.777080,Private room,115,1,182,2026-07-18,2.22,3,124,16
39193812,Harlem Parlour,15558725,1462965242034536994,L,Manhattan,Harlem,40.815860,-73.940810,Private room,359,2,59,2026-08-04,0.71,1,157,24
39667267,Best of Bushwick (2nd room),6914686,1462547858334594145,Ronan,Brooklyn,Bushwick,40.702580,-73.922510,Private room,126,2,10,2026-07-26,0.12,2,95,2
39777590,"Charming 1 Bedroom in Maspeth, 5 mi to NYC",31487349,1465462819658177847,Thomas,Queens,Maspeth,40.722010,-73.892570,Entire home/apt,272,3,106,2026-07-20,2.41,1,345,36
39833359,Cozy Studio with a Modern/Luxe Feel,306482362,1469566973370732644,Laura,Queens,Astoria,40.763388,-73.909726,Shared room,304,1,387,2026-08-03,4.72,1,302,44
39859278,"Hotel Belleclaire, Newly renovated Standard 1 Full",306009315,1469565663959225391,Hotel Belleclaire,Manhattan,Upper West Side,40.783550,-73.981960,Private room,435,1,1,2023-02-16,0.02,11,6,0
39859439,"Hotel Belleclaire, Newly renovated Deluxe 1 King",306009315,1469565663959225391,Hotel Belleclaire,Manhattan,Upper West Side,40.783060,-73.982240,Private room,689,1,2,2021-12-24,0.04,11,3,0
39859670,Newly renovated Accessible Deluxe 1 Queen Bed,306009315,1469565663959225391,Hotel Belleclaire,Manhattan,Upper West Side,40.781910,-73.982320,Private room,621,1,1,2023-04-08,0.02,11,5,0
39859862,Newly renovated Premium 1 King Bed City View,306009315,1469565663959225391,Hotel Belleclaire,Manhattan,Upper West Side,40.782070,-73.980010,Private room,599,1,1,2023-11-19,0.03,11,4,0
39860004,Newly renovated Premium 1 King Broadway View,306009315,1469565663959225391,Hotel Belleclaire,Manhattan,Upper West Side,40.783090,-73.979980,Private room,579,1,0,,,11,3,0
39860062,Newly renovated Parlor Suite 1 King and Sofabed,306009315,1469565663959225391,Hotel Belleclaire,Manhattan,Upper West Side,40.783210,-73.982270,Private room,819,1,0,,,11,2,0
39860155,"Belleclaire, Newly renovated Family Suite 3 Beds",306009315,1469565663959225391,Hotel Belleclaire,Manhattan,Upper West Side,40.781250,-73.980130,Private room,1113,1,6,2025-08-07,0.11,11,1,0
39860690,"Hotel 32 32, Full Superior",268598785,1463346184942342436,⁨Hotel 32 32⁩,Manhattan,Midtown,40.746440,-73.984480,Private room,171,1,387,2026-07-23,5.24,10,225,43
39860936,"Hotel 32 32, Queen Superior",268598785,1463346184942342436,⁨Hotel 32 32⁩,Manhattan,Midtown,40.745190,-73.982440,Private room,191,1,66,2026-07-23,0.95,10,231,10
39861059,"Hotel 32 32, Queen Premier with Balcony",268598785,1463346184942342436,⁨Hotel 32 32⁩,Manhattan,Midtown,40.746450,-73.982530,Private room,188,1,224,2026-03-17,3.02,10,233,5
39861127,"Hotel 32 32, King Deluxe",268598785,1463346184942342436,⁨Hotel 32 32⁩,Manhattan,Midtown,40.747150,-73.984600,Private room,195,1,49,2026-05-26,0.70,10,231,1
39861182,Hotel 32 32 - King Studio with Kitchen,268598785,1463346184942342436,⁨Hotel 32 32⁩,Manhattan,Midtown,40.745790,-73.984470,Private room,191,1,112,2026-01-13,1.52,10,233,10
39861293,"Hotel 32 32, Double Queen Deluxe",268598785,1463346184942342436,⁨Hotel 32 32⁩,Manhattan,Midtown,40.745020,-73.984280,Private room,232,1,276,2026-08-07,4.47,10,219,79
39861458,"Hotel 32 32, Queen Premier with Roof Deck",268598785,1463346184942342436,⁨Hotel 32 32⁩,Manhattan,Midtown,40.745190,-73.983900,Private room,233,1,7,2025-06-21,0.24,10,202,0
39861566,"Hotel 32 32, Queen Suite with Patio",268598785,1463346184942342436,⁨Hotel 32 32⁩,Manhattan,Midtown,40.745310,-73.984350,Private room,230,1,0,,,10,222,0
39896685,Private and Spacious,148317706,1468452737270658533,Michaelle,Brooklyn,Prospect-Lefferts Gardens,40.660290,-73.944038,Private room,223,2,80,2026-07-21,3.44,2,36,44
39921325,"The Evelyn, Superior 1 Queen Bed",306996701,1469568168386168820,The Evelyn Hotel,Manhattan,Midtown,40.745130,-73.987350,Private room,869,1,20,2025-08-06,0.33,6,3,0
39921443,"The Evelyn, Deluxe 1 Queen Bed",306996701,1469568168386168820,The Evelyn Hotel,Manhattan,Midtown,40.742930,-73.986430,Private room,769,1,2,2025-06-15,0.11,6,3,0
39921579,"The Evelyn, Accessible 1 Queen Bed",306996701,1469568168386168820,The Evelyn Hotel,Manhattan,Midtown,40.744330,-73.988110,Private room,585,1,1,2022-11-13,0.02,6,3,0
39921646,"The Evelyn, Deluxe 1 King Bed",306996701,1469568168386168820,The Evelyn Hotel,Manhattan,Midtown,40.744980,-73.987540,Private room,879,1,4,2023-06-07,0.06,6,4,0
39921718,"The Evelyn, Deluxe Double Double",306996701,1469568168386168820,The Evelyn Hotel,Manhattan,Midtown,40.745100,-73.987600,Private room,949,1,2,2024-05-17,0.03,6,2,0
39921812,"The Evelyn, Executive Suite 1 King Bed",306996701,1469568168386168820,The Evelyn Hotel,Manhattan,Midtown,40.744400,-73.987900,Private room,1559,1,2,2024-05-17,0.03,6,6,0
39921961,"The Frederick Hotel, Studio 1 Full Bed",306001668,1469565634879706545,The Frederick Hotel,Manhattan,Tribeca,40.715250,-74.008000,Private room,609,1,22,2025-08-11,0.37,8,2,1
39922192,"The Frederick Hotel, Deluxe Studio 1 Queen Bed",306001668,1469565634879706545,The Frederick Hotel,Manhattan,Tribeca,40.714570,-74.009640,Private room,799,1,0,,,8,2,0
39922280,"The Frederick Hotel, Deluxe Studio 1 Qn Accessible",306001668,1469565634879706545,The Frederick Hotel,Manhattan,Tribeca,40.716620,-74.009450,Private room,305,1,0,,,8,6,0
39922347,"The Frederick Hotel, Deluxe Studio 1 King Bed",306001668,1469565634879706545,The Frederick Hotel,Manhattan,Tribeca,40.714780,-74.007750,Private room,489,1,0,,,8,2,0
39922436,"The Frederick Hotel, Premium Studio 1 King Bed,",306001668,1469565634879706545,The Frederick Hotel,Manhattan,Tribeca,40.714300,-74.009740,Private room,559,1,1,2023-09-10,0.03,8,13,0
39922635,"The Frederick Hotel, Loft Suite 1 King Bed",306001668,1469565634879706545,The Frederick Hotel,Manhattan,Tribeca,40.716570,-74.009810,Private room,639,1,1,2021-11-02,0.02,8,10,0
40474055,Lovely two bedroom.   Perfect location,43963802,1465653046650435694,Tanya,Manhattan,Harlem,40.823520,-73.944280,Entire home/apt,434,3,35,2026-07-20,0.56,3,332,10
39485858,Private entrance Room w/bath in BedStuy Brownstone,303321105,1469554347739734644,Thomas,Brooklyn,Bedford-Stuyvesant,40.684560,-73.944150,Private room,181,2,115,2026-08-09,1.41,1,231,32
39487182,The Bed-Stuy Cozy Room + Suite • Near Fulton St,303333709,1463419580710360246,Ted,Brooklyn,Bedford-Stuyvesant,40.691160,-73.948570,Entire home/apt,225,2,12,2026-08-09,6.10,1,180,12
39487415,"Chic, private room & bath in classic townhouse",117645326,1462912156658637253,Alexis,Brooklyn,Prospect-Lefferts Gardens,40.661710,-73.956990,Private room,167,1,180,2026-07-13,2.18,1,8,23
39553889,"Paper Factory, Executive King",266989293,1469411669532197862,The Collective Paper Factory Hotel,Queens,Long Island City,40.752240,-73.928710,Private room,12394,1,3,2023-05-29,0.06,4,365,0
39554366,"Paper Factory, Superior Room w/ Double Beds",266989293,1469411669532197862,The Collective Paper Factory Hotel,Queens,Long Island City,40.754030,-73.928120,Private room,10000,1,13,2023-06-07,0.19,4,365,0
39554839,"Paper Factory, Deluxe King",266989293,1469411669532197862,The Collective Paper Factory Hotel,Queens,Long Island City,40.753930,-73.927080,Private room,12394,1,2,2021-04-25,0.03,4,365,0
39610139,Heart of Manhattan Wyndham Resort Unit,213388301,1469115442602123526,John,Manhattan,Midtown,40.753590,-73.973570,Private room,591,3,22,2026-06-14,0.36,1,326,4
40035713,* NEW * Manhattan Sauna Suite,1261480,1462516923826309072,Doungrat,Manhattan,Harlem,40.808140,-73.951470,Private room,487,1,5,2026-05-24,0.19,7,365,4
40080502,Historic Area Garden Room Close to trains,309220263,1469575613510558258,Sheila,Brooklyn,Bedford-Stuyvesant,40.684480,-73.944010,Private room,118,1,283,2026-07-27,3.51,1,243,64
40725405,"Bright, spacious floor on a quiet Bushwick block",6744636,1462714210024404922,Ari,Brooklyn,Bushwick,40.688770,-73.913750,Private room,266,3,224,2026-07-20,2.78,1,227,13
40759693,Private Guest Suite to make your trip complete,222426321,1469177449619959732,Delanno,Brooklyn,East New York,40.661850,-73.889530,Entire home/apt,309,2,137,2026-07-26,1.70,1,234,28
40158019,Modern and Cozy suite in the heart of Williamsburg,5309521,1462539965158259915,Reut,Brooklyn,Williamsburg,40.713270,-73.965230,Private room,464,1,269,2026-08-03,3.34,1,180,41
40228352,Bright Room W/ Decorative Fireplace and Projector,23582893,1462625835656153990,Laramie,Brooklyn,Bushwick,40.689720,-73.915100,Private room,130,1,116,2026-07-05,1.42,4,52,30
40239419,CLEAN SAFE CONVENIENT QUIET 1Br to share,47666490,1465719734150639117,Yumi,Manhattan,Midtown,40.764610,-73.984400,Shared room,122,3,73,2026-07-10,1.22,1,270,11
40335341,"Historic Brownstone, Your Private Studio Apartment",9892520,1462826310873907491,Marlyn,Manhattan,Harlem,40.808159,-73.954842,Entire home/apt,261,1,280,2026-07-25,3.45,6,234,42
40339942,Cozy 2 Bedroom Home in NYC 2min from LGA,309612914,1469576939827232232,Abeer,Queens,East Elmhurst,40.763840,-73.863540,Entire home/apt,272,1,114,2026-08-07,1.42,1,302,64
40350292,Superior Studio Loft In Greenpoint,47554473,1462707021584067412,Henry,Brooklyn,Greenpoint,40.728830,-73.944850,Entire home/apt,279,3,6,2022-10-31,0.08,14,222,0
40897425,A Home Away from Home,168240837,1468627160738940875,Queen,Staten Island,Mariners Harbor,40.635610,-74.154150,Shared room,118,1,38,2026-07-21,0.47,1,343,6
41289512,K-Town Next to Times Sq14 /Dyson Airwrap Available,211549023,1463186405393932209,JGSTAY - Koreatown,Manhattan,Midtown,40.748400,-73.987570,Entire home/apt,431,1,200,2026-07-02,2.51,13,101,27
41295524,Hotel like place - private patio and bathroom,1637060,1462563724511192712,Caio,Brooklyn,Crown Heights,40.676270,-73.941370,Private room,257,1,346,2026-08-02,4.32,1,49,51
41301073,Private Brooklyn Bedroom in Brownstone Near Subway,40176101,1462683768369810793,Brady,Brooklyn,Bedford-Stuyvesant,40.690280,-73.928860,Private room,140,1,297,2026-07-29,3.70,8,63,50
41353712,"Room in home in Historic Bed-Stuy, Brooklyn",322739195,1469612081305831206,German,Brooklyn,Bedford-Stuyvesant,40.689630,-73.931740,Private room,199,3,178,2026-07-19,2.24,1,132,19
41365538,"Lux Apt, Walk to Best 5th Ave Shopping",176950173,1468713839790557670,AKA Central Park,Manhattan,Midtown,40.765260,-73.976700,Entire home/apt,700,7,8,2026-02-17,0.12,28,354,1
41369046,Renovated Studio Suite Steps from Central Park,176950173,1468713839790557670,AKA Central Park,Manhattan,Midtown,40.765300,-73.976420,Entire home/apt,445,7,5,2026-02-08,0.07,28,362,1
41371194,Large Terraced One Bedroom near Central Park,176950173,1468713839790557670,AKA Central Park,Manhattan,Midtown,40.763370,-73.975080,Entire home/apt,725,7,7,2026-04-12,0.12,28,354,2
41373193,2BR Penthouse Apt w/ Private Terrace,176950173,1468713839790557670,AKA Central Park,Manhattan,Midtown,40.764360,-73.975620,Entire home/apt,1814,10,1,2024-01-03,0.03,28,329,0
41383676,Brooklyn getaway,1978714,1462583250261215762,Rachel,Brooklyn,Flatbush,40.643440,-73.961090,Private room,204,4,34,2024-09-28,0.43,1,128,0
41425572,"Hotel 48 Lex, The House",262985820,1469390943411703311,⁨48Lex⁩,Manhattan,Midtown,40.755300,-73.972880,Private room,2548,1,0,,,5,310,0
41425597,"Hotel 48 Lex, The Lexington Penthouse",262985820,1469390943411703311,⁨48Lex⁩,Manhattan,Midtown,40.755300,-73.972880,Private room,1395,1,0,,,5,179,0
41425624,"Hotel 48 Lex, The Avenue Penthouse",262985820,1469390943411703311,⁨48Lex⁩,Manhattan,Midtown,40.756150,-73.974060,Private room,1175,1,1,2022-05-25,0.02,5,179,0
41472347,Noble House #2,3136103,1462619959965460991,Jordan,Brooklyn,Greenpoint,40.729350,-73.957560,Private room,211,3,144,2026-07-25,2.64,3,234,29
41473245,K-Town Next to Times Sq13 /Dyson Airwrap Available,211549023,1463186405393932209,JGSTAY - Koreatown,Manhattan,Midtown,40.746370,-73.988760,Entire home/apt,394,1,88,2026-07-21,1.12,13,92,30
41474950,K-Town Next to Times Sq 1 /Dyson Airwrap Available,211549023,1463186405393932209,JGSTAY - Koreatown,Manhattan,Midtown,40.746080,-73.988520,Entire home/apt,245,1,216,2026-07-25,2.76,13,69,53
41504521,Private Brownstone Guest Suite (separate entrance),1733810,1462577022372574566,Sara,Brooklyn,Bedford-Stuyvesant,40.683750,-73.936630,Entire home/apt,309,3,112,2026-08-08,3.47,1,228,39
41531671,Studio631 In the heart of Midtown Manhattan,321252889,1469608692048885592,Oscar & Rossanna,Manhattan,Midtown,40.748150,-73.988920,Entire home/apt,522,1,152,2026-07-08,1.92,5,69,19
41647808,Bedroom in Unit 1 of a charming Brownstone,10580254,1462844398949245821,Petra,Bronx,Mount Hope,40.848261,-73.904455,Private room,105,1,235,2026-08-09,2.98,1,236,60
42273545,"Traveler''s cozy private room, historic family home",2979971,1462614062439683926,Anna,Brooklyn,Prospect-Lefferts Gardens,40.660070,-73.953720,Private room,130,6,55,2026-08-07,0.71,1,81,25
40971681,Private Room in Brooklyn Brownstone,2157189,1462587841321499128,Paolo,Brooklyn,Bedford-Stuyvesant,40.695330,-73.936320,Private room,141,4,61,2026-07-20,0.76,2,47,19
41069298,Explore New York from Jackson Heights,96013929,1467156523281510974,Mahbuba,Queens,Jackson Heights,40.751600,-73.893330,Private room,292,2,68,2026-07-19,0.84,1,323,8
41078843,Big apartment Close To Everything and nightlife,138203985,1462957935859538286,Alejandro,Queens,Ridgewood,40.711480,-73.908880,Private room,349,1,323,2026-07-20,4.02,1,293,39
41082801,Studio593 In the heart of Midtown Manhattan,321252889,1469608692048885592,Oscar & Rossanna,Manhattan,Midtown,40.748080,-73.988280,Entire home/apt,478,1,99,2026-07-05,1.33,5,86,9
41107092,Studio638 In the heart of Midtown Manhattan,321252889,1469608692048885592,Oscar & Rossanna,Manhattan,Midtown,40.747950,-73.986920,Entire home/apt,375,1,93,2026-06-24,1.25,5,85,8
41109712,Studio678 In the heart of Midtown Manhattan,321252889,1469608692048885592,Oscar & Rossanna,Manhattan,Midtown,40.748290,-73.987570,Entire home/apt,377,1,141,2026-07-20,1.76,5,31,15
41127989,Studio726 In the heart of Midtown Manhattan,321252889,1469608692048885592,Oscar & Rossanna,Manhattan,Midtown,40.747600,-73.986910,Entire home/apt,375,1,135,2026-06-27,1.69,5,80,10
41151871,Sunlit Bedstuy Charm,330371,1462515861875104759,Camille,Brooklyn,Bedford-Stuyvesant,40.686020,-73.945000,Entire home/apt,374,4,149,2026-07-12,1.86,1,47,25
41690071,City Saver in Brooklyn,8654456,1462772931261777027,James,Brooklyn,Sunset Park,40.648760,-74.005970,Private room,214,1,183,2026-07-19,2.32,1,17,22
41692454,The Cozy Corner,302423456,1463417402776536020,Kerri & Andrae,Queens,Jamaica,40.671310,-73.778700,Private room,122,1,402,2026-08-09,5.05,3,316,60
41712212,"Crown Heights Nice, Apt 3",326064814,1463456853260045872,Joslin,Brooklyn,Crown Heights,40.677420,-73.946800,Private room,230,2,201,2026-07-19,2.55,1,336,37
41733738,Brooklyn Private Spot w/Backyard | Quiet Stay,329582733,1469632103040753011,Noel,Brooklyn,Bergen Beach,40.628060,-73.914450,Private room,207,2,213,2026-06-27,2.68,1,282,12
41798673,Cirlu Pride,209921907,1469095305298867393,Erma,Brooklyn,Crown Heights,40.670196,-73.927584,Private room,145,2,66,2026-07-14,0.84,1,121,9
42377787,Charming & Bright Ensuite next to Prospect Park!,4375988,1462535214882003376,Keturah,Brooklyn,Prospect-Lefferts Gardens,40.659180,-73.955270,Private room,271,4,82,2026-07-20,1.39,2,101,22
42379755,The Manhattan Club New York City,296130757,1463404912423966699,Jay,Manhattan,Midtown,40.765570,-73.980130,Private room,1048,2,1,2025-12-21,0.13,2,364,1
42438973,La Sienna Beautiful Prewar #2,1171497,1462538805132789329,Yvette,Manhattan,Harlem,40.808160,-73.951920,Entire home/apt,224,4,70,2026-05-16,0.89,9,58,4
42486136,Large Sunny Coastal Suite: Private Bath & Balcony,174304501,1468690938227077021,Araz,Brooklyn,Manhattan Beach,40.576530,-73.951990,Private room,321,2,140,2026-07-26,3.84,1,345,51
42516466,Beautiful apartment just 20 mins to Manhattan,34322330,1465503494399171089,Natalia,Queens,Ridgewood,40.702210,-73.906460,Entire home/apt,316,5,62,2026-05-23,1.39,1,270,18
42579881,AKA Times Square - PH One Bedroom Suite w/ Wet bar,176950781,1468713843233332236,AKA Times Square,Manhattan,Theater District,40.757200,-73.985090,Entire home/apt,325,7,68,2026-07-27,0.95,17,361,9
43104937,Artsy Clinton Hill Hideout,51965453,1462721480025245488,Sarah,Brooklyn,Bedford-Stuyvesant,40.696480,-73.959030,Private room,202,1,215,2026-07-13,2.79,1,286,29
43132765,Bright Room 20 min from Manhattan !,224340103,1469190675853737881,Vincent,Brooklyn,Bedford-Stuyvesant,40.684180,-73.914870,Private room,168,1,201,2026-08-08,5.10,2,165,61
43185743,2 Bedrooms near train 15 mins to NYC,9285314,1462810258375896039,Monica,Brooklyn,Bedford-Stuyvesant,40.694970,-73.932350,Private room,331,1,231,2026-07-26,4.54,2,321,42
43245957,138 Bowery-Modern Queen Studio,51548122,1462720105999480644,Jeniffer,Manhattan,Little Italy,40.719980,-73.995790,Entire home/apt,197,4,62,2026-07-12,0.92,51,60,13
41840320,Private Bedroom in Victorian Harlem Mansion,3777978,1462639270116695403,Tony,Manhattan,Harlem,40.824050,-73.946030,Private room,156,2,218,2026-08-05,3.44,3,75,55
42058731,"Clean, Quiet Room in Williamsburg",11866840,1462874872602997790,Stephen,Brooklyn,Williamsburg,40.716380,-73.941370,Private room,190,4,64,2026-07-20,0.82,2,191,4
42645101,Luxury living XL spacious Apt. Magnificent Views,335368354,1469648946826029267,⁨Sara. 'Ciel212 Luxury Residences'⁩,Manhattan,Hell's Kitchen,40.760520,-73.996450,Entire home/apt,1884,5,184,2026-07-20,2.35,1,243,3
42672172,Near Gramercy Park/ Private Entrance,339778197,1469663440518605660,H Matt,Manhattan,Gramercy,40.734120,-73.988620,Private room,170,1,330,2026-07-25,4.26,1,35,49
43497073,"Rockaway Beach, walk to local hotspots!",24770539,1462630745866850976,Joe,Queens,Belle Harbor,40.581160,-73.850750,Entire home/apt,300,1,264,2026-07-16,3.49,1,38,70
43498999,Gorgeous bedroom suite in a brownstone duplex,66286,1462508202241767912,Liat,Brooklyn,Bedford-Stuyvesant,40.686350,-73.942220,Private room,190,3,88,2026-07-26,1.42,1,258,27
43518331,Master bedroom w/ private bath,191924030,1468997590916178596,Monisha,Queens,South Ozone Park,40.672910,-73.813370,Private room,132,1,339,2026-07-27,4.51,2,360,52
42746488,Best Quiet Apartment / Union Square,340446368,1469666134414574181,Pon,Manhattan,Gramercy,40.734370,-73.987280,Entire home/apt,200,1,341,2026-07-11,4.41,1,56,59
42817298,Comfortable beautiful home with free movie tickets,31796537,1465467157990785989,James,Brooklyn,Canarsie,40.639320,-73.912320,Private room,156,1,89,2026-08-09,1.78,2,269,17
43266587,138 Bowery-Classic Studio,51548122,1462720105999480644,Jeniffer,Manhattan,Nolita,40.720220,-73.994280,Entire home/apt,199,2,76,2026-07-14,1.07,51,27,18
43267312,138 Bowery-Classic Studio,51548122,1462720105999480644,Jeniffer,Manhattan,Nolita,40.720320,-73.995480,Entire home/apt,183,4,73,2026-04-10,1.07,51,69,14
43267372,138 Bowery-Modern Studio,51548122,1462720105999480644,Jeniffer,Manhattan,Chinatown,40.718620,-73.995740,Private room,199,7,57,2026-05-25,0.83,51,65,16
43268369,138 Bowery-Modern Queen Studio,51548122,1462720105999480644,Jeniffer,Manhattan,Nolita,40.720090,-73.995180,Entire home/apt,232,2,66,2026-05-31,1.15,51,50,18
43667745,Rosemary - Private 3 BDRM,57186170,1462736549424236191,Deirdre,Brooklyn,Bedford-Stuyvesant,40.682950,-73.944230,Entire home/apt,442,1,173,2026-07-19,2.68,3,289,29
43669374,Midtown Studio near Times Sq & Koreatown,348619646,1469692671301903033,Nomad Studios,Manhattan,Midtown,40.748120,-73.988890,Entire home/apt,209,1,62,2026-07-09,0.83,50,6,6
43688142,K-Town Next to Times Sq 7 /Dyson Airwrap Available,211549023,1463186405393932209,JGSTAY - Koreatown,Manhattan,Midtown,40.746420,-73.986750,Entire home/apt,207,1,107,2026-06-12,1.47,13,99,18
43703359,A+ Location Deluxe Studio(4 beds) #2,348619646,1469692671301903033,Nomad Studios,Manhattan,Midtown,40.748360,-73.986770,Entire home/apt,279,1,64,2026-07-11,0.86,50,2,4
43731306,A+ Location Comfort Stay Studio 3 beds #2,348619646,1469692671301903033,Nomad Studios,Manhattan,Midtown,40.746540,-73.987090,Entire home/apt,279,1,120,2026-07-20,1.63,50,357,13
43738037,"42 W 58th St, Boutique Apt, 24/7 Onsite Team",176950173,1468713839790557670,AKA Central Park,Manhattan,Midtown,40.765460,-73.975820,Entire home/apt,599,29,0,,,28,354,0
43741958,"2BR Lux Apt w/ Private Terrace, 24/7 Onsite Team",176950173,1468713839790557670,AKA Central Park,Manhattan,Midtown,40.764760,-73.974720,Entire home/apt,1508,29,0,,,28,329,0
43742522,Cozy Room Near JFK,191924030,1468997590916178596,Monisha,Queens,South Ozone Park,40.674560,-73.811790,Private room,126,1,519,2026-07-27,6.92,2,363,60
43270798,138 Bowery-Modern Queen Studio,51548122,1462720105999480644,Jeniffer,Manhattan,Little Italy,40.719830,-73.995870,Private room,203,4,38,2026-07-22,0.50,51,68,14
43271004,138 Bowery Suite w. Living Room Space,51548122,1462720105999480644,Jeniffer,Manhattan,Lower East Side,40.718830,-73.993780,Entire home/apt,286,4,77,2026-05-03,1.02,51,80,15
43310098,138 Bowery-Classic Queen Studio,51548122,1462720105999480644,Jeniffer,Manhattan,Little Italy,40.718870,-73.995840,Entire home/apt,156,2,74,2026-03-27,0.98,51,74,10
43310157,138 Bowery-Modern Queen Studio,51548122,1462720105999480644,Jeniffer,Manhattan,Nolita,40.720250,-73.995330,Entire home/apt,228,7,62,2026-06-15,0.93,51,50,10
43310180,138 Bowery-Modern Queen Studio,51548122,1462720105999480644,Jeniffer,Manhattan,Lower East Side,40.719840,-73.993910,Entire home/apt,174,4,68,2026-07-26,0.90,51,85,14
43310275,138 Bowery-Modern Queen Studio,51548122,1462720105999480644,Jeniffer,Manhattan,Lower East Side,40.718260,-73.994160,Entire home/apt,228,5,46,2026-05-20,0.65,51,79,16
43310301,138 Bowery-Modern Queen Studio,51548122,1462720105999480644,Jeniffer,Manhattan,Little Italy,40.719670,-73.995950,Entire home/apt,230,4,54,2026-07-12,0.83,51,86,12
43310986,138 Bowery-Classic Queen Studio,51548122,1462720105999480644,Jeniffer,Manhattan,Chinatown,40.718640,-73.995610,Entire home/apt,158,4,91,2026-07-22,1.22,51,83,14
43311037,138 Bowery-Modern Queen Studio,51548122,1462720105999480644,Jeniffer,Manhattan,Lower East Side,40.718680,-73.993710,Entire home/apt,228,15,62,2026-07-21,0.89,51,83,15
43311186,138 Bowery-Classic Queen Studio,51548122,1462720105999480644,Jeniffer,Manhattan,Little Italy,40.719910,-73.995910,Entire home/apt,181,4,94,2026-07-18,1.24,51,85,16
43311252,138 Bowery-Modern Queen Studio,51548122,1462720105999480644,Jeniffer,Manhattan,Lower East Side,40.718830,-73.993700,Entire home/apt,202,4,84,2026-07-19,1.11,51,79,18
43311287,138 Bowery-Modern Queen Studio,51548122,1462720105999480644,Jeniffer,Manhattan,Chinatown,40.718810,-73.996050,Entire home/apt,162,4,52,2026-07-26,0.69,51,89,14
43311320,138 Bowery-Modern Queen Studio,51548122,1462720105999480644,Jeniffer,Manhattan,Little Italy,40.719920,-73.995840,Entire home/apt,219,4,63,2026-05-30,0.87,51,80,8
43311409,138 Bowery-Studio Suite w. Dining Area,51548122,1462720105999480644,Jeniffer,Manhattan,Little Italy,40.719880,-73.995560,Entire home/apt,259,7,59,2026-07-24,0.79,51,43,9
43315188,138 Bowery-Classic Studio,51548122,1462720105999480644,Jeniffer,Manhattan,Chinatown,40.718050,-73.994600,Entire home/apt,222,4,90,2026-07-20,1.19,51,84,17
43315277,138 Bowery-Queen Studio,51548122,1462720105999480644,Jeniffer,Manhattan,Lower East Side,40.718820,-73.993730,Entire home/apt,231,19,42,2026-07-20,0.56,51,57,12
43315319,138 Bowery-Modern Studio,51548122,1462720105999480644,Jeniffer,Manhattan,Nolita,40.720270,-73.995670,Private room,197,4,61,2026-06-27,0.86,51,49,14
43315428,138 Bowery-Classic Studio,51548122,1462720105999480644,Jeniffer,Manhattan,Chinatown,40.718630,-73.995620,Entire home/apt,200,4,79,2026-07-18,1.05,51,74,19
43315528,138 Bowery-Classic Queen Studio,51548122,1462720105999480644,Jeniffer,Manhattan,Little Italy,40.719880,-73.995470,Entire home/apt,232,15,63,2026-06-30,0.95,51,56,12
43315639,138 Bowery-Modern Queen Studio,51548122,1462720105999480644,Jeniffer,Manhattan,Chinatown,40.718400,-73.996030,Entire home/apt,228,15,58,2026-07-26,0.80,51,54,13
43358518,Incredible Beach House -Spectacular Ocean View!,151139612,1468485064177081502,Wilson,Queens,Arverne,40.588549,-73.791464,Entire home/apt,600,2,182,2026-08-09,2.42,1,228,40
43753422,"Perfect Midtown Manhattan Apt 2 BR, Full Kitchen",176950173,1468713839790557670,AKA Central Park,Manhattan,Midtown,40.764940,-73.974620,Entire home/apt,1097,29,0,,,28,362,0
43831018,Full 1200 sq ft floor in Park Slope Brownstone,7478124,1462733017131972993,Igor,Brooklyn,Park Slope,40.675694,-73.976036,Entire home/apt,763,2,269,2026-07-20,3.62,1,89,50
43856156,Beautiful One Bedroom Apartment,221844597,1469173374106855574,Ayana,Queens,St. Albans,40.688195,-73.765184,Private room,152,1,270,2026-08-04,5.27,1,325,62
43860696,Beautiful room in boutique house (Brooklyn),128244964,1462935480079179259,Camila,Brooklyn,Crown Heights,40.674100,-73.926690,Private room,107,3,43,2026-07-31,0.58,3,92,21
43869863,Vinyl TwistedVintageNY Beach HotTub JFK surf,168054716,1468625586267518143,Nanonte,Queens,Rockaway Beach,40.588560,-73.814980,Private room,220,2,75,2026-07-24,1.01,4,87,5
43894383,Central Midtown Studio – Walk to Times Square,348619646,1469692671301903033,Nomad Studios,Manhattan,Midtown,40.746180,-73.988110,Entire home/apt,326,1,38,2023-08-25,0.51,50,3,0
43895124,Midtown Urban Stay near Herald Square - 2 beds,348619646,1469692671301903033,Nomad Studios,Manhattan,Midtown,40.747670,-73.986820,Entire home/apt,270,1,67,2026-07-05,0.92,50,3,3
43961545,One Bedroom | Backyard | Laundry,303026719,1469552973666325842,Mohammed,Brooklyn,East New York,40.674460,-73.876850,Private room,211,4,70,2026-07-26,1.37,1,337,14
43997163,CheKells Cozy stay close to everything  Free WIFI,333256736,1467667758203510116,CherryAnn,Brooklyn,Canarsie,40.638670,-73.909580,Private room,345,2,80,2025-10-12,1.09,1,262,3
44496053,Modern sunny Apt steps from Prospect Park & subway,360086075,1487966900858827858,Yang And Su,Brooklyn,Windsor Terrace,40.658635,-73.983966,Private room,510,2,129,2026-07-22,1.86,1,139,23
44505052,A+ Location Studio Apartment (Queen Bed & Futon),348619646,1469692671301903033,Nomad Studios,Manhattan,Midtown,40.746200,-73.987130,Entire home/apt,269,1,13,2021-07-25,0.18,50,32,0
44506417,Elegant Guest Room w/Private bathroom,178176640,1468723258779266088,Lulu,Brooklyn,Bergen Beach,40.628310,-73.916710,Private room,217,1,138,2025-11-03,1.97,1,68,8
44506958,A+ Location Classic Loft Studio,348619646,1469692671301903033,Nomad Studios,Manhattan,Midtown,40.746550,-73.988840,Entire home/apt,206,1,194,2026-07-07,2.72,50,4,4
44594337,Midtown Studio Near Herald Square | 3 Double Beds,348619646,1469692671301903033,Nomad Studios,Manhattan,Midtown,40.747930,-73.986810,Entire home/apt,249,1,332,2026-07-27,4.54,50,360,120
44748353,138 Bowery-Spacious King Suite,51548122,1462720105999480644,Jeniffer,Manhattan,Nolita,40.720090,-73.994620,Entire home/apt,209,4,82,2026-06-27,1.13,51,54,18
44749512,138 Bowery-Spacious King Suite,51548122,1462720105999480644,Jeniffer,Manhattan,Lower East Side,40.718580,-73.993690,Entire home/apt,263,2,64,2026-07-24,0.88,51,66,13
44938771,Retreat to a Stylish Apt with a Caribbean vibe,177562964,1468718536790431816,Marco,Brooklyn,East Flatbush,40.647230,-73.927230,Private room,167,3,133,2026-07-20,1.96,1,154,15
45013494,138 Bowery-Modern Queen Studio,51548122,1462720105999480644,Jeniffer,Manhattan,Lower East Side,40.718750,-73.993990,Entire home/apt,218,15,55,2026-07-25,0.93,51,86,19
44049457,138 Bowery-Classic Queen Studio,51548122,1462720105999480644,Jeniffer,Manhattan,Lower East Side,40.719420,-73.993860,Entire home/apt,194,15,70,2026-06-28,1.11,51,65,17
44101621,Lovely 2bed/2bath w/ Unbeatable Location,378112960,1469772105806202515,Alex,Manhattan,Hell's Kitchen,40.761248,-73.991894,Entire home/apt,498,1,266,2026-07-21,3.63,11,133,47
44281187,Spacious corner studio near Herald Square,348619646,1469692671301903033,Nomad Studios,Manhattan,Midtown,40.748080,-73.988220,Entire home/apt,279,1,403,2026-07-20,5.62,50,360,68
44282642,Perfect 2Bed 1Bath for Healthcare Professionals,356981374,1463519302280268700,Roxanne,Bronx,Baychester,40.869190,-73.840740,Private room,169,1,88,2026-06-19,1.22,1,218,12
44320456,A+ Location Comfort Queen Studio. #1,348619646,1469692671301903033,Nomad Studios,Manhattan,Midtown,40.746140,-73.987010,Entire home/apt,249,1,113,2026-07-26,1.56,50,355,25
44320572,138 Bowery- Suite w. Living Room Space,51548122,1462720105999480644,Jeniffer,Manhattan,Nolita,40.720170,-73.995830,Entire home/apt,289,4,78,2026-06-10,1.06,51,74,13
45089241,Urban Calm - Midtown Sanctuary,348619646,1469692671301903033,Nomad Studios,Manhattan,Midtown,40.748380,-73.988220,Private room,209,1,115,2026-06-17,1.61,50,8,11
45143239,Brooklyn Garden Apartment,242924411,1469289445406081349,James And Laureta,Brooklyn,Bedford-Stuyvesant,40.684870,-73.954450,Entire home/apt,308,1,206,2026-07-27,2.85,7,334,34
45224909,A+ Location Comfort Queen Studio 3B,348619646,1469692671301903033,Nomad Studios,Manhattan,Midtown,40.746370,-73.987260,Entire home/apt,268,1,21,2026-06-08,0.30,50,4,2
45261830,A+ Location Studio Apartment (Loft Beds Pod),348619646,1469692671301903033,Nomad Studios,Manhattan,Midtown,40.746320,-73.988040,Entire home/apt,246,1,274,2026-07-22,3.98,50,363,46
45261941,Midtown Manhattan Studio – Walk to Times Square,348619646,1469692671301903033,Nomad Studios,Manhattan,Midtown,40.747970,-73.988470,Entire home/apt,246,1,182,2026-07-05,2.52,50,3,2
45268111,Private Entry Luxury 2 BR Home with Outdoor Space,39162543,1465585051824268729,Jeff,Bronx,Morris Heights,40.849880,-73.923230,Private room,313,2,66,2026-07-21,1.04,4,351,4
45270114,Midtown NYC Family Studio – 3 Beds Near Herald Sq,348619646,1469692671301903033,Nomad Studios,Manhattan,Midtown,40.746390,-73.988500,Entire home/apt,251,1,44,2022-05-28,0.61,50,8,0
45270317,Quiet Midtown Studio – Central Manhattan Stay,348619646,1469692671301903033,Nomad Studios,Manhattan,Midtown,40.748160,-73.987370,Entire home/apt,226,1,20,2025-03-04,0.28,50,3,0
45270476,Midtown Studio near Penn Station -,348619646,1469692671301903033,Nomad Studios,Manhattan,Midtown,40.747570,-73.988770,Entire home/apt,246,1,33,2023-07-15,0.46,50,3,0
45591853,138 Bowery- Suite w. Living Room Space,51548122,1462720105999480644,Jeniffer,Manhattan,Lower East Side,40.720180,-73.994030,Entire home/apt,194,4,59,2026-07-24,0.84,51,88,14
45595732,138 Bowery spacious modern studio,51548122,1462720105999480644,Jeniffer,Manhattan,Little Italy,40.719480,-73.995960,Entire home/apt,219,5,48,2026-07-21,0.68,51,82,17
45595993,138 Bowery-Studio Suite w. Dining Area,51548122,1462720105999480644,Jeniffer,Manhattan,Lower East Side,40.719580,-73.993910,Entire home/apt,194,2,74,2026-07-12,1.05,51,43,11
45623054,"Crown Heights Chic, Spacious & Centrally Located!",40490484,1465603396024642304,Wanda,Brooklyn,Crown Heights,40.671770,-73.948990,Private room,299,3,214,2026-07-19,3.80,1,290,39
45398227,Spacious Midtown NYC Studio - Walk to Times Square,348619646,1469692671301903033,Nomad Studios,Manhattan,Midtown,40.748230,-73.986900,Entire home/apt,246,1,4,2026-03-08,0.07,50,6,2
45527090,Comfy Quiet Retreat: 1 BR & 1 Pvt Bathroom,368570321,1469744207778493532,Ivan,Brooklyn,South Slope,40.666730,-73.985630,Private room,326,2,325,2026-07-28,4.56,1,241,56
45527936,Modern guest suite near subway & JFK,368580200,1469744230434907947,Nasir,Brooklyn,East New York,40.674280,-73.886210,Private room,163,1,259,2026-08-06,5.92,1,355,66
45530370,Superior Double Room with City View,314151200,1469591667221050708,The Wall Street Inn,Manhattan,Financial District,40.704624,-74.010269,Private room,290,1,15,2025-11-25,0.42,8,336,1
46179119,Naranja Private Room,1171497,1462538805132789329,Yvette,Manhattan,Harlem,40.809160,-73.951480,Private room,166,3,73,2026-08-02,1.04,9,58,7
46194587,Two Story 2 BR Brooklyn Brownstone apt | BED STUY,4752644,1462664722825235302,Ria,Brooklyn,Bedford-Stuyvesant,40.684540,-73.918620,Entire home/apt,641,2,59,2026-07-06,0.92,1,79,13
46212641,Modern 4BR 2Bath Apt,517966,1462520538262454937,Shean,Brooklyn,East Flatbush,40.655820,-73.933800,Entire home/apt,936,3,48,2026-07-20,1.22,2,166,15
45658557,Calabasa Private Room,1171497,1462538805132789329,Yvette,Manhattan,Harlem,40.807900,-73.950120,Private room,168,4,41,2026-05-31,0.58,9,58,4
45691383,138 Bowery-Classic Queen Studio,51548122,1462720105999480644,Jeniffer,Manhattan,Lower East Side,40.720340,-73.993870,Entire home/apt,174,4,69,2026-07-27,0.97,51,89,13
45697372,138 Bowery-King Suite w. Living Room Space,51548122,1462720105999480644,Jeniffer,Manhattan,Lower East Side,40.718440,-73.993830,Entire home/apt,200,4,65,2026-07-23,0.92,51,65,14
45697850,138 Bowery-Studio Suite w. Dining Area,51548122,1462720105999480644,Jeniffer,Manhattan,Lower East Side,40.719590,-73.993900,Entire home/apt,191,4,69,2026-05-04,1.08,51,45,14
45733243,Broadway Family Escape,370725742,1469749872352682044,Lidia,Manhattan,Midtown,40.748140,-73.986640,Entire home/apt,350,1,125,2026-07-21,1.95,4,315,38
45738048,138 Bowery-Classic Studio,51548122,1462720105999480644,Jeniffer,Manhattan,Chinatown,40.718040,-73.995290,Entire home/apt,173,4,84,2026-07-14,1.18,51,56,24
45741437,"A cozy room by the park, 3 mins walk to the train",96876878,1467167038357962342,Ting,Brooklyn,Brownsville,40.667900,-73.922980,Private room,98,2,54,2026-07-25,3.15,2,186,33
45747355,138 Bowery-Studio Suite w. Dining Area,51548122,1462720105999480644,Jeniffer,Manhattan,Chinatown,40.718180,-73.995340,Entire home/apt,234,4,66,2026-07-20,0.95,51,62,8
45752036,138 Bowery-Modern Studio,51548122,1462720105999480644,Jeniffer,Manhattan,Lower East Side,40.718300,-73.994180,Entire home/apt,254,15,70,2026-07-14,0.99,51,66,18
45752267,138 Bowery-Modern Studio,51548122,1462720105999480644,Jeniffer,Manhattan,Chinatown,40.718480,-73.995850,Entire home/apt,188,4,61,2026-07-20,0.87,51,47,11
45754690,La Sienna Guesthouse Serene Setting #9,1171497,1462538805132789329,Yvette,Manhattan,Harlem,40.808130,-73.949630,Private room,107,3,39,2026-08-03,0.55,9,58,9
45809231,Economy,86414330,1462840021477047246,Willie,Queens,Astoria,40.756120,-73.927038,Private room,190,1,201,2026-07-21,3.22,1,113,34
45834849,Home away from Home,347560493,1469689135188546023,Tracey,Queens,East Elmhurst,40.762120,-73.873150,Private room,239,1,68,2026-07-19,0.97,3,365,5
46354423,138 Bowery Suite w. Living Room Space,51548122,1462720105999480644,Jeniffer,Manhattan,Lower East Side,40.720270,-73.993740,Entire home/apt,194,4,65,2026-03-24,0.93,51,87,9
46354444,Family Studio in the Heart of Chelsea Neighborhood,266533448,1463340846121833160,Chelsea Inn Hotel,Manhattan,Chelsea,40.738680,-73.994560,Entire home/apt,300,1,353,2026-08-01,5.09,5,226,27
46419316,A+ Location Comfort Stay Studio (3 Beds) #3,348619646,1469692671301903033,Nomad Studios,Manhattan,Midtown,40.747660,-73.987020,Entire home/apt,279,1,122,2026-07-06,1.75,50,343,17
46436269,Free Access to Manhattan with Free Parking,375692991,1469765203313295040,Jovanna,Staten Island,St. George,40.641420,-74.083460,Private room,158,2,228,2026-08-06,3.28,1,202,41
46436583,A+ Location Comfort Stay Queen Studio #6,348619646,1469692671301903033,Nomad Studios,Manhattan,Midtown,40.746650,-73.988800,Entire home/apt,273,1,99,2026-07-15,1.62,50,359,18
46468503,Perfect NYC Location! Comfy Room + Amazing View,688153475,1470717099970736299,Bel And Camila,Manhattan,Roosevelt Island,40.761750,-73.950670,Private room,281,1,170,2026-07-25,2.72,1,48,43
46502639,Modern Brooklyn Stay Near L Train + JFK Access,376119631,1463559872841881615,Shawanda,Brooklyn,East New York,40.659180,-73.892410,Entire home/apt,464,3,40,2026-08-09,0.87,1,48,12
46527677,138 Bowery-Classic Studio,51548122,1462720105999480644,Jeniffer,Manhattan,Nolita,40.720110,-73.995630,Entire home/apt,247,4,80,2026-07-21,1.16,51,80,19
46535498,Grounding Circle Midtown Studios,348619646,1469692671301903033,Nomad Studios,Manhattan,Midtown,40.746270,-73.988010,Private room,209,1,66,2026-05-03,0.95,50,8,5
45909943,Private Room in the Heart of East Village!,346906516,1469687516824923561,Laura,Manhattan,East Village,40.721550,-73.979880,Private room,239,1,109,2026-08-09,1.71,2,84,45
45933728,Brooklyn is Awesome.  2 bedroom apartment,52403444,1465847906359504219,R.J,Brooklyn,Bedford-Stuyvesant,40.689760,-73.945020,Entire home/apt,416,1,312,2026-07-21,4.42,3,28,32
45976871,Lux 2bd/1bth apt by Central Park,11179416,1462858916423905693,Zoe,Manhattan,East Harlem,40.788754,-73.947397,Private room,321,1,34,2026-07-30,1.04,1,148,26
46025711,138 Bowery-Classic Queen Studio,51548122,1462720105999480644,Jeniffer,Manhattan,Lower East Side,40.718640,-73.993880,Entire home/apt,189,4,67,2026-05-24,0.98,51,81,10
46067261,La Sienna Guesthouse Serene Setting #4,1171497,1462538805132789329,Yvette,Manhattan,Harlem,40.809680,-73.949690,Private room,140,4,30,2026-08-04,0.43,9,58,3
46640630,Charming Place in Brooklyn,377006945,1469769115467221680,Shane,Brooklyn,Canarsie,40.627500,-73.900600,Private room,192,3,164,2026-08-04,2.47,1,211,24
46546926,Urban Soul - Herald Square Stay,348619646,1469692671301903033,Nomad Studios,Manhattan,Midtown,40.748230,-73.987220,Private room,278,1,138,2026-07-23,2.02,50,6,15
46566048,Artist Home Guest Suite (3 Min From Train) — Apt 2,16139880,1462979514644947917,Ksenia,Brooklyn,Bedford-Stuyvesant,40.677790,-73.916760,Private room,510,1,157,2026-07-20,2.37,1,102,34
46601386,Guest suite w/Pvt entry in Queens,342323079,1469673213507351710,Cathy,Queens,Forest Hills,40.715690,-73.853790,Private room,169,2,287,2026-07-26,4.16,1,218,51
46894179,Affordable Private Room with common space shared.,54407723,1462728775291506269,Charlie,Queens,Bayside,40.772280,-73.777660,Private room,153,2,33,2026-07-05,0.51,3,336,7
46895055,Master Bedroom with balcony | 35 Min to Manhattan,54407723,1462728775291506269,Charlie,Queens,Bayside,40.773750,-73.777760,Private room,227,2,24,2026-06-08,0.39,3,64,6
46895868,Premium Room in Bayside Queens|35 Min to Manhattan,54407723,1462728775291506269,Charlie,Queens,Bayside,40.774480,-73.775730,Private room,190,2,36,2026-05-31,0.53,3,72,8
46902179,Beautiful Studio Midtown 45 NYC,104401000,1467254914203491319,Maxx,Manhattan,Midtown,40.753630,-73.972930,Private room,371,2,5,2025-09-26,0.10,1,168,1
46913873,Harlem comfort,378956905,1469774396300187927,Christopher,Manhattan,Harlem,40.817520,-73.945210,Private room,343,2,124,2026-08-03,1.86,2,244,21
46991303,COZY & ALL PRIVATE SPACE  close to RUMC & SIUH,379883703,1463567155759503581,Desmond,Staten Island,Port Richmond,40.631640,-74.132010,Private room,369,1,64,2026-03-29,1.03,1,364,2
46645146,Nomad Sanctuary Studios Midtown-NYC,348619646,1469692671301903033,Nomad Studios,Manhattan,Midtown,40.747670,-73.986720,Private room,278,1,53,2026-04-20,0.77,50,6,6
46658177,Midtown Stay near Herald Sq & Koreatown,348619646,1469692671301903033,Nomad Studios,Manhattan,Midtown,40.746170,-73.986840,Entire home/apt,249,1,28,2026-04-25,0.41,50,8,1
46706771,Midtown 31st Studio (4 Beds) Near Penn Station,348619646,1469692671301903033,Nomad Studios,Manhattan,Midtown,40.747520,-73.986750,Private room,279,1,50,2026-04-19,0.75,50,3,3
46751044,Midtown Duplex Near Herald Square | 6 Beds,348619646,1469692671301903033,Nomad Studios,Manhattan,Midtown,40.747870,-73.988470,Entire home/apt,518,1,130,2026-07-16,1.99,50,174,6
46791082,Times Square Studio near Restos & Shopping,378112960,1469772105806202515,Alex,Manhattan,Hell's Kitchen,40.761248,-73.991894,Entire home/apt,243,1,316,2026-08-03,4.62,11,166,63
47026093,Room in cozy apartment (5min-train) (15min-NYC),179657707,1463072816268784482,Andres,Brooklyn,Bushwick,40.703420,-73.912260,Private room,175,3,168,2026-07-28,2.64,1,46,31
47045396,138 Bowery Modern Queen Studio,51548122,1462720105999480644,Jeniffer,Manhattan,Chinatown,40.718410,-73.995730,Entire home/apt,175,4,31,2026-07-20,0.85,51,89,12
47047419,Largest Townhouse in NYC-Steps to Central Park,380290574,1469776934908728682,Karen,Manhattan,Upper East Side,40.777130,-73.955360,Entire home/apt,2230,2,122,2026-08-02,1.82,1,267,22
47048969,Walk to Time Square! Cozy Studio,378112960,1469772105806202515,Alex,Manhattan,Hell's Kitchen,40.761248,-73.991894,Entire home/apt,261,2,258,2026-08-03,3.76,11,179,48
47050312,Cute Studio: Walk to Times Square,378112960,1469772105806202515,Alex,Manhattan,Hell's Kitchen,40.761250,-73.991898,Entire home/apt,265,1,291,2026-07-31,4.25,11,139,62
47050614,"Studio Near Restaurants, Broadway, Shopping",378112960,1469772105806202515,Alex,Manhattan,Hell's Kitchen,40.761248,-73.991894,Entire home/apt,200,1,280,2026-08-03,4.07,11,143,39
47175997,Guest Suite in a bright renovated Brownstone,9946160,1462571960896039662,Ivana,Brooklyn,Bedford-Stuyvesant,40.682050,-73.941000,Private room,324,1,166,2026-08-03,2.48,3,168,31
47183756,Cozy Private Room suite  Near JFK/ UBS Arena,381121555,1469779564043015845,Raychelle,Queens,Rosedale,40.655680,-73.738730,Private room,157,2,145,2026-07-26,2.14,1,342,35
47553112,Tiny Cozy Nest in Midtown Manhattan,382617662,1469783733196945010,Jake,Manhattan,Midtown,40.747950,-73.986930,Entire home/apt,218,1,102,2026-07-24,1.50,7,137,48
47584587,Private Midtown Studio – Steps from Herald Square,348619646,1469692671301903033,Nomad Studios,Manhattan,Midtown,40.748170,-73.987540,Entire home/apt,268,1,3,2026-06-07,0.08,50,5,1
47596692,Chelsea Queen Queen Beds on 28th Street,383332265,1469785835416618095,Alan,Manhattan,Chelsea,40.745520,-73.992270,Private room,262,1,62,2026-07-21,0.93,7,1,3
47761307,Comfort Midtown Studio - Walk to Subway,348619646,1469692671301903033,Nomad Studios,Manhattan,Midtown,40.747830,-73.988780,Entire home/apt,278,1,26,2023-12-26,0.39,50,3,0
47316506,Modern Brooklyn Apt-15 mins JFK-30 mins NYC,200426688,1469045855003633423,Daniel,Brooklyn,Canarsie,40.635030,-73.894280,Entire home/apt,289,2,136,2026-07-01,3.29,1,272,33
47333781,2BR In Times Square Near Restaurants,378112960,1469772105806202515,Alex,Manhattan,Hell's Kitchen,40.761248,-73.991894,Entire home/apt,587,1,249,2026-07-31,3.68,11,146,40
47359500,A+ Location Comfort Lofty & Bright Queen Studio #5,348619646,1469692671301903033,Nomad Studios,Manhattan,Midtown,40.748260,-73.987080,Entire home/apt,279,1,103,2026-06-22,1.51,50,359,17
47395232,Teeny Tiny Bunk Bed Studio in Midtown Manhattan,382617662,1469783733196945010,Jake,Manhattan,Midtown,40.747440,-73.988770,Entire home/apt,188,1,277,2026-07-20,4.08,7,142,47
47396746,Teeny Tiny Bunk Bed Studio in Midtown Manhattan,382617662,1469783733196945010,Jake,Manhattan,Midtown,40.747680,-73.986930,Entire home/apt,248,1,314,2026-07-20,4.63,7,149,48
47397326,Teeny Tiny Bunk Bed Studio in Midtown Manhattan,382617662,1469783733196945010,Jake,Manhattan,Midtown,40.747570,-73.988870,Entire home/apt,268,1,301,2026-07-23,4.43,7,129,50
47444016,Great Apartment in Luxury Building,169505313,1463039695088135446,CasaTuaNYC,Manhattan,Financial District,40.705360,-74.006640,Entire home/apt,248,2,89,2026-08-01,1.76,1,160,41
47474703,Lux. Bedroom in Historical Home/shared backyard,3769020,1462531774674911575,Harry,Manhattan,Harlem,40.822750,-73.946320,Private room,279,1,152,2026-08-07,2.26,1,217,19
47493324,Teeny Tiny Studio in Midtown Manhattan,382617662,1469783733196945010,Jake,Manhattan,Midtown,40.748000,-73.988520,Entire home/apt,278,1,361,2026-07-24,5.33,7,147,58
47848650,Private apartment for medical Staff and student,356623718,1463518532275726742,Aicha,Staten Island,Tompkinsville,40.633520,-74.092510,Entire home/apt,210,3,58,2026-07-22,0.94,6,304,20
47848693,Gorgeous Private room in NYC blocks from RUMC F1R1,356623718,1463518532275726742,Aicha,Staten Island,Tompkinsville,40.631690,-74.092810,Private room,160,3,34,2026-05-23,0.55,6,361,5
47873210,Healthcare nest near all Major Brooklyn hospitals,385647750,1463580604237978607,Louise,Brooklyn,East Flatbush,40.654320,-73.925690,Private room,105,4,32,2026-08-01,0.53,2,41,15
47900810,A safe and luxurious homeaway from home..,324456902,1469616975460994760,Mandi,Brooklyn,East Flatbush,40.640780,-73.951400,Private room,150,2,249,2026-08-03,3.73,1,262,50
47906957,East Flatbush Home Hidden Brooklyn Gem,386139674,1463581865707796274,Kevin,Brooklyn,Brownsville,40.655650,-73.913090,Private room,144,1,479,2026-08-07,7.12,1,181,81
47924038,138 Bowery-Modern Studio,51548122,1462720105999480644,Jeniffer,Manhattan,Lower East Side,40.720230,-73.994010,Private room,171,4,55,2026-07-20,0.83,51,73,17
47933628,Lamartine Chelsea 1A,386345949,1469794979984543497,Chelsea Best,Manhattan,Chelsea,40.748440,-73.995110,Private room,139,1,21,2026-04-11,0.89,28,193,6
48344749,TRYP by Wyndham - Luxury in Times Square / Midtown,38592279,1465577164718430746,Vk,Manhattan,Hell's Kitchen,40.753030,-73.994100,Private room,261,1,11,2024-09-25,0.21,20,8,0
48344963,TRYP by Wyndham-Luxury that sleeps 8-Times Square,38592279,1465577164718430746,Vk,Manhattan,Hell's Kitchen,40.754860,-73.994090,Private room,594,1,64,2025-09-02,0.98,20,8,1
48345047,TRYP by Wyndham - Luxury in Times Square sleeps 8,38592279,1465577164718430746,Vk,Manhattan,Hell's Kitchen,40.752930,-73.993880,Private room,579,1,56,2025-12-29,0.86,20,8,3
48345227,TRYP by Wyndham - Luxury Times Square / Midtown,38592279,1465577164718430746,Vk,Manhattan,Hell's Kitchen,40.754680,-73.994830,Private room,265,1,9,2024-10-31,0.21,20,8,0
48345447,TRYP by Wyndham - Times Square sleeps 6 people,38592279,1465577164718430746,Vk,Manhattan,Hell's Kitchen,40.754870,-73.993740,Private room,445,1,67,2026-07-27,1.04,20,8,12
47977634,Brooklyn Delight! Candy Cane Private Bedroom,385782494,1469793101437171446,Wendell,Brooklyn,East Flatbush,40.656310,-73.926110,Private room,115,2,120,2026-07-20,1.88,4,124,25
47982995,Green Room,386678438,1469795961646104891,Yakov,Manhattan,Upper West Side,40.800050,-73.961380,Private room,275,1,119,2026-07-26,1.79,2,302,28
48030596,A+ Location City Studio (2 Double Beds) #1,348619646,1469692671301903033,Nomad Studios,Manhattan,Midtown,40.747450,-73.988740,Entire home/apt,269,1,416,2026-07-22,6.61,50,345,81
48104025,A+ Location Comfort Studio(3 beds) #4,348619646,1469692671301903033,Nomad Studios,Manhattan,Midtown,40.747590,-73.988950,Entire home/apt,259,1,104,2026-07-24,1.56,50,342,29
48111149,Charming Apt. in Brooklyn with Free Wifi,65925820,1466815106196155246,Kishma,Brooklyn,Bergen Beach,40.625270,-73.913040,Private room,514,1,34,2026-07-19,0.65,2,361,7
48142110,Corey Chic Brownstone -1 Bedroom w/Street Parking,55183922,1465904588262496144,Corey,Brooklyn,Crown Heights,40.673310,-73.946390,Private room,172,3,151,2026-08-08,2.35,1,312,22
48215693,Cozy Bedroom in shared private home,52577963,1465851476066040010,Mark,Queens,Ozone Park,40.676940,-73.838500,Private room,115,5,97,2026-08-10,1.46,5,345,19
48767472,"Family Room, 1 Double size bed and 1 Twin size Bed",263720409,1463333879640074488,Nesva Hotel New York City Vista,Queens,Long Island City,40.753310,-73.935010,Private room,246,1,175,2026-07-31,2.67,12,222,32
48768760,"Family Room, 1 Double size bed and 1 Twin size bed",263720409,1463333879640074488,Nesva Hotel New York City Vista,Queens,Long Island City,40.752570,-73.935560,Private room,134,1,98,2026-05-03,1.50,12,216,5
48773575,Midtown NYC Studio - Walk to Subway - Times Square,348619646,1469692671301903033,Nomad Studios,Manhattan,Chelsea,40.748170,-73.988970,Entire home/apt,259,1,13,2026-07-22,0.21,50,4,11
48790712,Midtown 31st Urban Sanctuary NYC,348619646,1469692671301903033,Nomad Studios,Manhattan,Midtown,40.746190,-73.988910,Private room,274,1,15,2022-06-25,0.24,50,3,0
48825622,CityView Room Private BathSteps from Herald Square,348619646,1469692671301903033,Nomad Studios,Manhattan,Midtown,40.748220,-73.988020,Private room,249,1,21,2024-12-23,0.32,50,8,0
48562814,Hotel Room Queen/Queen Beds Chelsea,383332265,1469785835416618095,Alan,Manhattan,Chelsea,40.745930,-73.992070,Private room,262,1,36,2026-07-04,0.55,7,1,2
48562902,Hotel Room Queen/Queen Beds Chelsea,383332265,1469785835416618095,Alan,Manhattan,Chelsea,40.746950,-73.990620,Private room,262,1,59,2026-07-11,0.90,7,1,8
48563315,Hotel Room Queen/Queen Beds Chelsea,383332265,1469785835416618095,Alan,Manhattan,Chelsea,40.747820,-73.990510,Private room,262,1,42,2026-06-28,0.64,7,1,2
48612262,Cozy room with Private Bathroom in Brooklyn,86213021,1467037746197512160,Alejandro,Brooklyn,East Flatbush,40.642250,-73.949350,Private room,132,1,168,2026-07-26,2.69,1,312,19
48654449,"Private Room Queens, New York",129160124,1468295723592701355,Celina,Queens,Flushing,40.728900,-73.793200,Private room,126,3,199,2026-07-25,3.13,1,133,40
48659103,"D’s Place,  5 mins. to UBS & 10 mins .JFK airport",155791040,1468521074257914585,Donovan,Queens,Queens Village,40.710540,-73.740820,Entire home/apt,236,2,70,2026-07-21,1.10,1,346,12
48721300,"Very Comfy, Airy and Spacious, TV In Every Room!",314868050,1469593748617490395,Angelo,Brooklyn,Sunset Park,40.649930,-74.008490,Private room,229,3,197,2026-07-26,3.12,1,171,36
48740096,Midsize private room with full-size bed,393196534,1469816137776158786,Bodrul,Bronx,Clason Point,40.812570,-73.853710,Private room,103,1,150,2026-07-26,2.38,3,335,29
48741152,Beautiful Cozy Bedroom with an attached bathroom,393196534,1469816137776158786,Bodrul,Bronx,Clason Point,40.811890,-73.855160,Private room,129,1,136,2026-07-26,2.13,3,304,33
49013421,TRYP by Wyndham Times Square / Midtown -King Suite,38592279,1465577164718430746,Vk,Manhattan,Chelsea,40.752790,-73.995080,Private room,267,1,28,2026-07-23,0.47,20,8,4
49022805,"Nesva Hotel, Double Room",263720409,1463333879640074488,Nesva Hotel New York City Vista,Queens,Long Island City,40.754220,-73.935320,Private room,134,1,101,2026-07-20,1.56,12,216,18
49024100,"Comfortable Cozy Entire guests suite, Queens NY.",349395270,1463504198403070368,Juliet,Queens,Laurelton,40.681280,-73.732610,Private room,437,2,127,2026-08-03,2.12,1,237,29
49026948,"Family Room, 1 Double size bed and 1 Twin size bed",263720409,1463333879640074488,Nesva Hotel New York City Vista,Queens,Long Island City,40.754130,-73.934580,Private room,206,1,57,2026-04-26,0.88,12,217,3
49039026,Charming Suite w/King Bed in Ridgewood,150532585,1462985074459700983,Altaf,Queens,Ridgewood,40.703320,-73.901160,Entire home/apt,240,3,79,2026-05-25,1.24,1,257,13
49046539,Midtown 31st Loft (Double Bunk Bed),348619646,1469692671301903033,Nomad Studios,Manhattan,Midtown,40.746390,-73.987000,Entire home/apt,206,1,7,2026-07-07,0.11,50,4,4
49046672,Midtown Sanctuary Studios,348619646,1469692671301903033,Nomad Studios,Manhattan,Midtown,40.746960,-73.986770,Private room,209,1,24,2026-07-17,0.39,50,8,4
49243212,TRYP by Wyndham Midtown Times Square - Sleeps 8,38592279,1465577164718430746,Vk,Manhattan,Hell's Kitchen,40.754400,-73.995390,Private room,592,1,82,2026-07-05,1.32,20,8,13
49244215,TRYP by Wyndham - Luxury that sleeps 6 - Midtown,38592279,1465577164718430746,Vk,Manhattan,Hell's Kitchen,40.754130,-73.993600,Private room,448,1,65,2026-07-21,1.02,20,8,5
49270284,A + Location Superior 3 Beds Studio #2,348619646,1469692671301903033,Nomad Studios,Manhattan,Midtown,40.746160,-73.986820,Entire home/apt,278,1,34,2026-07-26,0.60,50,5,2
49286428,"Private 3rd Floor - 2 beds, full bath, and study",30445086,1462651576759221994,Joshua,Brooklyn,Flatbush,40.643210,-73.964230,Private room,279,2,39,2026-06-29,1.02,1,32,11
49054182,Clean private room in quiet house!,307205588,1469569059348285342,Farah,Queens,Kew Gardens,40.705880,-73.829620,Private room,180,2,69,2026-07-29,1.49,1,351,27
49074929,Midtown 31st Urban Calm Stay - 2 beds,348619646,1469692671301903033,Nomad Studios,Manhattan,Midtown,40.746370,-73.986840,Entire home/apt,246,1,7,2026-06-19,0.11,50,3,2
49088129,Lamartine Chelsea 1B,386345949,1469794979984543497,Chelsea Best,Manhattan,Chelsea,40.750430,-73.995260,Private room,183,1,32,2026-01-03,0.54,28,277,7
49089376,Lamartine Chelsea 1D,386345949,1469794979984543497,Chelsea Best,Manhattan,Chelsea,40.748450,-73.997150,Private room,145,1,1,2025-11-19,0.11,28,316,1
49089414,Lamartine Chelsea 2A,386345949,1469794979984543497,Chelsea Best,Manhattan,Chelsea,40.748420,-73.995820,Private room,236,1,2,2026-04-26,0.34,28,272,2
49089488,Lamartine Chelsea 2C,386345949,1469794979984543497,Chelsea Best,Manhattan,Chelsea,40.749190,-73.997020,Private room,229,1,2,2025-11-18,0.13,28,327,1
49089500,Lamartine Chelsea 2D,386345949,1469794979984543497,Chelsea Best,Manhattan,Chelsea,40.748760,-73.997200,Private room,139,1,3,2026-07-24,0.19,28,300,1
49089513,Lamartine Chelsea 2B,386345949,1469794979984543497,Chelsea Best,Manhattan,Chelsea,40.748500,-73.995510,Private room,144,1,4,2025-04-26,0.15,28,279,0
49089574,Lamartine Chelsea 2E,386345949,1469794979984543497,Chelsea Best,Manhattan,Chelsea,40.750250,-73.997170,Private room,163,1,3,2025-05-04,0.11,28,284,0
49089583,Lamartine Chelsea 2F,386345949,1469794979984543497,Chelsea Best,Manhattan,Chelsea,40.748960,-73.995230,Private room,178,1,7,2026-07-01,0.33,28,271,2
49089593,Lamartine Chelsea 2G,386345949,1469794979984543497,Chelsea Best,Manhattan,Chelsea,40.749800,-73.995160,Private room,189,1,11,2026-07-14,0.43,28,245,9
49089605,Lamartine Chelsea 3A,386345949,1469794979984543497,Chelsea Best,Manhattan,Chelsea,40.748940,-73.994970,Private room,159,1,28,2026-07-31,1.04,28,258,15
49089633,Lamartine Chelsea 3D,386345949,1469794979984543497,Chelsea Best,Manhattan,Chelsea,40.748600,-73.996520,Private room,163,1,1,2025-03-16,0.06,28,306,0
49089728,Lamartine Chelsea 3B,386345949,1469794979984543497,Chelsea Best,Manhattan,Chelsea,40.748350,-73.996460,Private room,147,1,2,2026-05-05,0.39,28,281,2
49089734,Lamartine Chelsea 3E,386345949,1469794979984543497,Chelsea Best,Manhattan,Chelsea,40.750640,-73.996780,Private room,165,1,2,2025-03-29,0.11,28,263,0
49089753,Lamartine Chelsea 3F,386345949,1469794979984543497,Chelsea Best,Manhattan,Chelsea,40.750550,-73.996470,Private room,144,1,2,2026-08-04,0.19,28,288,2
49089760,Lamartine Chelsea 4A,386345949,1469794979984543497,Chelsea Best,Manhattan,Chelsea,40.750310,-73.995320,Private room,174,1,1,2025-07-18,0.08,28,285,0
49089771,Lamartine Chelsea 4B,386345949,1469794979984543497,Chelsea Best,Manhattan,Chelsea,40.750260,-73.995680,Private room,189,1,5,2025-08-24,0.32,28,298,1
49089796,Lamartine Chelsea 4C,386345949,1469794979984543497,Chelsea Best,Manhattan,Chelsea,40.748950,-73.995280,Private room,157,1,1,2025-05-08,0.07,28,334,0
49089859,Lamartine Chelsea 4D,386345949,1469794979984543497,Chelsea Best,Manhattan,Chelsea,40.750440,-73.995760,Private room,144,1,8,2026-06-04,0.30,28,294,2
49092035,Lamartine Chelsea 5A,386345949,1469794979984543497,Chelsea Best,Manhattan,Chelsea,40.749210,-73.997170,Private room,163,1,13,2026-06-22,0.50,28,299,6
49092069,Lamartine Chelsea 5C,386345949,1469794979984543497,Chelsea Best,Manhattan,Chelsea,40.743070,-74.000580,Private room,223,1,4,2025-11-14,0.22,28,304,1
49092077,Lamartine Chelsea 5D,386345949,1469794979984543497,Chelsea Best,Manhattan,Chelsea,40.750420,-73.994970,Private room,152,1,20,2026-04-24,0.73,28,271,3
49092089,Lamartine Chelsea 5E,386345949,1469794979984543497,Chelsea Best,Manhattan,Chelsea,40.750430,-73.995440,Private room,156,1,7,2026-04-14,0.40,28,242,2
49092101,Lamartine Chelsea 4E,386345949,1469794979984543497,Chelsea Best,Manhattan,Chelsea,40.750600,-73.996470,Private room,204,1,18,2026-07-24,0.68,28,261,8
49092125,Lamartine Chelsea 5B,386345949,1469794979984543497,Chelsea Best,Manhattan,Chelsea,40.748530,-73.997010,Private room,204,1,3,2025-05-01,0.13,28,262,0
49113515,TRYP by Wyndham - Sleeps 6 - Midtown /Times Square,38592279,1465577164718430746,Vk,Manhattan,Hell's Kitchen,40.752790,-73.993650,Private room,447,1,55,2026-01-04,0.85,20,8,5
49115431,Private/separate entrance room private full bath,7597108,1462736206852318968,Brenda,Queens,Ditmars Steinway,40.774760,-73.903620,Private room,327,1,28,2026-06-27,1.22,1,329,10
49124533,Hotel Room King Bed Chelsea,383332265,1469785835416618095,Alan,Manhattan,Chelsea,40.746930,-73.992740,Private room,239,1,26,2026-07-18,0.40,7,7,4
49124837,Hotel Room King Bed Chelsea,383332265,1469785835416618095,Alan,Manhattan,Chelsea,40.747660,-73.992270,Private room,243,1,33,2026-06-14,0.51,7,5,11
49124976,Hotel Room King Bed Chelsea,383332265,1469785835416618095,Alan,Manhattan,Chelsea,40.746280,-73.990660,Private room,242,1,38,2025-06-30,0.59,7,5,0
49388478,Manhattan Cozy Studio Near Empire State Building.,204811322,1469068513275857451,⁨Manhattan House Studio.⁩,Manhattan,Midtown,40.747890,-73.987010,Entire home/apt,299,1,276,2026-07-25,4.34,3,200,47
49426040,Luxury Private Perfect for a getaway.,393283611,1463598459609224702,Marianny,Brooklyn,East New York,40.676060,-73.879350,Private room,195,1,427,2026-07-24,6.67,2,194,34
49483226,"Modern, luxury garden bedroom in Park Slope",130929164,1468311154429986304,Laura,Brooklyn,South Slope,40.662480,-73.984720,Private room,301,7,107,2026-07-13,1.70,1,198,11
49528207,Private Guest Space in Brooklyn Garden Townhouse,10612293,1462845140753331760,Jinha,Brooklyn,South Slope,40.667360,-73.990300,Private room,282,3,247,2026-08-03,3.84,1,227,35
49533981,Clean Modern Home In The Bronx,399569723,1469835756409358082,Cristobal,Bronx,Eastchester,40.877990,-73.839190,Private room,287,1,93,2026-08-03,1.60,1,264,15
49209163,Room in Duplex Apartment w/ Private Terrace!,346906516,1469687516824923561,Laura,Manhattan,East Village,40.721210,-73.979450,Private room,231,1,97,2026-08-02,1.51,2,88,35
49651889,One-of-a-kind Historic Carriage House with Rooftop,4989542,1462538285742251378,Evelyn,Manhattan,Lower East Side,40.720074,-73.990692,Shared room,2430,1,108,2026-04-27,1.77,1,33,10
49738307,Private Suite & Entrance Loft in Little Italy/SoHo,181372846,1468750476477483056,William And Wally,Manhattan,Little Italy,40.718472,-73.999318,Private room,751,1,207,2026-08-09,3.38,2,264,43
49756756,Cozy Room with private bathroom in Williamsburg,1103131,1462537044698968828,Andrew,Brooklyn,Williamsburg,40.712810,-73.954620,Private room,182,3,117,2026-08-01,1.88,1,59,23
49775120,Daily Rental Comfortable NY Home Studio Apartment,4852748,1462537576652086555,Michelle,Manhattan,Harlem,40.806940,-73.947090,Entire home/apt,270,3,53,2026-07-06,0.84,10,170,6
49835977,Bright private Room in Cozy Apartment,401904837,1463618303267662757,E And M,Brooklyn,Bushwick,40.688160,-73.914380,Private room,164,1,154,2026-07-27,2.45,2,86,37
49946463,"Terracotta Room | Guest Room, Shared Bath | LES",11280566,1462577912185925072,Paris,Manhattan,Lower East Side,40.719220,-73.991750,Private room,270,1,242,2026-07-18,3.82,1,16,37
50000106,Teeny Tiny Studio in Midtown Manhattan,382617662,1469783733196945010,Jake,Manhattan,Midtown,40.746240,-73.986920,Entire home/apt,358,1,310,2026-07-26,4.92,7,143,59
50032602,Lovely room w/king bed in shared garden duplex.,66926,1462508216169652492,Jennifer,Brooklyn,Bedford-Stuyvesant,40.687120,-73.946870,Private room,150,1,420,2026-08-10,6.73,1,270,114
50060238,"Sunlit studio by the lighthouse, light and views",224047081,1469188618849102698,Brooklyn Evoke,Brooklyn,Sea Gate,40.577060,-74.010590,Private room,203,3,120,2026-08-03,1.90,11,340,33
50106057,UR VACATION HOME NEAR JFK/UBS ARENA,299128204,1469537401564596024,Joseph,Queens,Springfield Gardens,40.690770,-73.748030,Private room,290,2,29,2025-07-22,0.47,3,127,0
50114549,Exclusive Studio 623 | Private Bathroom,401202937,1469841047362978348,Eliza,Manhattan,Midtown,40.747211,-73.987808,Entire home/apt,494,1,198,2026-08-10,3.15,70,141,22
50145063,Quiet garden view (ground level) w/ washer & dryer,13693119,1462919328661180366,Alina,Queens,Astoria,40.774270,-73.927700,Private room,162,3,159,2026-07-27,2.53,1,182,31
50154380,Beautiful Brownstone 1BR Apt in Bedstuy-Brooklyn,112814443,1467361361887818536,Jamal,Brooklyn,Bedford-Stuyvesant,40.683640,-73.944480,Entire home/apt,301,1,257,2026-06-29,4.07,2,222,44
50230523,PEACEFUL RENOVATED STUDIO,9743617,1462822228908630757,Patricia,Manhattan,Harlem,40.815630,-73.943150,Entire home/apt,249,4,89,2026-06-16,1.43,7,274,16
50231254,COZY STUDIO,9743617,1462822228908630757,Patricia,Manhattan,Harlem,40.815810,-73.941220,Entire home/apt,221,4,96,2026-06-29,1.53,7,308,12
50257676,Peaceful top bedroom in bungalow w/ patio,222402911,1487953007545790453,Ina,Queens,Rockaway Beach,40.588640,-73.814080,Private room,134,2,29,2026-08-03,0.59,1,167,1
50287920,Williamsburg Spacious Artist Loft SuperHost 10 yrs,15147054,1462955334713072229,Christopher,Brooklyn,Williamsburg,40.706370,-73.941500,Private room,210,1,158,2026-08-06,2.56,3,328,46
50288716,TRYP by Wyndham -Times Square / Midtown - sleeps4,38592279,1465577164718430746,Vk,Manhattan,Hell's Kitchen,40.754740,-73.994360,Private room,274,1,48,2026-07-23,0.76,20,8,4
50288808,Spacious and Serene East Williamsburg Guest Suite,344974718,1463492526029507567,Hally,Brooklyn,Williamsburg,40.716030,-73.939230,Private room,335,1,247,2026-07-29,4.36,1,213,40
50359042,Williamsburg Guest Suite,179026754,1463071474764962685,Maria,Brooklyn,Williamsburg,40.711130,-73.963990,Private room,282,2,123,2026-08-01,2.56,4,237,33
50394733,Queens Luxury Studio Experience 10mins  from JFK,407101663,1469860922737878340,Crystal,Queens,Jamaica,40.692320,-73.785210,Private room,223,1,114,2026-06-28,1.82,1,143,16
50403831,Minimal Serene Beach Home in Coney Island,7979680,1462746124111829462,Lilac,Brooklyn,Coney Island,40.577300,-73.998070,Private room,293,3,32,2026-07-18,0.62,1,352,2
50213868,Spacious Bright & Airy New York Studio apartment,4852748,1462537576652086555,Michelle,Manhattan,Harlem,40.806250,-73.945350,Entire home/apt,341,3,35,2026-05-03,0.69,10,365,5
50706878,"Room with private patio in Corona, Queens.",49018902,1465745526926433369,Bal,Queens,Corona,40.744160,-73.866800,Private room,187,2,193,2026-07-29,3.11,1,295,32
50729758,"Private, Home Immaculée",409207154,1469868691181451213,Immacula,Brooklyn,Canarsie,40.631290,-73.908060,Private room,221,1,50,2026-07-20,1.38,1,118,17
50731544,Bank Bed and Private Kitchen,409967227,1469871420626657641,Spring,Manhattan,Gramercy,40.733850,-73.985930,Private room,180,1,259,2026-07-28,4.36,1,13,61
50793849,Bright and lovely studio on the quiet block,224047081,1469188618849102698,Brooklyn Evoke,Brooklyn,Sea Gate,40.575780,-74.011750,Private room,144,2,100,2026-08-06,1.61,11,343,23
50795818,2BR Apartment Located in the Heart of Brooklyn,349662394,1463504862990856020,Joanne,Brooklyn,East Flatbush,40.652180,-73.946400,Private room,195,3,136,2026-07-22,2.30,1,310,14
50797765,Cozy & Eclectic Bronx Apartment!,410561414,1469873483785894626,Cindy,Bronx,Pelham Gardens,40.863980,-73.849990,Private room,180,4,76,2026-07-20,1.23,1,343,11
50813895,"Private-Beautiful Place to Stay in Ridgewood, NY",269375752,1469423398944026031,Ana,Queens,Ridgewood,40.709270,-73.905120,Private room,388,1,145,2026-07-18,2.93,1,189,34
50873910,Untitled at 3 Freeman - Sky King,158969505,1463004582436100223,Untitled,Manhattan,Lower East Side,40.722700,-73.993050,Private room,373,1,330,2026-06-13,5.38,12,324,16
50888320,Penthouse Room near Manhattan Bridge in DUMBO,50881897,1465784645391589062,John,Brooklyn,Downtown Brooklyn,40.697220,-73.984970,Private room,172,1,170,2026-08-08,2.75,2,160,60
50892818,Private Brooklyn Suite Near Transit-Washer/Dryer,76943965,1466942770443107313,McArthur,Brooklyn,Canarsie,40.638160,-73.886160,Entire home/apt,218,2,104,2026-08-10,1.68,1,95,29
50953084,Untitled at 3 Freeman - Sky King (ADA),158969505,1463004582436100223,Untitled,Manhattan,Nolita,40.723000,-73.993580,Private room,373,1,144,2026-02-17,2.34,12,243,5
50439347,Cozy Chic private guest suite (up to 4 guests),214428653,1469122654929171524,Abbe,Queens,St. Albans,40.699060,-73.754930,Private room,246,1,98,2026-08-03,1.58,1,106,18
50454030,Private Beautiful 2 bedroom in Brooklyn.,192747450,1469002557728899496,Lashanda,Brooklyn,Crown Heights,40.676650,-73.950780,Private room,266,3,124,2026-07-21,2.02,3,264,20
50480214,Private Suite in Historic Brooklyn Brownstone,4516365,1462659502263471560,Stephanie,Brooklyn,Crown Heights,40.673160,-73.957980,Private room,600,1,215,2026-07-08,3.48,1,337,35
50490000,Stylish 2 bedroom apartment with parking,407896135,1463631210292329924,Salma,Brooklyn,Gerritsen Beach,40.590090,-73.924660,Private room,341,1,153,2026-07-26,2.57,1,172,20
50526392,Room in Queens -10 mins train ride into Manhattan,89211125,1467081634623286949,Elvira,Queens,East Elmhurst,40.757640,-73.898040,Private room,143,2,203,2026-07-20,3.27,1,250,32
50545664,Conveniently located BK House With Lots Of Charm!!,408388828,1469865678628051206,Kwadwo,Brooklyn,Canarsie,40.638290,-73.901120,Entire home/apt,448,3,170,2026-07-25,2.74,1,299,34
50574468,Private Room in Cozy Williamsburg Apartment,112773863,1467360976865764701,Erica,Brooklyn,Williamsburg,40.715980,-73.940230,Private room,224,1,191,2026-08-08,3.08,1,63,37
50619651,Room in Chelsea 5 (Shared Bathroom),408979935,1463633576430998493,The Village House,Manhattan,Chelsea,40.749866,-73.997162,Entire home/apt,139,1,475,2026-07-23,7.71,39,91,80
50634191,Premium Queen C - Yotel Times Square,401277068,1469841331650755204,Yotel New York City,Manhattan,Hell's Kitchen,40.759560,-73.996450,Private room,160,1,313,2026-07-26,6.50,4,26,205
50634288,Premium Queen View A - Yotel Times Square,401277068,1469841331650755204,Yotel New York City,Manhattan,Hell's Kitchen,40.758620,-73.994700,Private room,175,1,326,2026-05-31,5.86,4,26,13
50634330,Premium Queen View B - Yotel Times Square,401277068,1469841331650755204,Yotel New York City,Manhattan,Hell's Kitchen,40.760090,-73.995190,Private room,175,1,833,2026-05-03,15.10,4,26,43
50634369,Premium Queen View C - Yotel Times Square,401277068,1469841331650755204,Yotel New York City,Manhattan,Hell's Kitchen,40.759940,-73.996650,Private room,175,1,161,2025-09-01,2.97,4,26,3
50634986,Private European Garden Apartment,99547346,1462869360136422335,Ann,Manhattan,Washington Heights,40.835690,-73.942930,Entire home/apt,723,1,152,2026-07-05,2.59,1,87,32
50636537,TRYP by Wyndham-Times Square Midtown sleeps 4,38592279,1465577164718430746,Vk,Manhattan,Hell's Kitchen,40.754780,-73.993650,Private room,268,1,61,2026-07-27,1.07,20,8,14
50638762,"Sheepshead bay , Brooklyn stay",409139174,1469868493773743586,Cheryl,Brooklyn,Sheepshead Bay,40.585470,-73.936590,Entire home/apt,455,1,251,2025-11-09,4.07,1,157,15
50639364,"The Queens Perch 
1.5 miles away from JFK Airport",28212095,1465416605321602624,Nina,Queens,Jamaica,40.670620,-73.777750,Entire home/apt,267,1,165,2026-07-30,2.67,1,289,19
50654386,Gorgeous Greenpoint Getaway,17529646,1462602750355746468,Stephen,Brooklyn,Greenpoint,40.721010,-73.947850,Private room,256,2,199,2026-07-26,4.35,1,223,55
50657826,The Morning Sunshine!,348032287,1463500542426581034,The Mini Luxe Suite,Queens,Hollis,40.715050,-73.756430,Private room,118,1,95,2026-06-27,1.53,1,317,21
50977430,Untitled at 3 Freeman - Sky Queen,158969505,1463004582436100223,Untitled,Manhattan,Nolita,40.722510,-73.993580,Private room,353,1,69,2026-08-05,1.12,12,307,2
50992996,Modern space in Williamsburg,117027704,1468198561870152373,Michael,Brooklyn,Williamsburg,40.713180,-73.943260,Private room,275,2,194,2026-07-26,3.35,1,272,32
50998578,"Room Suite in Ocean Hill, BedStuy",6238225,1462544619515409778,Rachael,Brooklyn,Bedford-Stuyvesant,40.682300,-73.912660,Private room,252,2,165,2026-07-21,2.70,1,176,31
51019131,Shered bathroom 2 Bunk Bed + kitchen,408979935,1463633576430998493,The Village House,Manhattan,Chelsea,40.749870,-73.997160,Entire home/apt,197,1,192,2026-07-23,3.12,39,64,25
51023350,Cozy and Comfy East Village Room,88929878,1467078771507449544,Maia,Manhattan,East Village,40.722370,-73.976430,Private room,175,1,229,2026-08-08,3.71,1,162,53
51023989,La Sienna Beautiful Prewar,1171497,1462538805132789329,Yvette,Manhattan,Harlem,40.807880,-73.951480,Entire home/apt,209,4,39,2026-07-15,0.78,9,59,11
51023991,La Sienna Guesthouse Serene Setting Azul,1171497,1462538805132789329,Yvette,Manhattan,Harlem,40.807540,-73.951100,Private room,141,3,26,2026-05-17,0.43,9,62,3
51025107,Spacious NEW Brooklyn Duplex 30 min to Manhattan!,41420874,1465615721842705975,Rochel,Brooklyn,Crown Heights,40.672120,-73.940280,Entire home/apt,614,2,195,2026-07-26,3.23,1,121,44
51059180,NYC Style Family Studio Close To Time Square # 50,345231956,1469682626840654976,Alberto,Manhattan,Midtown,40.746790,-73.986700,Entire home/apt,375,1,116,2026-07-13,1.90,4,301,16
51064101,Cheerful 2 bedroom,413161278,1469882212044808960,Florcie,Brooklyn,East Flatbush,40.648260,-73.928050,Private room,171,3,134,2026-08-02,2.22,1,318,22
51205263,Spacious Private Suite | Parking | 5 min to LGA,414317909,1469886113837433802,Marshawn,Queens,East Elmhurst,40.762970,-73.861840,Private room,393,1,157,2026-07-31,2.56,3,259,33
51205592,Deluxe Room in Greenpoint Apartment,48881919,1465742629885762780,Lauryn,Brooklyn,Williamsburg,40.719420,-73.945530,Private room,160,1,164,2026-08-03,2.67,1,51,71
51215712,"Queen bed, Desk, Books, Large Mirrors & Sunny",33612342,1465491565319006460,Sayra,Brooklyn,Sunset Park,40.661070,-73.993450,Private room,181,2,142,2026-06-22,2.32,5,210,15
51228351,Steps from Bryant Park + Fitness Center,414221490,1469885722022184938,Courtyard New York Manhattan/Fifth Avenue,Manhattan,Midtown,40.751430,-73.980450,Private room,213,1,980,2026-08-08,16.38,2,161,433
51241506,Penthouse Studio East 50s with Roof Terrace,87183086,1467048616250725430,Elizabeth,Manhattan,Midtown,40.755500,-73.969820,Private room,326,1,354,2026-07-29,5.86,1,276,47
50698997,Comfort on Monroe,148102066,1462979589236853304,Zainab,Brooklyn,Bedford-Stuyvesant,40.687560,-73.923380,Private room,165,2,164,2026-07-20,2.64,3,312,33
50702408,Room in Chelsea 2 (Shared Bathroom),408979935,1463633576430998493,The Village House,Manhattan,Chelsea,40.749870,-73.997160,Entire home/apt,142,1,502,2026-07-25,8.14,39,125,81
50702550,Shared bathroom 1 SofaBed + loftbed + kitchen,408979935,1463633576430998493,The Village House,Manhattan,Chelsea,40.749870,-73.997160,Entire home/apt,191,1,195,2026-07-26,3.18,39,85,27
51356492,Cosy Family Charm,79060345,1466966986332748340,Francisco,Manhattan,Midtown,40.746770,-73.986710,Entire home/apt,332,1,151,2026-07-21,2.52,1,315,19
51383927,"Lovely, Sunny, & Spacious Private room",416129697,1463648325958641619,Shay,Brooklyn,Bedford-Stuyvesant,40.690170,-73.930830,Private room,220,1,105,2026-07-19,2.30,1,93,29
51387723,2 private upstairs floors in our townhouse,6323006,1462703528930178059,Kate,Brooklyn,East Flatbush,40.637901,-73.938881,Private room,452,1,67,2026-08-06,1.35,1,121,26
51411254,Untitled at 3 Freeman - Untitled Queen,158969505,1463004582436100223,Untitled,Manhattan,Lower East Side,40.721120,-73.992890,Private room,252,1,225,2026-07-26,3.71,12,302,8
51470664,Master Bedroom in Flushing Queens,70095320,1466867803343810856,Raymond,Queens,Flushing,40.770410,-73.832820,Private room,120,2,74,2026-06-21,1.25,2,261,16
51471374,"Sunny, colorful duplex with many plants",37736027,1487887836471526779,Laetitia,Bronx,Longwood,40.815660,-73.910690,Private room,149,3,114,2026-07-19,1.87,1,277,21
51599200,2 Rooms / Beds in Queens. 10 Minutes from JFK,250965815,1463300686426471559,Sabrina,Queens,Springfield Gardens,40.684970,-73.759420,Private room,197,2,63,2023-09-24,1.12,1,313,0
51619634,Untitled at 3 Freeman - Studio Queen,158969505,1463004582436100223,Untitled,Manhattan,Lower East Side,40.723010,-73.992010,Private room,231,1,2398,2026-08-04,39.59,12,324,243
51684534,Untitled at 3 Freeman - Untitled King,158969505,1463004582436100223,Untitled,Manhattan,Lower East Side,40.722540,-73.993220,Private room,272,1,295,2026-07-09,4.91,12,324,31
51726376,Room A (14 minutes by train from Times Square),208365297,1463158265835452072,Zuleide,Queens,Long Island City,40.754720,-73.937300,Private room,164,1,315,2026-07-22,5.22,3,92,43
51734038,Room B (14 minutes by train from Times Square),208365297,1463158265835452072,Zuleide,Queens,Long Island City,40.756250,-73.937130,Private room,175,1,318,2026-07-27,5.25,3,252,52
51521740,Midtown Urban Stay near Koreatown,348619646,1469692671301903033,Nomad Studios,Manhattan,Midtown,40.746030,-73.988910,Entire home/apt,239,1,5,2026-06-19,0.08,50,8,1
51905886,1 Bedroom Apt | Placemakr Wall Street,420415528,1469908984443542334,Placemakr Wall Street,Manhattan,Financial District,40.704708,-74.006424,Entire home/apt,521,1,47,2025-08-27,0.82,22,266,1
51907134,Luxury Family Suite with Patio,411740512,1469877540249208912,Historic Blue Moon Hotel,Manhattan,Lower East Side,40.719620,-73.990660,Entire home/apt,953,1,47,2026-07-22,0.79,9,351,8
51907246,Junior Suite  in the heart of downtown Manhattan,411740512,1469877540249208912,Historic Blue Moon Hotel,Manhattan,Lower East Side,40.718608,-73.989780,Entire home/apt,372,1,57,2026-05-23,0.95,9,360,23
51907281,Blue Moon Delightful Double Queen with Balcony,411740512,1469877540249208912,Historic Blue Moon Hotel,Manhattan,Lower East Side,40.718050,-73.989060,Entire home/apt,427,1,69,2026-07-20,1.15,9,353,24
51907377,Lush Luxury Apartment with XL Terrace +Insane View,411740512,1469877540249208912,Historic Blue Moon Hotel,Manhattan,Lower East Side,40.718591,-73.989767,Entire home/apt,1007,1,20,2026-04-20,0.33,9,359,2
51920836,Sunny Flatbush Cactus Oasis,334592074,1469646735536043854,Vera,Brooklyn,Flatbush,40.641500,-73.953870,Private room,122,5,118,2026-08-05,1.97,2,287,22
51939606,Gorgeous aparmet with all services in Brooklyn.,413243090,1463642389418348867,Amalia Alejandra,Brooklyn,Cypress Hills,40.686227,-73.873686,Entire home/apt,320,5,101,2026-07-24,1.68,3,230,25
51944357,Heart of Midtown - A Mindful -Studio Stay,348619646,1469692671301903033,Nomad Studios,Manhattan,Midtown,40.746450,-73.988510,Entire home/apt,209,1,5,2022-04-19,0.09,50,8,0
51945222,Untitled 3 Freeman - Studio Queen City View,158969505,1463004582436100223,Untitled,Manhattan,Lower East Side,40.720820,-73.991520,Private room,242,1,1094,2026-07-19,18.37,12,325,33
51772649,A+ Location Premier Family Studio (4 Beds),348619646,1469692671301903033,Nomad Studios,Manhattan,Midtown,40.748090,-73.988520,Entire home/apt,279,1,235,2026-07-24,3.89,50,338,64
52059533,Modern Brooklyn Suite* w/Private Bathroom,28223424,1465416741218167918,Wayne,Brooklyn,East Flatbush,40.664790,-73.927680,Private room,176,1,215,2026-07-20,3.61,1,74,78
52062263,Manhattan  Studio  Near  Empire State  BLDG,22800762,1462622708744463707,Hansem Stay,Manhattan,Chelsea,40.748400,-73.988880,Entire home/apt,285,1,186,2026-07-07,3.16,3,247,32
52062993,Family Studio Near  Empire  State  Buiding,22800762,1462622708744463707,Hansem Stay,Manhattan,Midtown,40.746470,-73.988980,Entire home/apt,342,1,193,2026-07-20,3.30,3,250,34
52096040,“Rustic Urban Cocktail Retreat”: Bright Air Cozy,229149668,1463231542404937952,Paul,Brooklyn,Bedford-Stuyvesant,40.683210,-73.956240,Private room,297,5,61,2026-07-04,1.03,3,255,12
52101440,Lovely two bedroom with patio.,116596381,1468195176577105472,Suncerae,Manhattan,Washington Heights,40.836470,-73.943150,Entire home/apt,457,4,110,2026-07-03,1.84,2,348,10
52110070,Centrally Located Platinum Pearl near JFK,421890661,1469914738007192035,Virginia,Queens,Rosedale,40.662260,-73.738590,Entire home/apt,278,2,37,2026-07-12,0.77,1,216,10
52128553,Luxury Room w/ Backyard + Close Transportation,37787619,1465565587179751061,Trey,Brooklyn,Bedford-Stuyvesant,40.679340,-73.921660,Private room,120,1,215,2026-06-14,3.65,1,98,32
52149565,Untitled at 3 Freeman - Large Freeman Queen (ADA),158969505,1463004582436100223,Untitled,Manhattan,Nolita,40.722390,-73.993610,Private room,289,1,180,2026-07-26,3.04,12,318,8
52155173,A modern Brooklyn dontown hotel near Sunset Park.,422234306,1469916221598062751,King,Brooklyn,Sunset Park,40.649017,-74.000664,Private room,131,1,443,2026-07-23,7.40,2,364,42
52163880,Spacious apt w/close Transit to Manhattan,265651637,1469405106263485567,Dee,Brooklyn,Flatbush,40.631390,-73.949650,Entire home/apt,368,1,95,2026-08-09,1.91,1,52,22
52168422,Cozy Haus NYC 2min from LGA 20min from Manhattan,134140323,1468338768256689938,Elliot,Queens,East Elmhurst,40.766327,-73.870796,Private room,365,2,221,2026-07-23,3.80,1,278,34
52172527,Deluxe Double Queen in lively downtown Manhattan,411740512,1469877540249208912,Historic Blue Moon Hotel,Manhattan,Lower East Side,40.718591,-73.989767,Entire home/apt,482,1,36,2026-07-26,0.60,9,347,6
52172540,Superior King w Shared Balcony Downtown Manhattan,411740512,1469877540249208912,Historic Blue Moon Hotel,Manhattan,Lower East Side,40.718608,-73.989780,Entire home/apt,392,1,50,2026-07-21,0.86,9,357,4
52172548,Superior King in downtown Manhattan,411740512,1469877540249208912,Historic Blue Moon Hotel,Manhattan,Lower East Side,40.718608,-73.989780,Entire home/apt,400,1,41,2026-04-23,0.75,9,354,2
52181849,"Sohotel, Jr Suite King",266797018,1469410832151819219,Sohotel,Manhattan,Lower East Side,40.718300,-73.993590,Private room,495,1,0,,,13,321,0
52191839,"King Hotel, Room with 2 Beds & private bathroom.",422234306,1469916221598062751,King,Brooklyn,Sunset Park,40.648020,-73.999850,Private room,197,1,18,2025-10-28,0.31,2,365,1
52219116,beautiful room in family apartment peace and quiet,18170333,1463037798170439523,Tito,Queens,Kew Gardens,40.708400,-73.826650,Private room,158,2,114,2026-07-05,1.92,1,325,16
52240531,Exclusive Penthouse Loft w Balcony + Insane View,411740512,1469877540249208912,Historic Blue Moon Hotel,Manhattan,Lower East Side,40.718030,-73.990600,Entire home/apt,1208,1,49,2026-07-21,0.83,9,349,14
52241459,Huge Prvt Suite in Massive Loft in Lt-Italy/SoHo,189961241,1468985641080954190,Billy And Danny Oh-Kim,Manhattan,Little Italy,40.718159,-73.998326,Private room,912,3,184,2026-08-09,3.10,2,246,51
51955482,COTTAGE FEEL GROUND FLOOR STUDIO,9743617,1462822228908630757,Patricia,Manhattan,Harlem,40.814570,-73.940920,Entire home/apt,242,4,73,2026-07-28,1.45,7,298,22
51957818,"Nesva Hotel, King Premium Balcony",263720409,1463333879640074488,Nesva Hotel New York City Vista,Queens,Long Island City,40.752720,-73.934040,Private room,149,1,15,2025-12-30,0.25,12,208,3
52001672,Untitled at 3 Freeman - Large Freeman King (ADA),158969505,1463004582436100223,Untitled,Manhattan,Lower East Side,40.720760,-73.991320,Private room,282,1,130,2026-07-14,2.21,12,298,7
52002141,Exclusive Studio 1008 | Private Bathroom,401202937,1469841047362978348,Eliza,Manhattan,Midtown,40.748320,-73.987170,Entire home/apt,284,1,82,2026-07-26,1.39,70,165,12
52009700,Luxury Junior Suite +Balcony in Downtown Manhattan,411740512,1469877540249208912,Historic Blue Moon Hotel,Manhattan,Lower East Side,40.718608,-73.989780,Entire home/apt,441,1,40,2026-04-16,0.75,9,350,9
52286333,The Greene Lotus!,423200663,1469920189056632920,Daren,Brooklyn,Bushwick,40.702090,-73.914970,Private room,128,2,167,2026-07-27,2.85,1,48,50
52300094,Beautiful Two Bedrooms in Brooklyn New York,423294451,1469920554233299925,Lisa,Brooklyn,Crown Heights,40.673030,-73.915390,Private room,290,4,109,2026-07-11,1.84,1,320,11
52324415,Queen’s Oasis: Peaceful Queens Stay,84239198,1467018029299464161,Radeisha,Queens,St. Albans,40.703500,-73.757990,Entire home/apt,258,2,89,2026-07-19,1.55,1,310,18
52353508,A Stone’s Throw Bungalow - Steps from the beach,308692530,1469573740334244932,Tommy,Queens,Rockaway Beach,40.585150,-73.815180,Private room,507,1,85,2026-07-14,1.75,1,227,14
52367668,Chic Studio | Manhattan Views on Roof Deck,30283594,1465445680495565156,Global Luxury Suites I,Bronx,Port Morris,40.809887,-73.930610,Entire home/apt,161,1,141,2026-07-27,2.45,77,364,42
52373813,Private Midtown NYC Studio - Herald Square Subway,348619646,1469692671301903033,Nomad Studios,Manhattan,Midtown,40.748320,-73.988040,Entire home/apt,246,1,3,2026-07-24,0.05,50,4,2
52374326,Midtown Collection near Koreatown NYC,348619646,1469692671301903033,Nomad Studios,Manhattan,Midtown,40.746270,-73.987430,Private room,229,1,4,2026-05-02,0.07,50,3,2
52404588,Bedrooms Near LaGuardia Airport,424173274,1469924102177794541,Heping,Queens,College Point,40.779610,-73.842540,Private room,159,2,129,2026-07-06,2.20,1,281,22
52417197,Sweet Cutie in Brooklyn,423459702,1463665127626009925,Pettrina,Brooklyn,East Flatbush,40.652270,-73.949770,Private room,98,3,172,2026-08-07,3.41,3,244,32
52427297,Modern 1 Bedroom in Bklyn w/private bath & parking,173660196,1468684986460355749,Annissa,Brooklyn,Canarsie,40.643300,-73.891460,Private room,199,2,145,2026-07-20,2.46,1,340,24
52440958,Kosciuszko Station | Spacious Luxury 2-Bed +Office,424457245,1469925244991903648,Pablo E,Brooklyn,Bushwick,40.693806,-73.926323,Shared room,389,2,158,2026-08-02,2.67,1,308,19
52443892,1- Room Renting in Beautiful Apartment Near Subway,128629269,1468291134811983312,Cristina,Queens,Astoria,40.767630,-73.924130,Private room,197,2,134,2026-08-06,2.35,1,286,36
52585129,Beautiful private room with all amenities!!!,42076010,1465626139208642762,Adekunle,Staten Island,Mariners Harbor,40.638560,-74.169570,Private room,91,3,78,2026-07-23,1.33,2,219,18
52593554,Bright and Open Private Suite,2473527,1462596073823611070,Kathryn,Brooklyn,Bedford-Stuyvesant,40.689930,-73.936780,Entire home/apt,346,2,331,2026-07-26,5.63,1,140,62
52611526,Bright Clean Room near Manhattan Bridge w/ balcony,50881897,1465784645391589062,John,Brooklyn,Vinegar Hill,40.699420,-73.984720,Private room,186,1,142,2026-08-10,2.41,2,167,58
52617173,Midtown Group Stay 4 Beds near Koreatown,348619646,1469692671301903033,Nomad Studios,Manhattan,Midtown,40.748010,-73.987190,Entire home/apt,279,1,4,2026-04-23,0.09,50,3,2
52618396,Cozy & spacious with huge backyard access!,24000,1462506990957436903,Josh,Brooklyn,Bedford-Stuyvesant,40.693610,-73.930030,Private room,174,1,328,2026-08-06,5.63,1,254,62
52637377,Room in Chelsea 6 with kitchen (Shared Bathroom),408979935,1463633576430998493,The Village House,Manhattan,Chelsea,40.749870,-73.997160,Entire home/apt,170,1,228,2026-07-02,3.88,39,78,42
52664308,Astoria cozy bedroom 15min train to Manhattan,21942044,1462619230394876208,Bobbi,Queens,Astoria,40.758140,-73.923710,Private room,154,5,104,2026-05-27,1.79,1,33,16
52675191,Prime Williamsburg - HUGE Loft - SuperHost 10 yrs,15147054,1462955334713072229,Christopher,Brooklyn,Williamsburg,40.705850,-73.943550,Private room,326,1,163,2026-08-04,2.83,3,300,44
52689535,Harmony Suite - Spacious Midtown Refuge,348619646,1469692671301903033,Nomad Studios,Manhattan,Midtown,40.747790,-73.988870,Private room,229,1,34,2026-07-09,0.58,50,8,1
52692555,"Cozy room in Astoria, quick trip to Times Square",2195853,1462588775850760315,Jon,Queens,Ditmars Steinway,40.773651,-73.917915,Private room,196,2,93,2026-07-20,1.63,1,305,19
52700622,Snuggy Crash and Dash Cozy Room,401904837,1463618303267662757,E And M,Brooklyn,Bushwick,40.687010,-73.916460,Private room,154,1,141,2026-07-26,2.42,2,86,28
52731161,Superior @ The Box House Hotel,417504,1462517884839893571,The Box House Hotel,Brooklyn,Greenpoint,40.738230,-73.954920,Private room,389,1,37,2025-06-26,0.65,29,213,0
52731316,Superior @ The Box House Hotel,417504,1462517884839893571,The Box House Hotel,Brooklyn,Greenpoint,40.736880,-73.953440,Private room,382,1,47,2026-05-17,0.82,29,210,4
52731419,Superior @ The Box House Hotel,417504,1462517884839893571,The Box House Hotel,Brooklyn,Greenpoint,40.738760,-73.953000,Private room,387,1,45,2025-09-01,0.78,29,213,2
52749216,Cozy Bed-Stuy Guest Suite with outdoor deck,29577190,1465435311236392344,Jonathan,Brooklyn,Bedford-Stuyvesant,40.677444,-73.923500,Private room,200,3,144,2026-08-04,2.51,1,44,23
52749804,Beautiful King Suite w/Balcony | Kitchenette+Desk,30283594,1465445680495565156,Global Luxury Suites I,Bronx,Port Morris,40.809887,-73.930610,Entire home/apt,236,1,20,2026-06-11,0.35,77,357,6
52771412,StudioQ - Mins to Midtown Manhattan by Subway,30283594,1465445680495565156,Global Luxury Suites I,Bronx,Port Morris,40.809887,-73.930610,Entire home/apt,161,1,37,2025-08-08,0.63,77,364,0
52772214,1 Bedroom Premium Gourmet |  Placemakr Wall Street,420415528,1469908984443542334,Placemakr Wall Street,Manhattan,Financial District,40.704903,-74.006416,Entire home/apt,621,1,72,2025-11-24,1.24,22,265,3
52772578,4 Bedroom Premium Gourmet | Placemakr Wall Street,420415528,1469908984443542334,Placemakr Wall Street,Manhattan,Financial District,40.704903,-74.006416,Entire home/apt,1786,1,163,2026-06-15,2.82,22,283,24
53022671,Untitled at 3 Freeman - Double Bunk,158969505,1463004582436100223,Untitled,Manhattan,Lower East Side,40.722590,-73.991410,Private room,358,1,280,2026-07-29,4.87,12,324,64
53045130,3 Bedroom Apartment |  Placemakr Wall Street,420415528,1469908984443542334,Placemakr Wall Street,Manhattan,Financial District,40.704903,-74.006416,Entire home/apt,1084,1,184,2026-06-24,3.17,22,275,15
53045250,2 Bedroom Apartment | Placemakr Wall Street,420415528,1469908984443542334,Placemakr Wall Street,Manhattan,Financial District,40.704903,-74.006416,Entire home/apt,1091,1,108,2026-07-06,1.88,22,287,10
53045316,4 Bedroom Gourmet Apt | Placemakr Wall Street,420415528,1469908984443542334,Placemakr Wall Street,Manhattan,Financial District,40.704903,-74.006416,Entire home/apt,1324,1,252,2026-07-19,4.34,22,288,27
53045446,1 Bedroom Plus Apt | Placemakr Wall Street,420415528,1469908984443542334,Placemakr Wall Street,Manhattan,Financial District,40.704903,-74.006416,Entire home/apt,572,1,54,2026-05-10,0.94,22,281,2
53045512,Studio Murphy Apt |  Placemakr Wall Street,420415528,1469908984443542334,Placemakr Wall Street,Manhattan,Financial District,40.704903,-74.006416,Entire home/apt,422,1,120,2026-06-08,2.07,22,283,19
53050810,Bedroom w/private bathroom in Unit2 in Greenpoint,17888612,1463031288235489368,James,Brooklyn,Greenpoint,40.728110,-73.947690,Private room,228,1,233,2026-07-19,4.05,1,217,40
53050999,Modern Studio Unit 2,182710998,1468762749926663540,Christopher,Brooklyn,Crown Heights,40.675600,-73.940230,Entire home/apt,293,2,191,2026-07-25,3.40,1,179,41
52487784,"Spotlessly clean 1 bedroom, 10 minutes  to ferry",32909880,1465482129200074985,Andrea,Staten Island,West Brighton,40.630420,-74.102990,Private room,168,4,55,2026-07-07,0.95,1,349,8
52492041,Need a room? I got you! | Near subway,33607986,1462662479853606844,Anisia,Queens,Ridgewood,40.698630,-73.906850,Private room,164,1,121,2026-08-03,2.05,3,98,22
52534281,Room in Chelsea 3 (Shared Bathroom),408979935,1463633576430998493,The Village House,Manhattan,Chelsea,40.749870,-73.997160,Entire home/apt,173,1,269,2026-07-18,4.55,39,76,51
52534815,Room in Chelsea 4 (Shared Bathroom),408979935,1463633576430998493,The Village House,Manhattan,Chelsea,40.749866,-73.997159,Entire home/apt,149,1,457,2026-07-26,7.75,39,130,82
52554380,Spacious and Lovely One Bedroom,68995107,1466852967683615947,Lotus,Manhattan,Harlem,40.808100,-73.947080,Private room,189,1,329,2026-07-26,5.73,1,239,85
52793095,"Private Room, bathroom,and kitchen.",133620428,1468334499621644803,Monica,Queens,Maspeth,40.720830,-73.892820,Private room,234,1,205,2026-07-18,3.52,1,331,25
52795626,Studio Plus Apartment |  Placemakr Wall Street,420415528,1469908984443542334,Placemakr Wall Street,Manhattan,Financial District,40.704903,-74.006416,Entire home/apt,571,1,1139,2026-07-25,19.63,22,266,102
52804286,Lovely 2 bedrooms apt  unit with  hot jet tub,339584418,1469662647718169708,Adetunji,Brooklyn,Bushwick,40.688670,-73.920190,Entire home/apt,451,3,53,2026-06-24,0.92,4,145,15
52824025,Amazing 2Bedrooms apt in the Heart of Williamsburg,307345384,1469569359199377159,Luis Alberto,Brooklyn,Williamsburg,40.713150,-73.956380,Private room,461,2,76,2026-07-20,1.31,1,316,22
52839743,Studio Loft in Bedstuy/ClintonHill,4212631,1462650530197324773,Jason,Brooklyn,Bedford-Stuyvesant,40.688270,-73.957250,Private room,227,2,190,2026-07-26,3.30,2,252,42
53109044,Jasmine Private Suite flat-Beautiful Brownstone,103865219,1467246823862660736,Dawn Jolicoeur,Brooklyn,Bedford-Stuyvesant,40.684440,-73.934220,Private room,284,2,183,2026-06-28,3.21,1,72,19
53111559,"AKA Times Square - Two Bedroom Suite: W/D, Kitchen",176950781,1468713843233332236,AKA Times Square,Manhattan,Theater District,40.757780,-73.985280,Entire home/apt,644,7,159,2026-07-26,4.45,17,361,50
53132475,Untitled at 3 Freeman - Studio Mini,158969505,1463004582436100223,Untitled,Manhattan,Lower East Side,40.720830,-73.992790,Private room,221,1,1296,2026-08-04,22.37,12,310,111
53135888,Flat 10min into city w/private entrance & bathroom,61846222,1466760776931507478,Lisa,Queens,Astoria,40.755470,-73.926060,Private room,240,1,166,2026-07-12,2.89,1,268,34
53150666,Easy Access to NYC & the Hudson Valley,30283594,1465445680495565156,Global Luxury Suites I,Bronx,Port Morris,40.809887,-73.930610,Entire home/apt,289,1,3,2026-06-12,0.05,77,363,2
53171838,SPACIOUs Duplex w/ Pvt Bckyrd 2 Bathrooms & more,430436254,1469949507791741286,Roxanne,Brooklyn,Bedford-Stuyvesant,40.694939,-73.948067,Entire home/apt,608,4,137,2026-07-21,2.39,1,137,27
53386606,Large Room in Amazing East Village Apt (A),4396,1462506411547877646,Casey,Manhattan,East Village,40.724530,-73.982990,Private room,176,1,87,2026-07-25,1.51,2,5,36
52916520,"Belleclaire, Newly renovated Deluxe 2 Queen Beds",306009315,1469565663959225391,Hotel Belleclaire,Manhattan,Upper West Side,40.781620,-73.980420,Private room,215,1,2,2023-05-31,0.04,11,5,0
52916582,Newly renovated Premium 2 Queen Beds City View,306009315,1469565663959225391,Hotel Belleclaire,Manhattan,Upper West Side,40.781390,-73.980540,Private room,459,1,2,2022-03-28,0.04,11,3,0
52921783,Spacious and cozy private room in Bushwick,4232762,1462651067836515492,Sigfus,Brooklyn,Williamsburg,40.707251,-73.939920,Private room,172,2,193,2026-08-01,3.33,3,195,45
52922566,Serenity Sleep,56252,1462507832726883728,Zenobia,Brooklyn,Prospect-Lefferts Gardens,40.658150,-73.959460,Private room,196,4,117,2026-07-24,2.22,1,286,17
52930589,1 Beautiful Bedroom in Brooklyn Townhouse,112457378,1467357758496747380,Alex,Brooklyn,Crown Heights,40.674350,-73.931060,Private room,191,3,163,2026-08-02,2.87,1,297,29
52934351,Lovely XL 3 Bed/1 Bedroom Apt in South Brooklyn!,11027691,1462855268370625049,Marco,Brooklyn,Sheepshead Bay,40.604960,-73.966210,Entire home/apt,337,1,165,2026-07-20,2.83,1,351,26
52987956,Newly renovated Deluxe Accessible 2 Queen Beds,306009315,1469565663959225391,Hotel Belleclaire,Manhattan,Upper West Side,40.783400,-73.981950,Private room,615,1,0,,,11,3,0
53222519,Private Room with En-Suite Bath & Entire Backyard,120821933,1462919280923932071,Lee,Brooklyn,Bushwick,40.690360,-73.914050,Private room,234,2,153,2026-08-05,2.74,1,156,33
53223918,Modern Cozy Home with Parking in Brooklyn,430907225,1469951282601288235,Wendy,Brooklyn,East Flatbush,40.649760,-73.935840,Private room,277,1,160,2026-04-26,2.78,2,286,16
53236255,AKA Times Square -Two Bedroom Suite - Washer/Dryer,176950781,1468713843233332236,AKA Times Square,Manhattan,Theater District,40.757530,-73.983160,Entire home/apt,594,29,0,,,17,361,0
53242466,Spacious two bedrooms condo in upper Manhattan,123460654,1468248440815353808,Leidis,Manhattan,Inwood,40.862990,-73.921820,Shared room,292,2,71,2026-07-20,1.25,1,300,12
53410940,Untitled at 3 Freeman - Large Freeman King,158969505,1463004582436100223,Untitled,Manhattan,Lower East Side,40.722960,-73.992990,Private room,282,1,105,2026-06-16,1.83,12,324,4
53414148,Morris Park area(very close to Jacobi Hospital,128600529,1468290907543919061,Daryl,Bronx,Morris Park,40.852860,-73.847200,Private room,277,2,111,2026-08-09,2.08,1,314,15
53436872,Modern Townhouse (Steps to Prospect Park),238735207,1469270215315853144,Asha Piotrowska,Brooklyn,Prospect Heights,40.675880,-73.965890,Private room,363,1,189,2026-07-19,3.34,1,304,49
53442786,Cheerful Room 2 .,519294520,1470336670051442783,Rosianie,Queens,Bayswater,40.610950,-73.767990,Private room,72,2,180,2026-08-06,3.16,2,331,35
53462276,Bright Midtown Flat-Steps from Broadway,57782700,1466692770883902536,Eduard,Manhattan,Midtown,40.747980,-73.988510,Entire home/apt,189,1,162,2026-07-28,2.93,7,298,82
53480206,Newly renovated 2 Bedroom,429373545,1469945358384069189,Michael,Queens,Astoria,40.769970,-73.917770,Entire home/apt,609,5,113,2026-07-16,1.98,1,311,16
53491480,Imperial Midtown Studios 829,433145666,1469960678067725680,Imperial,Manhattan,Midtown,40.748020,-73.986790,Entire home/apt,269,1,193,2026-07-15,3.37,5,253,22
53306350,"Luxurious suite in Brooklyn, Ny",429378639,1463679882583390676,Skyloft Homes,Brooklyn,Bedford-Stuyvesant,40.694010,-73.947590,Entire home/apt,281,2,181,2026-07-22,3.37,1,254,28
53573536,Spacious Comfort in Oceanhill  Brooklyn,191735386,1468996522349821949,Nicole,Brooklyn,Crown Heights,40.675090,-73.914030,Entire home/apt,345,1,174,2026-07-26,3.19,2,286,33
53588172,Exclusive Apartment  513 | Shared Bathroom,401202937,1469841047362978348,Eliza,Manhattan,Midtown,40.746810,-73.988900,Entire home/apt,229,1,102,2026-06-21,1.90,70,91,21
53588627,Exclusive Apartment 522  | Shared Bathroom,401202937,1469841047362978348,Eliza,Manhattan,Midtown,40.746160,-73.987110,Entire home/apt,213,1,59,2026-06-28,1.10,70,169,11
53593168,Pleasant spacious House 2158 Gleason ave Bronx  NY,426540801,1463672838695865163,Abul,Bronx,Unionport,40.831657,-73.851860,Private room,165,2,104,2026-07-27,1.94,1,143,20
53607099,Exclusive Apartment 619 | Shared Bathroom,401202937,1469841047362978348,Eliza,Manhattan,Midtown,40.746100,-73.988500,Entire home/apt,213,1,67,2026-07-20,1.22,70,163,13
53607959,Exclusive Apartment 615 | Shared Bathroom,401202937,1469841047362978348,Eliza,Manhattan,Midtown,40.746280,-73.988620,Entire home/apt,272,1,67,2026-07-27,1.21,70,134,17
53608551,Wonderful spacious room in the heart of Manhattan!,424020866,1463666483394902456,Anastasia,Manhattan,Kips Bay,40.743090,-73.978190,Private room,230,3,159,2026-08-02,2.80,1,43,32
53628816,"Modern Room, Private Bath | Historic BK Brownstone",10428873,1462840417824944783,Connie,Brooklyn,Bedford-Stuyvesant,40.682360,-73.928030,Private room,195,1,100,2026-07-12,1.86,1,176,18
53494300,Romantic spacious restored 1920s artist's home,23678781,1462626209191913832,Amanda,Brooklyn,Bushwick,40.695060,-73.914990,Private room,224,1,155,2026-08-09,2.72,1,237,40
53502758,"Lovely cozy studio, Double & twin bed",433145666,1469960678067725680,Imperial,Manhattan,Midtown,40.746230,-73.987170,Private room,266,1,11,2025-12-23,0.20,5,164,2
53531890,"Broadway Flat-Walk to Penn, Herald Sq, Times Sq.",57782700,1466692770883902536,Eduard,Manhattan,Midtown,40.746520,-73.988490,Entire home/apt,329,1,134,2026-08-07,2.67,7,313,76
53542641,Exclusive Apartment  517 | Shared Bathroom,401202937,1469841047362978348,Eliza,Manhattan,Midtown,40.746900,-73.986910,Entire home/apt,209,1,62,2026-05-29,1.13,70,152,16
53545394,Charming Home Near Subway,39972598,1462683143901927504,Barbara,Brooklyn,Bushwick,40.690250,-73.906990,Private room,262,2,160,2026-07-20,2.94,2,340,28
53720606,TRYP by Wyndham Times Square - sleeps 8 - Midtown,38592279,1465577164718430746,Vk,Manhattan,Hell's Kitchen,40.754730,-73.995230,Private room,664,1,14,2026-07-20,0.29,20,8,1
53739963,Lovely BR w/ QueenBed + Prvt BA near Prospect Prk,435050037,1463694390905707399,Abdo,Brooklyn,Flatbush,40.653170,-73.963700,Private room,272,2,9,2025-12-16,0.17,6,348,2
53742866,Best Room in Manhattan,435273407,1463694906968544536,Barbara,Manhattan,East Harlem,40.788870,-73.941470,Private room,496,1,82,2026-07-20,1.45,2,338,11
53773701,Modern & stylish 2 bedroom unit,42540396,1465632229278252124,Michele,Queens,Rego Park,40.735820,-73.856460,Private room,246,1,267,2026-07-20,4.96,1,41,48
53796341,Private Apartment in Historical Brownstone,9020266,1462792877498029937,Monique,Brooklyn,Prospect Heights,40.681374,-73.971100,Private room,331,11,57,2026-07-17,1.01,1,93,8
53796775,Private Room with a Private Bathroom,154482593,1462994091918023850,Terry,Brooklyn,East New York,40.671740,-73.884530,Private room,161,2,74,2026-07-19,2.33,5,123,23
53798235,Cozy & Colorful in Bushwick,71635863,1466885660109618218,Anne,Brooklyn,Bushwick,40.688660,-73.919930,Private room,115,3,201,2026-07-20,3.55,1,148,33
53815424,Cozy NYC private suite,435914865,1463696424889833580,Veronica,Staten Island,Arrochar,40.591390,-74.076120,Entire home/apt,299,2,68,2026-07-13,1.22,3,141,6
53633058,Modern 2 bedroom rental with balcony.,20164973,1463100681037080046,Carlos,Queens,East Elmhurst,40.764620,-73.877510,Private room,260,2,97,2026-08-04,1.71,1,287,11
53675152,Spacious Stay in Sheapshead Bay,120158738,1468223244395468136,Brian,Brooklyn,Sheepshead Bay,40.599950,-73.944020,Private room,319,2,59,2026-06-07,1.04,1,269,11
53676368,Private retreat on a quiet block,224047081,1469188618849102698,Brooklyn Evoke,Brooklyn,Sea Gate,40.575500,-74.010390,Private room,132,3,88,2026-08-08,1.56,11,344,18
53863561,Cozy BR w/ 2 twin beds + Bath Prospect Park South,435050037,1463694390905707399,Abdo,Brooklyn,Flatbush,40.653720,-73.962310,Private room,258,2,29,2026-07-02,0.52,6,348,6
53876051,30 min to Times Sq Near JFK LGA Airport UBS Arena,436401569,1469973480213268453,Jurell,Queens,Rosedale,40.663850,-73.746470,Entire home/apt,920,1,151,2026-07-31,2.68,1,156,20
53892659,Beautiful King BR + Prvt Bath Prospect Park South,435050037,1463694390905707399,Abdo,Brooklyn,Flatbush,40.653740,-73.961800,Private room,281,2,6,2025-10-19,0.11,6,348,1
53893056,Ample and Cozy One Bedroom Apartment in Brooklyn,430404643,1469949391373967890,Peter,Brooklyn,East Flatbush,40.662150,-73.928460,Entire home/apt,243,3,82,2026-07-25,1.46,1,52,20
53893384,31st & Broadway Escape  - NYC at Your Doorsteps,57782700,1466692770883902536,Eduard,Manhattan,Midtown,40.748300,-73.986780,Entire home/apt,224,1,139,2026-08-05,2.52,7,312,68
53934304,Lovely Suite in a Brownstone Apartment,5346874,1462678666120289722,Joanna,Brooklyn,Bedford-Stuyvesant,40.693340,-73.944930,Private room,459,3,173,2026-08-04,3.11,1,277,34
53831670,Spacious & bright BR w/ 2 double beds + Prvt Bath,435050037,1463694390905707399,Abdo,Brooklyn,Flatbush,40.652070,-73.961390,Private room,277,2,21,2026-05-31,0.40,6,348,3
53848694,Midtown Apartment-Perfect NYC Location,57782700,1466692770883902536,Eduard,Manhattan,Midtown,40.748000,-73.987100,Entire home/apt,231,1,212,2026-08-08,3.81,7,323,119
53850635,"Private Park Slope Apt w. own Entrance, Bed & Bath",119673533,1468219404274063523,David,Brooklyn,Sunset Park,40.660780,-73.989290,Entire home/apt,309,1,228,2026-07-27,4.08,1,12,33
54036658,Cozy Stay by Broadway-Heart of Midtown,57782700,1466692770883902536,Eduard,Manhattan,Midtown,40.748230,-73.988250,Entire home/apt,520,1,110,2026-08-08,2.59,7,291,44
54068618,20 min Laguardia Airport 10 min Midtown Crash Pad,135856127,1462952873665263178,Trenton,Manhattan,East Harlem,40.805820,-73.939710,Private room,120,1,309,2026-08-10,5.51,2,281,65
54102963,Private Room in Lovely Greenpoint,3229596,1462623290983736572,Paul,Brooklyn,Greenpoint,40.723890,-73.949660,Private room,195,2,197,2026-07-29,3.55,1,218,33
54117594,Freehand New York - Queen Room,164291123,1463028238146865211,Freehand,Manhattan,Flatiron District,40.741380,-73.986340,Private room,253,1,79,2024-08-17,1.48,6,334,0
54117644,Freehand New York - King room,164291123,1463028238146865211,Freehand,Manhattan,Flatiron District,40.739710,-73.985220,Private room,286,1,90,2025-11-06,1.65,6,363,4
53940686,Minimum Host contact- townhouse 3 BR 2BA+backyard,396940563,1463607008721452572,Zulong,Brooklyn,Bay Ridge,40.635870,-74.023080,Shared room,325,1,107,2025-10-31,1.98,4,239,11
53970963,Cheerful Room 1 .,519294520,1470336670051442783,Rosianie,Queens,Bayswater,40.610920,-73.768050,Private room,69,2,197,2026-08-01,3.51,2,337,35
53979159,"Big, Bright Room in Brooklyn",63607508,1466785090561883563,Aisha,Brooklyn,Bushwick,40.692810,-73.914480,Private room,149,3,21,2026-08-03,0.96,1,3,15
53997433,Blue Manor,397163059,1469828484841649108,Jean,Brooklyn,East Flatbush,40.637080,-73.935740,Entire home/apt,242,2,166,2026-08-02,2.96,1,152,34
54003481,NYC Getaway on Broadway - Steps to it All,57782700,1466692770883902536,Eduard,Manhattan,Midtown,40.748260,-73.987270,Entire home/apt,231,1,247,2026-08-08,5.20,7,345,146
54004046,Midtown Studio- Near Everything NYC Offers,57782700,1466692770883902536,Eduard,Manhattan,Midtown,40.746870,-73.988910,Entire home/apt,165,1,137,2026-08-03,2.59,7,314,54
54013154,Charming 3-bedroom Brownstone unit in Brooklyn,179050360,1487946462988157046,Chad,Brooklyn,Bedford-Stuyvesant,40.686330,-73.946770,Private room,330,1,141,2026-07-26,2.62,1,257,38
54291034,Midtown Empire Studio for Families In NYC #87,438550739,1469981338374797322,Alberto,Manhattan,Midtown,40.746410,-73.988420,Entire home/apt,348,1,78,2026-02-04,1.46,4,294,11
54291188,Comfy Family Studio NYC Empire #3,438550739,1469981338374797322,Alberto,Manhattan,Midtown,40.746940,-73.989000,Entire home/apt,471,1,62,2026-04-09,1.15,4,268,5
54129391,"Charming BnB, Ideal Location!",20178795,1463100980651612485,Dorothy,Brooklyn,Flatbush,40.641850,-73.953700,Private room,290,2,132,2026-07-29,2.48,1,283,42
54164587,Midtown NYC Studio – Near Herald Square,348619646,1469692671301903033,Nomad Studios,Manhattan,Midtown,40.747870,-73.986800,Private room,209,1,19,2026-03-19,0.36,50,6,6
551494862092193850,Keyless DitmarsFeeling! Near to Laguardia AirPort!,160097529,1463007378772809744,Hal,Queens,Ditmars Steinway,40.773590,-73.909550,Private room,160,3,63,2026-06-10,1.21,3,349,9
552782382741181875,Clean and Cozy 1 Bedroom in Queens,24765924,1465314212304117068,Cesar,Queens,East Elmhurst,40.762650,-73.883330,Private room,143,3,11,2026-06-06,0.76,1,19,10
554175570283178317,Stay with Jasber in her modern and clean apartment,68259829,1466843707768196523,Jasber,Queens,Briarwood,40.705930,-73.814500,Private room,168,2,100,2025-08-30,1.87,1,213,1
554590833584755715,Shared Bright duplex in Brooklyn,25481333,1465343718190076329,Jacqueline,Brooklyn,Crown Heights,40.676780,-73.923860,Shared room,279,3,160,2026-07-20,2.98,1,253,27
555005271135605811,Private Cozy Room in Perfect Bed-Stuy location.,350254795,1469697681909828422,Tash,Brooklyn,Bedford-Stuyvesant,40.682250,-73.939300,Private room,133,2,204,2026-07-03,3.74,6,338,31
557031472849294373,Private Comfy Room in Trendy Bed-Stuy!,350254795,1469697681909828422,Tash,Brooklyn,Bedford-Stuyvesant,40.683800,-73.939320,Private room,137,2,190,2026-08-07,3.47,6,255,26
557509075015430163,Modern Room near LaGuardia Airport,444099707,1470002383826375194,Sven,Queens,East Elmhurst,40.760680,-73.875000,Private room,95,2,120,2026-07-20,2.21,1,316,23
54291234,Clean / Comfy Family Studio With 3 Double Beds # 5,438550739,1469981338374797322,Alberto,Manhattan,Midtown,40.747720,-73.988680,Entire home/apt,398,1,120,2026-07-10,2.20,4,288,24
54316848,Private Room & Shared Bathroom in Spacious apt.,378695220,1469773799126443396,Leonardo,Brooklyn,Bushwick,40.684350,-73.907910,Private room,171,2,22,2026-07-22,1.45,1,40,16
54326605,Private room in Sunset Park,180928667,1468746340439928888,Sharon,Brooklyn,Sunset Park,40.644820,-74.002030,Private room,74,3,83,2026-07-27,1.63,1,89,12
54338345,Manhattan studio near Macy's,22800762,1462622708744463707,Hansem Stay,Manhattan,Midtown,40.746250,-73.987070,Entire home/apt,286,1,0,,,3,241,0
54344557,Full Bed & En-suite Bathroom | WFH Space & Mirror,33612342,1465491565319006460,Sayra,Brooklyn,Sunset Park,40.661740,-73.993380,Private room,236,2,116,2026-07-23,2.12,5,244,13
54352197,"Homey Room + Private Bathroom in Ridgewood, Queens",26135496,1462636244565327887,Hiokit,Queens,Glendale,40.704170,-73.884150,Private room,127,2,194,2026-07-21,3.51,1,210,35
54357934,Shered bathroom 4 SofaBed + loftbed + kitchen,408979935,1463633576430998493,The Village House,Manhattan,Chelsea,40.749870,-73.997160,Entire home/apt,223,1,171,2026-07-17,3.11,39,149,10
54397475,Spacious Private Bedroom in East Harlem 2-Bedroom,441785236,1469993698697166103,Yongsoo,Manhattan,East Harlem,40.794730,-73.940860,Private room,278,2,94,2025-08-02,1.72,2,38,0
501404598925361958,Renovated private suite / w private parking.,251428213,1469332524378568387,Marcelo,Bronx,Wakefield,40.894800,-73.857800,Private room,150,2,55,2026-02-18,1.05,1,90,5
513695012431520567,Noble House #1,3136103,1462619959965460991,Jordan,Brooklyn,Greenpoint,40.728710,-73.957750,Private room,225,3,133,2026-07-25,2.35,3,224,24
522425855620716170,Private NYC castle on the hill with amazing views.,100051549,1462870524077698997,Alex,Staten Island,Tompkinsville,40.625560,-74.086060,Private room,813,2,54,2026-08-03,0.96,1,335,15
529157103042604647,Medical Professional Housing II,9130040,1462795647315742292,Candace,Brooklyn,East Flatbush,40.662920,-73.932800,Private room,318,1,20,2025-09-14,0.38,6,365,1
539084025529334382,lovely space   with all services in Brooklyn.,413243090,1463642389418348867,Amalia Alejandra,Brooklyn,Cypress Hills,40.685850,-73.872500,Entire home/apt,302,2,65,2026-07-27,1.17,3,331,25
539865017663194156,Cozy  place with all services in Brooklyn Train j,413243090,1463642389418348867,Amalia Alejandra,Brooklyn,Cypress Hills,40.687130,-73.874540,Private room,276,2,61,2026-06-28,1.14,3,245,8
543635425943076778,Lovely 2 Bedroom Presidential Suite in Midtown NY,441241921,1469991655480402670,Ladonnis,Manhattan,Midtown,40.753170,-73.971380,Entire home/apt,944,5,1,2023-09-25,0.03,1,358,0
544401457419857074,Imperial Midtown Studios 728,433145666,1469960678067725680,Imperial,Manhattan,Midtown,40.748170,-73.988810,Entire home/apt,335,1,229,2026-07-26,4.20,5,244,31
559485519806458663,Private Spacious Queen Room in the ❤️ of Bed-Stuy,350254795,1469697681909828422,Tash,Brooklyn,Bedford-Stuyvesant,40.682170,-73.938800,Private room,141,2,144,2026-07-27,2.64,6,350,31
559592743617283842,Modern Bed-Stuy Luxury — A Convenient Urban Oasis,114515350,1468179713262044762,Ryan,Brooklyn,Crown Heights,40.677580,-73.942760,Entire home/apt,448,2,177,2026-06-26,3.26,1,69,35
560997011642218304,Private cozy room in private house,271094799,1469431517445114536,Olga,Queens,Fresh Meadows,40.727177,-73.791977,Private room,126,3,61,2026-07-20,1.49,1,46,20
561056459074470843,"Private floor: bedroom, bath, kitchen, living",200625983,1469046857421716153,Gladys,Queens,Astoria,40.760770,-73.925160,Private room,226,2,120,2026-07-19,2.20,1,292,24
562228465268570725,Exclusive  Studio 1103 | Private Bathroom,401202937,1469841047362978348,Eliza,Manhattan,Midtown,40.748240,-73.986690,Entire home/apt,264,1,113,2026-07-22,2.08,70,107,30
563268292006599316,Cozy guest suite near subway & JFK,70959022,1466878108921773594,Basma,Brooklyn,East New York,40.671130,-73.871140,Private room,141,1,305,2026-08-08,5.61,1,357,54
564546597596686694,Private room in stylish home near JFK/LGA airports,128271193,1468288195891724429,Tyler,Queens,St. Albans,40.695890,-73.760830,Private room,166,3,36,2026-07-21,0.69,3,76,11
565112303079121006,Sunny Bedroom in Far Rockaway Arverne ~ NYC JFK,85656085,1467032184741229639,M C,Queens,Arverne,40.594340,-73.793590,Private room,139,2,65,2026-07-20,1.20,1,169,9
566029911248687183,"Two-bedroom apartment, 1fl. Near JFK, LGA, NYC.",93827372,1467132437823700286,Glenroy,Queens,Rosedale,40.658874,-73.728651,Private room,250,1,106,2026-01-02,2.33,2,257,4
545090914375173479,Beautiful Crown Heights apt,140470401,1468389845334619326,Peter,Brooklyn,Crown Heights,40.676880,-73.932520,Private room,260,1,59,2026-07-23,2.61,2,280,27
545163157468611464,Luxurious Apartment near LaGuardia & JFK Airport,78339088,1466959545190596915,Alexis,Queens,Corona,40.751420,-73.855300,Private room,478,1,102,2026-05-11,1.86,1,61,6
546407517674976443,Penthouse Suite with Balcony in Boutique Hotel,441793133,1469993725435373346,Ioannis,Queens,Long Island City,40.753460,-73.936040,Private room,420,1,2,2022-06-05,0.04,8,142,0
548559882209685166,"A comfortable bedroom in Bensonhurst, Brooklyn",442253364,1463712205128306199,Linda,Brooklyn,Borough Park,40.613970,-73.981090,Private room,259,1,50,2026-07-31,0.91,1,269,12
550026488081973881,Private room with Shared bath on Union Square 4,408979935,1463633576430998493,The Village House,Manhattan,Gramercy,40.734720,-73.986980,Entire home/apt,143,1,168,2026-07-31,3.07,39,127,27
571766238245027554,Premier Double Room with Skydeck in Boutique Hotel,441793133,1469993725435373346,Ioannis,Queens,Long Island City,40.753660,-73.934270,Private room,318,1,17,2026-07-12,0.32,8,147,5
571775114354808335,Premier Suite with Private Patio - Boutique Hotel,441793133,1469993725435373346,Ioannis,Queens,Long Island City,40.753790,-73.934330,Private room,370,1,0,,,8,139,0
571784186153729853,Premier King with Balcony in Boutique Hotel,441793133,1469993725435373346,Ioannis,Queens,Long Island City,40.754070,-73.934140,Private room,272,1,11,2026-06-21,0.20,8,147,7
571787380140782204,Deluxe King with Balcony - Wheelchair Accessible,441793133,1469993725435373346,Ioannis,Queens,Long Island City,40.755590,-73.934530,Private room,308,1,15,2026-06-08,0.28,8,121,3
571799455601186486,Deluxe King Room in Boutique Art Hotel,441793133,1469993725435373346,Ioannis,Queens,Long Island City,40.753250,-73.934610,Private room,207,1,7,2026-05-17,0.15,8,142,6
572733089973738908,Private 2BR 3 beds |Parking |SafeArea|ProspectPark,447327628,1470014424761790603,Michelle,Brooklyn,Windsor Terrace,40.649230,-73.979710,Private room,363,1,180,2026-07-27,3.33,1,95,51
573737351748791309,Cozy Space,190787940,1468990763567309815,Michael,Brooklyn,Brownsville,40.657080,-73.904910,Private room,316,2,143,2026-07-25,2.66,1,253,26
566115227830033854,2 Queen Beds with Balcony Views in Boutique Hotel,441793133,1469993725435373346,Ioannis,Queens,Long Island City,40.753580,-73.934320,Private room,262,1,53,2026-06-25,0.99,8,139,19
566119623093680636,Premier Manhattan View King Suite - Boutique Hotel,441793133,1469993725435373346,Ioannis,Queens,Long Island City,40.753510,-73.936120,Private room,289,1,60,2026-07-20,1.13,8,149,21
567569597445331901,Spacious private room in a private rental #7,433145666,1469960678067725680,Imperial,Manhattan,Midtown,40.746360,-73.988500,Entire home/apt,520,1,9,2023-12-21,0.17,5,154,0
568270572432528148,Imperial Studios (Apt Selected at Check in #7,433145666,1469960678067725680,Imperial,Manhattan,Midtown,40.747920,-73.986860,Private room,503,1,6,2024-12-13,0.11,5,154,0
570034665527308088,The Blue Empire,370725742,1469749872352682044,Lidia,Manhattan,Midtown,40.746060,-73.987070,Entire home/apt,430,1,167,2026-07-31,3.15,4,322,43
579543533372210260,Bright and Airy Apartment in Trendy Greenpoint,29990425,1465441815626876016,Jennifer,Brooklyn,Greenpoint,40.725680,-73.944800,Private room,345,2,102,2026-07-31,1.96,1,201,25
579764154480991074,Cozy Midtown NYC Studio- Prime Manhattan Location,348619646,1469692671301903033,Nomad Studios,Manhattan,Midtown,40.746860,-73.988710,Entire home/apt,221,1,13,2026-07-23,0.24,50,8,5
580327989332197053,Pam’s Place,60351850,1462745076478483273,Colleen,Queens,Springfield Gardens,40.689290,-73.749120,Entire home/apt,246,1,187,2026-08-08,3.56,1,165,43
580480407893927850,Modern bedroom (Winter),447971713,1463725821558276425,Yan Yun,Queens,Jackson Heights,40.755080,-73.857030,Private room,121,1,208,2026-07-26,3.87,1,290,40
581204831879275676,Sunny bedroom with a balcony in Bed-Stuy Brooklyn,148102066,1462979589236853304,Zainab,Brooklyn,Bedford-Stuyvesant,40.687530,-73.923090,Private room,131,2,101,2026-07-26,1.90,3,253,21
582137289665171294,"Comfy, sunny, private, full-floor NYC guest suite",399054321,1463611901277705249,Jennifer,Queens,Ditmars Steinway,40.777280,-73.906330,Private room,244,2,193,2026-08-08,3.61,1,164,50
584110672069834078,Modern bedroom (autumn),448142693,1470018019708477804,Yan Yun,Queens,Jackson Heights,40.754230,-73.857399,Private room,119,1,215,2026-07-25,4.04,1,296,50
584631850749087164,Peaceful Garden Guest Suite,550317,1462521424560391354,Marie,Brooklyn,Greenpoint,40.726140,-73.951160,Private room,274,3,68,2026-08-03,1.29,1,110,20
574562832846093413,Cozy Livin’ in the Heart of Bed Stuy,19653318,1462610213299639537,Dr. Merlin,Brooklyn,Bedford-Stuyvesant,40.681040,-73.937330,Private room,217,2,83,2026-06-28,1.54,1,269,11
575123973920036701,Royal Manhattan,370725742,1469749872352682044,Lidia,Manhattan,Midtown,40.747850,-73.988750,Entire home/apt,325,1,113,2026-07-24,2.16,4,319,43
575262161943675844,Lovely Private Room and Bathroom,447895924,1463725641779555304,Raheem,Brooklyn,Crown Heights,40.673830,-73.917050,Private room,173,1,89,2025-11-01,1.66,2,256,3
575296507654359448,Perfectly Located Charming Room Brooklyn Townhouse,89594887,1467085479327924786,Bernadette,Brooklyn,Bedford-Stuyvesant,40.678190,-73.911270,Private room,197,1,183,2026-08-09,3.58,2,320,53
575323635538805522,Private room and bathroom with garden access.,447914116,1470016881813047390,Alaric,Brooklyn,Prospect Heights,40.676040,-73.967680,Private room,207,1,494,2026-08-09,9.22,1,260,110
575377822891771622,Modern Bedroom (Summer),447930128,1463725749408237626,Tian,Queens,Jackson Heights,40.754232,-73.857401,Private room,142,1,217,2026-07-24,4.04,2,293,42
576650068700400424,St Regis Studio,28656622,1465422925877699459,Elisa,Manhattan,Midtown,40.761616,-73.974335,Private room,1502,1,10,2025-12-04,0.19,4,361,1
577187306174934665,Modern bedroom (Spring),447930128,1463725749408237626,Tian,Queens,Jackson Heights,40.754630,-73.858240,Private room,128,1,237,2026-07-26,4.41,2,306,58
578099444956394228,AKA Times Square - Studio with Office Accessible,176950781,1468713843233332236,AKA Times Square,Manhattan,Theater District,40.755900,-73.984810,Entire home/apt,428,7,4,2026-05-30,0.23,17,360,3
578100862597124078,AKA Times Square - One bedroom Accessible Suite,176950781,1468713843233332236,AKA Times Square,Manhattan,Theater District,40.757730,-73.985070,Entire home/apt,599,7,4,2026-06-14,0.47,17,360,4
578327925011346119,Modern 2 Bedroom in E. Flatbush Brooklyn,49500419,1465756040923207122,Geuka,Brooklyn,East Flatbush,40.653930,-73.917670,Private room,416,2,90,2026-07-01,1.68,2,75,17
588273937819990870,Stylish Home with Private Backyard,450769596,1470029592219972494,Rodney,Queens,Laurelton,40.681770,-73.742980,Entire home/apt,359,3,143,2026-07-25,2.71,1,68,28
588550970022904542,"Convenient & Spacious Shared Apt
BedStuy/Bushwick",327215025,1469625464362981133,Anna,Brooklyn,Bedford-Stuyvesant,40.694980,-73.935310,Private room,189,2,172,2026-07-29,3.30,1,336,38
588559469616617641,Large Private Bedroom in Brooklyn Brownstone,2157189,1462587841321499128,Paolo,Brooklyn,Bedford-Stuyvesant,40.696710,-73.937930,Private room,153,4,52,2026-08-09,1.01,2,51,19
590372866147671751,Private Studio with Patio quiet street,18057505,1462604702560447702,Michael,Brooklyn,East Flatbush,40.658960,-73.927700,Private room,318,1,120,2026-07-20,2.31,12,364,16
585357633187890334,Great Room for 2 in Times Square,449715737,1470025237860466565,Oyo,Manhattan,Theater District,40.759125,-73.983765,Private room,240,1,97,2024-01-21,2.04,5,148,0
585368495763668792,Nice Room for 4 one block from Times Square,449715737,1470025237860466565,Oyo,Manhattan,Theater District,40.759125,-73.983765,Private room,1349,1,262,2025-01-07,5.78,5,138,0
585371816722033324,ADA Room for 2 in the heart of Times Square,449715737,1470025237860466565,Oyo,Manhattan,Theater District,40.759125,-73.983765,Private room,240,1,42,2024-08-05,0.84,5,152,0
585382126083893704,Great Room for 2 in the heart of Times Square,449715737,1470025237860466565,Oyo,Manhattan,Theater District,40.759125,-73.983765,Private room,240,1,537,2024-10-28,10.71,5,131,0
586244870263367585,**BEST LOCATION IN QUEENS Everything is near by,23971401,1462627413426083918,Miao,Queens,Woodside,40.744480,-73.896270,Private room,202,1,131,2026-08-09,2.48,2,336,22
597752885764924164,Midtown Two-Bedrooms,388603242,1469802038663201760,Henri,Manhattan,Midtown,40.747211,-73.987808,Entire home/apt,364,1,248,2026-07-25,5.08,13,57,69
598163738028486177,Broadleaf🍃,185724116,1463086605982496317,Maria,Brooklyn,Canarsie,40.632660,-73.913060,Private room,259,2,36,2024-06-10,0.68,2,67,0
598418961025528178,Midtown One-Bedroom,388603242,1469802038663201760,Henri,Manhattan,Midtown,40.747211,-73.987808,Entire home/apt,359,1,101,2026-07-26,2.32,13,80,28
598423415434781224,Midtown Duplex Studio,388603242,1469802038663201760,Henri,Manhattan,Midtown,40.747211,-73.987808,Entire home/apt,369,1,115,2026-07-22,2.41,13,59,30
598428972310981226,Midtown Bunk bed Studio,388603242,1469802038663201760,Henri,Manhattan,Midtown,40.747211,-73.987808,Entire home/apt,279,1,70,2026-07-20,1.46,13,74,13
598451687067310074,Midtown 2double beds Studio,388603242,1469802038663201760,Henri,Manhattan,Midtown,40.747211,-73.987808,Entire home/apt,277,1,357,2026-07-26,7.35,13,110,93
598456006209498021,Midtown 2 bunk beds Studio,388603242,1469802038663201760,Henri,Manhattan,Midtown,40.747211,-73.987808,Entire home/apt,279,1,114,2026-07-19,2.50,13,99,29
598459577490449094,Midtown Twin bunk  +  Twin bed Studio,388603242,1469802038663201760,Henri,Manhattan,Midtown,40.747211,-73.987808,Entire home/apt,222,1,52,2026-07-14,1.14,13,101,20
598488193327054398,RareFind Midtown Location Studio with full kitchen,388603242,1469802038663201760,Henri,Manhattan,Midtown,40.747211,-73.987808,Entire home/apt,229,1,408,2026-07-26,9.14,13,111,140
598499099324319670,Midtown 3double beds Studio,388603242,1469802038663201760,Henri,Manhattan,Midtown,40.747211,-73.987808,Entire home/apt,317,1,262,2026-07-24,5.65,13,104,76
598503098845264438,Midtown 1double 1 bunk bed Studio,388603242,1469802038663201760,Henri,Manhattan,Midtown,40.747211,-73.987808,Entire home/apt,317,1,153,2026-07-22,3.36,13,93,46
598507858224426373,Midtown 2 beds rooms / APT,388603242,1469802038663201760,Henri,Manhattan,Midtown,40.747211,-73.987808,Entire home/apt,429,1,121,2026-07-27,2.71,13,33,34
599411803159805553,Comfortable Private Space,443206975,1469999094430015866,Curtis,Bronx,Fordham,40.855970,-73.898970,Private room,137,3,79,2026-07-21,1.72,1,214,22
599452961415418542,The Vibe Room,453101466,1463738455222233775,Rachel,Brooklyn,Bedford-Stuyvesant,40.681190,-73.910660,Private room,163,2,135,2026-07-20,2.59,1,225,37
600113695273260585,Private Bed & Bath,3558909,1462632541030644977,Annie,Queens,Ridgewood,40.702210,-73.911051,Private room,167,2,107,2026-07-20,2.63,2,277,33
602847514991741383,Lovely space in historic brownstone,14549607,1487882241078673915,Ronan,Brooklyn,Crown Heights,40.676710,-73.947320,Private room,307,4,107,2026-07-27,2.04,1,70,25
591168265331519350,"Beautiful space 
 in Clinton Hill!",182152235,1468757671295808863,Tyrone,Brooklyn,Bedford-Stuyvesant,40.687110,-73.958490,Private room,734,2,80,2025-12-28,1.55,2,96,18
591317872598386976,Comfortable Private Room With HUGE Yard,451383898,1470032203006216399,Will,Brooklyn,East Flatbush,40.651180,-73.921370,Private room,142,2,92,2026-07-14,1.73,1,336,20
591485868352836863,Stylish & inviting 2BR-JFK/UBS/ Casino/LIRR/Subway,80690001,1466982791551317119,Dean,Queens,Springfield Gardens,40.660640,-73.759890,Private room,247,3,137,2026-07-21,2.58,1,213,28
591969184938312703,Lovely 2 bedroom private bathroom and more.,61693856,1466759085884878133,Freddy,Brooklyn,East New York,40.667110,-73.883430,Private room,579,1,280,2026-07-19,5.42,1,363,42
592914921857097651,Cheerful 2 BED ROOMS Apartment in heart of Queens,76894670,1462818718370092939,Sadequl,Queens,East Elmhurst,40.757580,-73.898710,Private room,188,1,107,2026-08-02,2.14,1,354,29
606366094972532271,Ultra-modern space Getaway in Bed-Stuy,105758693,1462884780212421195,Elsie,Brooklyn,Bedford-Stuyvesant,40.679440,-73.926410,Private room,209,7,55,2026-08-06,1.07,1,113,14
603288724410012895,Beautiful King bedroom 5min from JFK airport,368465567,1463542493273266606,Tracey,Queens,Jamaica,40.673330,-73.780320,Private room,157,1,226,2026-07-23,4.35,3,357,35
603561478013469067,Hotel 369 - 1 King Room with Private Bath Room,453975705,1470042546195417025,Hotel,Brooklyn,East New York,40.673218,-73.897003,Private room,120,1,63,2026-07-26,1.22,1,365,20
603858956459000309,Artist’s Studio House: Villa Elysée 1,65212,1462508174976463935,Eli,Brooklyn,Bushwick,40.705140,-73.921870,Private room,178,1,72,2026-08-03,1.37,2,288,23
604574846282012598,Central Location w/Backyard -at Barclays Subway,119530858,1468218300768093063,Jessica,Brooklyn,Park Slope,40.683830,-73.978720,Private room,323,1,150,2026-08-06,3.35,1,278,41
612409930265187755,Mick Cozy Home Stays,20614129,1463134188663691927,Mick,Queens,Springfield Gardens,40.659084,-73.754173,Entire home/apt,396,1,135,2026-07-26,2.59,1,47,28
613605942923240266,3-Bedroom 1-bath in Kips Bay w/ Private Balcony,412467812,1469879900395068012,NYC Luxe Rentals,Manhattan,Upper East Side,40.761290,-73.962230,Entire home/apt,484,2,52,2026-05-04,1.04,5,14,13
613607963957339555,3-Bedroom in Kips Bay w/ Private Balcony,412467812,1469879900395068012,NYC Luxe Rentals,Manhattan,Upper East Side,40.762080,-73.961400,Entire home/apt,474,2,38,2026-06-03,0.76,5,15,12
608832957622750076,Clinton Hill Condo · Home Gym · Near Barclays,238391711,1469268363165328981,Oruliving,Brooklyn,Clinton Hill,40.682514,-73.959999,Entire home/apt,743,1,149,2026-08-03,3.59,1,152,54
611470894386067928,XL Grand Lux JFK/5min UBS/10min Secure Parking,190891268,1463098912602001214,KerryAnne,Queens,Jamaica,40.679610,-73.781430,Private room,585,1,130,2026-08-03,2.51,1,182,26
611783256714909948,Cozy Place in Brooklyn,455703943,1463744860384936933,Anil,Brooklyn,East New York,40.679400,-73.879100,Private room,93,1,104,2026-08-03,3.64,1,210,45
620569593739163094,✦Classy Room✦3min to Subway/Trendy Cafe Downstairs,219931262,1463205708869611660,Hancheng,Manhattan,Harlem,40.821870,-73.945480,Private room,232,4,68,2026-07-24,1.32,1,23,16
620578868328318638,St Regis Residence - 2 bedroom suite,28656622,1465422925877699459,Elisa,Manhattan,Midtown,40.762770,-73.975390,Private room,3100,1,14,2025-12-31,0.27,4,356,1
616011591675728415,Spacious Haven close to JFK and LGA,414539549,1469886795458498820,Bukola,Queens,Jamaica,40.689310,-73.777570,Private room,256,2,206,2026-08-04,3.97,2,327,38
616045163495228503,Lovely Large room with access to outdoor patio,456692574,1470055792171692425,Jacqueline,Brooklyn,Bushwick,40.694240,-73.912050,Private room,247,1,92,2026-08-04,1.77,1,122,18
617499038697675576,Lovely Suite private bath by Metro & Industry City,51913277,1462721290295388224,Andrada,Brooklyn,Sunset Park,40.656530,-74.004970,Private room,131,1,302,2026-08-08,5.94,8,155,78
617996666218494904,Private Room in Bushwick,13643709,1462918134581157864,Celina,Brooklyn,Bushwick,40.687920,-73.915520,Private room,200,1,172,2026-07-14,3.31,1,308,35
618023128301471110,New York City Private House 4Bedrooms/4Baths,455767138,1470050815474396827,Ron,Manhattan,East Harlem,40.794120,-73.932610,Entire home/apt,872,1,129,2026-07-27,2.53,1,328,36
618184915139767958,New Large Apartment room in heart of Bushwick,1760610,1462577721502001477,Sasha,Brooklyn,Bushwick,40.700832,-73.911911,Private room,208,2,119,2026-07-20,2.33,1,297,38
618842603796198772,Sunny room + private bathroom & workspace avail,6845673,1462716755791126902,Maria,Brooklyn,Bushwick,40.689260,-73.916380,Private room,285,1,95,2026-07-26,1.89,1,157,20
618994191723179959,Spacious 2 bedrooms  near JFK AiRPORT,456852389,1470056545826339195,Sammy,Queens,South Ozone Park,40.667053,-73.822131,Entire home/apt,171,1,242,2026-08-10,4.71,1,75,52
619523165838380933,Apartment close to JFK/LGA/NYC,457467711,1470059397844609146,Kamroon,Queens,Richmond Hill,40.683600,-73.829860,Private room,216,1,268,2026-08-03,5.29,1,321,38
619598201001500398,LOVELY THIRD FLOOR 2 BEDROOM APT,9743617,1462822228908630757,Patricia,Manhattan,Harlem,40.814440,-73.942950,Entire home/apt,341,5,55,2026-07-23,1.09,7,314,15
628138206727405883,"2 BRs w/ Queen, King + Prvt BA near Prospect Prk",435050037,1463694390905707399,Abdo,Brooklyn,Flatbush,40.651580,-73.961400,Private room,358,2,14,2026-06-21,0.27,6,348,4
623657977519782139,King Size Apt,68296703,1466844157767301239,Christopher,Brooklyn,Crown Heights,40.673650,-73.927210,Private room,250,2,150,2026-08-10,2.93,1,324,32
623922493793823954,Spacious Garden-Level Suite in Historic Bed-Stuy,16323123,1462983989998345385,Sara,Brooklyn,Bedford-Stuyvesant,40.679780,-73.927340,Private room,385,5,64,2026-07-30,1.25,1,317,18
624564459912553577,"Spacious, Friends & Family Suite, 5 min to Subway",458598023,1470064941000413535,Ashley,Brooklyn,Bedford-Stuyvesant,40.681360,-73.933330,Entire home/apt,285,1,242,2026-08-09,4.71,1,276,61
624585985635107552,Stylish 2BD Apartment in NYC #4401,458591926,1470064918608942709,Menachem,Manhattan,Midtown,40.750370,-73.970990,Entire home/apt,475,1,273,2026-07-26,5.42,10,245,51
624632015335254608,Cozy and Chic 2BD Loft in Midtown NY! #3301,458591926,1470064918608942709,Menachem,Manhattan,Midtown,40.750790,-73.969630,Entire home/apt,540,1,289,2026-07-11,5.68,10,232,59
624652602355764943,Sunny Loft located in Midtown-East #4403,458591926,1470064918608942709,Menachem,Manhattan,Midtown,40.752620,-73.969510,Entire home/apt,346,1,308,2026-07-01,6.36,10,293,87
624668883011039248,Manhattan loft Studio located Midtown NYC! #3303,458591926,1470064918608942709,Menachem,Manhattan,Midtown,40.752480,-73.970080,Entire home/apt,332,1,275,2026-07-27,5.50,10,296,68
624678118491722763,Cozy and Chic Studio Loft in Midtown NYC! #3302,458591926,1470064918608942709,Menachem,Manhattan,Midtown,40.752390,-73.970010,Entire home/apt,415,1,297,2026-07-22,5.90,10,223,51
624687753142583669,Stylish Loft in East Midtown NYC! #4402,458591926,1470064918608942709,Menachem,Manhattan,Midtown,40.750760,-73.969770,Entire home/apt,366,1,288,2026-07-24,5.70,10,250,68
624694699394680598,Beautiful Studio with Patio in Midtown NYC! #2202,458591926,1470064918608942709,Menachem,Manhattan,Midtown,40.751423,-73.970505,Entire home/apt,343,1,322,2026-07-18,6.40,10,304,82
625327900692074881,Luxurious Soho Apartment~ 3 Bedroom 2 Bathroom,458783676,1470065698748834015,Yaniv,Manhattan,SoHo,40.724150,-74.007820,Private room,1255,1,165,2026-07-26,3.37,1,280,31
625470772596139920,Cozy Clean Retreat w/Private bath,128879778,1468293314369684645,Hoi Yin,Brooklyn,Sunset Park,40.644530,-74.013930,Private room,125,1,163,2026-07-23,3.17,2,215,39
625519191136597349,Sunfilled Queen bed w/Private bath,128879778,1468293314369684645,Hoi Yin,Brooklyn,Sunset Park,40.643560,-74.013690,Private room,124,1,149,2026-07-21,2.94,2,336,30
626368815819350675,Amazing 2BR Apartment in the Center of Brooklyn,163329653,1468589372206110431,Blandine,Brooklyn,East Flatbush,40.651272,-73.945312,Private room,183,2,93,2026-07-09,1.90,3,314,17
626767327976025919,2nd floor studio in Boerum Hill Brooklyn,459079249,1470067116513500680,Patricia,Brooklyn,Boerum Hill,40.686800,-73.986200,Private room,274,2,239,2026-08-02,4.64,2,112,57
631823229287186669,Private room in Modern Boerum Hill Apartment,43237704,1465642127701520522,Abhi,Brooklyn,Carroll Gardens,40.684650,-73.991130,Private room,277,1,173,2026-07-17,3.37,1,8,18
630494641216712852,Stylish Brooklyn duplex w/garden,1461441,1462546410650443693,Jonathan,Brooklyn,Crown Heights,40.678450,-73.952940,Private room,412,4,26,2026-03-17,0.51,1,11,3
630539037367901963,Your Sanctuary Space in Brooklyn NYC Elegance,459954763,1470071177392887515,Gregory,Brooklyn,Flatlands,40.616720,-73.925160,Private room,236,2,146,2026-08-03,2.84,1,351,24
630606368063091272,The little Habitat .,459968296,1463755181146045804,Victor,Brooklyn,Bedford-Stuyvesant,40.686901,-73.955852,Entire home/apt,394,2,191,2026-07-24,4.05,1,203,52
631736560411380264,Brooklyn BedStuy Comfort,44695873,1462697740424856876,Alexis,Brooklyn,Bedford-Stuyvesant,40.688750,-73.929570,Entire home/apt,333,1,119,2026-07-21,2.71,1,147,26
638454791738509873,Two bed room on 12th floor.,388603242,1469802038663201760,Henri,Manhattan,Midtown,40.746710,-73.986910,Entire home/apt,379,1,186,2026-07-20,4.19,13,35,50
639694558611399338,The Luxe Stop Heart of East Manhattan,435273407,1463694906968544536,Barbara,Manhattan,East Harlem,40.789910,-73.941500,Private room,541,1,68,2026-06-22,1.34,2,356,13
639705836870039306,Private Rooftop Hidden Gem Studio,461252637,1470077417659991061,Henry,Manhattan,Midtown,40.747620,-73.988930,Entire home/apt,336,1,354,2026-07-17,7.09,1,138,65
641407498918275357,Private Quaint Room in Hip Bed-Stuy (Solo Nights),350254795,1469697681909828422,Tash,Brooklyn,Bedford-Stuyvesant,40.683640,-73.939560,Private room,176,1,220,2026-07-25,4.33,6,220,44
641503239935717251,Amazing Room near the Yankee Stadium.,460368490,1470073281775065853,Rita,Bronx,Melrose,40.822970,-73.914540,Private room,144,1,156,2026-08-08,3.08,2,37,25
641503565693174262,Perfect Room in the Bronx New York City,460368490,1470073281775065853,Rita,Bronx,Morrisania,40.824690,-73.912860,Private room,135,1,95,2026-08-04,1.91,2,11,20
641863227870851745,cozy room with private bathroom,355258878,1469709599391068147,Wahid,Staten Island,Mariners Harbor,40.638200,-74.169130,Private room,111,2,48,2026-07-13,0.95,1,358,11
633986809547076584,Luxury Penthouse Suite near Central Park,231281049,1469233306395999540,The Manhattan Club,Manhattan,Midtown,40.764690,-73.981224,Entire home/apt,609,1,297,2026-08-02,5.81,17,299,146
634033315397058152,Lovely 1 bedroom apartment in Central Harlem NYC,460750980,1470075053772667571,Michael,Manhattan,Harlem,40.808150,-73.946380,Private room,418,1,92,2026-08-04,1.85,1,207,19
635349981223517857,"Harbor view escape.
3 bedroom, minutes to ferry!",62165573,1466765339420323101,Joseph,Staten Island,Tompkinsville,40.635900,-74.079630,Private room,289,2,114,2026-07-29,2.24,1,329,13
644755921284741861,Studio Midtown Manhattan NYC Empire #56,177174475,1463067378986834016,Alberto,Manhattan,Midtown,40.745970,-73.988880,Entire home/apt,442,1,95,2026-06-30,1.88,2,275,20
645056913089000891,"Privacy, Garden Unit - Modern, Huge w Backyard!",7958923,1462563181030925489,Vikas,Brooklyn,Gowanus,40.680920,-73.990970,Private room,376,1,190,2026-07-26,3.95,1,221,53
645589858646705763,Lovely 1-bedroom condo in Brooklyn,172103271,1463056015692365856,Yali,Brooklyn,Gravesend,40.606250,-73.988400,Private room,187,1,168,2026-07-19,3.31,1,214,47
642193534164032936,"Beautiful home. Quiet, comfortable, Parking",211392722,1463186033785044625,Brent,Bronx,Unionport,40.832380,-73.849600,Entire home/apt,294,14,32,2026-06-29,0.98,2,357,10
642778580946457478,"Private Cozy EnSuit w/Kitchenette & TV Queens, NYC",106634512,1467292932244931191,Katarina,Queens,Ridgewood,40.697950,-73.898350,Private room,188,4,96,2026-07-24,1.89,1,76,27
643059551322317981,Charming Hi-End Studio @ Heart of Manhattan,6524762,1462546008213579057,Armstrong,Manhattan,Midtown,40.757760,-73.978010,Private room,343,1,0,,,4,89,0
651497507012443462,"Cozy Room W/ private bathroom in Queens, NYC",6902927,1462547803309949156,Sandra,Queens,Maspeth,40.725580,-73.902400,Private room,137,3,131,2026-07-12,2.72,3,50,21
652279676468280165,"Cozy apartment in Ocean Hill, Brooklyn.",73597409,1466907417939301011,Alvaro,Brooklyn,Bedford-Stuyvesant,40.680590,-73.910960,Entire home/apt,301,2,62,2026-07-24,1.23,1,340,19
653115959913997889,Villa Elysee-3,65212,1462508174976463935,Eli,Brooklyn,Bushwick,40.704660,-73.920020,Private room,202,1,79,2026-07-27,1.59,2,291,25
653121626548977499,2 Bedrooms in the Upper West Side,386678438,1469795961646104891,Yakov,Manhattan,Upper West Side,40.798780,-73.961130,Private room,463,1,20,2026-06-02,0.42,2,313,1
653258474247952642,The Black Velvet Suite.,465132998,1470096307563456411,Paula,Manhattan,Hell's Kitchen,40.764450,-73.984680,Private room,231,1,136,2026-03-30,2.73,3,79,7
653436475529853186,JFKsuites Guest suites,185224678,1463085434862707269,Marc,Brooklyn,Canarsie,40.637210,-73.891550,Private room,149,2,87,2026-07-31,1.73,1,256,22
647623852337935394,Room in Central Brooklyn,239103551,1469272054443952993,Yonette,Brooklyn,Brownsville,40.664490,-73.913890,Private room,167,4,87,2026-07-28,1.73,1,322,18
647827764669965037,Sweet Home 2B,188362851,1463092838363292095,Ray,Queens,Flushing,40.758602,-73.812763,Private room,157,1,150,2026-08-10,2.98,3,345,22
648733914773975406,Cozy spot for you in the heart of Manhattan!,265263410,1469403241526462006,Iryna,Manhattan,Gramercy,40.734420,-73.986230,Entire home/apt,191,1,184,2026-07-26,3.64,1,206,45
649110754016519016,Private Modern Brooklyn Apt | 30 Min to Manhattan,261594932,1469382838193632875,Jerry,Brooklyn,Bedford-Stuyvesant,40.677073,-73.912026,Entire home/apt,220,1,165,2026-07-22,3.28,1,283,38
649344196401364433,Cool Caribbean Vibe in the City,423459702,1463665127626009925,Pettrina,Brooklyn,East Flatbush,40.652240,-73.950740,Private room,103,3,147,2026-07-30,2.93,3,305,32
649493072234819209,Sweet Home 2C,188362851,1463092838363292095,Ray,Queens,Flushing,40.758602,-73.812763,Private room,153,1,149,2026-08-08,2.96,3,344,28
655339007497638499,Lovely 2 Bedroom Condo in South Brooklyn,171168334,1468663177998914379,Kamran,Brooklyn,Flatlands,40.627760,-73.919130,Entire home/apt,356,1,210,2026-08-04,4.25,1,166,34
655344158993649044,Bright Private Room in Hell's Kitchen,465132998,1470096307563456411,Paula,Manhattan,Hell's Kitchen,40.766350,-73.984330,Private room,200,1,135,2026-07-23,2.70,3,118,3
656394974994716619,Eclectic 2 Bedroom / 2 Bath Apartment,8830191,1462788064772796036,Hiwotie,Brooklyn,Flatbush,40.641360,-73.955550,Private room,403,3,122,2026-08-04,2.46,1,135,27
654403670398653419,Private room with Shared bath on Union Square 6,408979935,1463633576430998493,The Village House,Manhattan,Gramercy,40.734721,-73.986974,Entire home/apt,167,1,136,2026-07-27,2.77,39,128,19
654499264267120637,Brooklyn Delight! Winchester Private Bedroom,385782494,1469793101437171446,Wendell,Brooklyn,East Flatbush,40.655197,-73.925201,Private room,120,2,31,2026-06-30,1.47,4,337,20
654949802542096801,Spacious 1 Bedroom w/parking in Canarsie Brooklyn,465545416,1470098363564678489,The Morency Group LLC,Brooklyn,Canarsie,40.630340,-73.903660,Entire home/apt,188,2,267,2026-07-29,5.71,3,73,60
655238160094915460,Lovely Space in Brooklyn,58208415,1466697717121997948,Ning,Brooklyn,Bath Beach,40.610360,-74.012420,Private room,356,2,10,2023-11-05,0.24,1,313,0
661147139425587430,Lovely 1 bedroom suite with cozy bed near JFK,467008899,1463771862818229570,Tanya,Queens,Jamaica,40.681897,-73.799872,Private room,156,1,484,2026-08-02,9.70,1,286,104
661507166274157667,Cheerful 3 bedroom unit,467100540,1463772114808931239,Anthony,Queens,St. Albans,40.700320,-73.751572,Entire home/apt,480,2,126,2026-07-27,2.53,1,342,19
661713782277628102,Lovely Private Room,3405057,1462628429825823714,Ama,Brooklyn,East Flatbush,40.655940,-73.935446,Private room,149,2,86,2026-06-26,2.19,3,335,24
662225821326078046,NYC City Cheerful 1Bd  Min JFK/LGA/City/Subwy/HWys,467249780,1470106575889962688,Rishad,Queens,Richmond Hill,40.681420,-73.823250,Private room,199,1,124,2025-10-05,2.48,1,360,1
662468221101298052,Sunlit Room 15 Mins From Manhattan and LaGuardia!,306361333,1487962761803587987,Michelle,Queens,Long Island City,40.760280,-73.932710,Private room,182,3,160,2026-07-20,3.21,1,37,36
663812250075043786,Spacious Modern Room 2-C,371490719,1463549024790428924,Miguel,Bronx,Edenwald,40.892680,-73.841330,Private room,149,1,114,2026-07-27,2.38,3,279,41
657007491901880680,An Urban  Oasis,465997520,1470100530727447953,Paul,Brooklyn,Bedford-Stuyvesant,40.682940,-73.919060,Private room,207,1,124,2026-08-03,2.53,1,99,39
657836649849238363,Cozy Queens Retreat w/ Family Amenities & Parking,288162140,1469501870396172730,Delores,Queens,Springfield Gardens,40.663680,-73.753150,Entire home/apt,481,2,86,2026-07-17,1.75,1,356,20
657945772316259432,Roots & Culture Room | Backyard & CoWorkspace,5117939,1462673250154607885,Shanti,Brooklyn,Crown Heights,40.673510,-73.921730,Private room,113,1,171,2026-07-21,3.48,3,22,43
658760978030704860,Elegant Private Studio  in Luxury Townhome.,465621581,1469653559709904467,Marjan,Manhattan,Murray Hill,40.747520,-73.977950,Entire home/apt,565,1,102,2026-07-26,2.16,1,311,30
658772827164292906,Charming Bedroom  Midtown  Manhattan,410595519,1463637047042508355,Carlos,Manhattan,Hell's Kitchen,40.760540,-73.990400,Private room,225,1,148,2026-08-02,3.09,1,88,42
658797762075613569,Lover's Suite,465132998,1470096307563456411,Paula,Manhattan,Hell's Kitchen,40.769400,-73.991010,Private room,196,1,52,2026-03-11,1.05,3,88,3
658848031386457087,A spacious room near sheepshead Bay,303622495,1469555747612111434,Aung,Brooklyn,Sheepshead Bay,40.594210,-73.957040,Private room,240,1,100,2026-08-09,3.42,1,314,38
658872910949576878,Crown 2 -Single Traveler Deluxe Room,11757212,1462579827773272497,Jasmine,Brooklyn,Crown Heights,40.666940,-73.935420,Private room,176,1,127,2026-07-27,2.54,2,236,28
659524468137662241,Jessie's Dream Catcher,466626021,1470103512994341209,Jasmin,Queens,Maspeth,40.736463,-73.902110,Entire home/apt,272,2,142,2026-08-05,3.06,1,284,44
659631472910843766,Cozy guest suite staying with Edyta,410358462,1469872775956043157,Jacek,Queens,Maspeth,40.723050,-73.892030,Private room,312,3,114,2026-08-03,2.28,1,288,18
660082095537116529,"✰Spacious, bright & modern room in Prime Bushwick!",466759693,1463771236591578122,Philip,Brooklyn,Bushwick,40.694365,-73.928841,Private room,117,1,195,2026-07-16,3.91,2,262,54
665824099468566235,Economy Room with Shared Bathroom,468168420,1470110892640354399,Paul,Manhattan,Harlem,40.800700,-73.953260,Private room,123,1,95,2026-07-20,1.97,4,306,41
665857667645966460,Quadruple Room with Kitchen and Shared Bathroom,468168420,1470110892640354399,Paul,Manhattan,Harlem,40.800790,-73.954760,Private room,123,1,128,2026-07-22,2.59,4,280,29
665881240261196973,Triple Room with Kitchen and Shared Bathroom,468168420,1470110892640354399,Paul,Manhattan,Harlem,40.799960,-73.954800,Private room,123,1,211,2026-08-01,4.25,4,280,63
665980631217887084,Family Room with Kitchen and Shared Bathroom,468168420,1470110892640354399,Paul,Manhattan,Harlem,40.799510,-73.952670,Private room,146,1,40,2026-06-25,0.81,4,278,10
666022943667475224,Brooklyn sun drenched studio apartment!,402187116,1469844315921217563,Laureta,Brooklyn,Bedford-Stuyvesant,40.681190,-73.941300,Entire home/apt,300,1,142,2026-07-10,2.86,6,365,25
664559158567139161,"Cozy-room near LGA Airport, Citi Field, SpaCastle",467855405,1470109361623880424,Leon,Queens,College Point,40.785732,-73.838124,Private room,104,2,49,2026-08-02,1.00,1,344,15
665163726232622938,Hotel Suite at the Manhattan Club,179805068,1463073139887418547,Beachfrontpropertyrentals.Com,Manhattan,Midtown,40.763800,-73.981890,Private room,976,1,1,2022-09-14,0.02,1,365,0
671053676457324655,Lovely Spacious Open Concept Space,469499561,1470117143689653720,Joy,Brooklyn,Crown Heights,40.676519,-73.955201,Private room,235,2,101,2026-07-26,2.66,1,216,28
671197809028227677,Cozy Stay in New York,469539619,1470117288258924043,Maro,Queens,Astoria,40.755210,-73.915400,Private room,507,1,113,2026-08-06,2.28,1,321,31
672486378317990261,Extra Large & Spacious Guest Suite Near JFK.,469847031,1470118908930892510,Caroline,Queens,Cambria Heights,40.696230,-73.742050,Shared room,151,3,125,2026-07-22,2.54,1,298,17
672500835605671640,The Flat NYC - Queen Room with Shared Bathroom,30065089,1465442819279824269,The Flat Hotel,Manhattan,Flatiron District,40.743450,-73.991560,Private room,186,1,4,2026-05-18,0.08,8,335,3
672522014124319806,The Flat NYC - Single Suite,30065089,1465442819279824269,The Flat Hotel,Manhattan,Flatiron District,40.742800,-73.989630,Private room,194,1,11,2026-06-29,0.22,8,340,6
672527145784967504,The Flat NYC - Double Suite,30065089,1465442819279824269,The Flat Hotel,Manhattan,Flatiron District,40.742000,-73.991670,Private room,202,1,6,2024-09-04,0.12,8,297,0
672533137578321458,The Flat NYC - King Room with Shared Bathroom,30065089,1465442819279824269,The Flat Hotel,Manhattan,Flatiron District,40.742230,-73.991290,Private room,190,1,12,2025-12-21,0.24,8,352,4
672679520595641012,The Flat NYC - King Suite,30065089,1465442819279824269,The Flat Hotel,Manhattan,Flatiron District,40.742170,-73.991050,Private room,210,1,14,2024-06-15,0.28,8,353,0
673038589832674138,"Cozy Twin near Soho, Little Italy - Private",468527022,1470112482957399976,JGSohotel,Manhattan,Chinatown,40.718260,-74.001410,Private room,233,1,154,2026-04-19,3.12,5,334,14
673371494715317188,Lovely Bedroom Hidden Gem,118905457,1468213507486473137,Rafael,Brooklyn,Cypress Hills,40.675730,-73.863800,Private room,117,2,155,2026-07-02,3.14,2,348,24
673400435299130792,710 sqft Billionaire's Row Free Daily Bkfst/Wine,4403646,1462656580685973300,Paul,Manhattan,Midtown,40.765180,-73.977070,Entire home/apt,841,4,2,2026-07-10,1.33,2,354,2
673784924326195986,Standard Queen Room in Small Hotel,470173109,1470120375178201711,Irina,Manhattan,East Harlem,40.807981,-73.937621,Private room,147,1,70,2026-07-10,1.53,6,309,32
673811286668342935,Standard Triple Room in Small Hotel,470173109,1470120375178201711,Irina,Manhattan,East Harlem,40.808970,-73.936650,Private room,130,1,82,2026-07-17,1.78,6,305,38
673853471795094745,Standard Quadruple Room in Small Hotel,470173109,1470120375178201711,Irina,Manhattan,East Harlem,40.806800,-73.936980,Private room,157,1,45,2026-07-23,1.02,6,275,20
673865940435507299,Family Room in Small Hotel,470173109,1470120375178201711,Irina,Manhattan,East Harlem,40.807330,-73.936590,Private room,146,1,9,2026-07-26,0.24,6,250,7
673873192225899360,Family Suite in Small Hotel,470173109,1470120375178201711,Irina,Manhattan,East Harlem,40.808270,-73.938740,Private room,202,1,44,2026-07-06,0.90,6,235,12
673891949409493355,Economy Twin Room in Small Hotel,470173109,1470120375178201711,Irina,Manhattan,East Harlem,40.808350,-73.938620,Private room,123,1,31,2026-05-31,0.78,6,284,15
674043655320352871,Private Room and Private Bathroom in Brooklyn,447895924,1463725641779555304,Raheem,Brooklyn,Crown Heights,40.672010,-73.916350,Private room,260,1,15,2025-10-25,0.31,2,365,1
674077986881033952,Best NYC Location - Middle of Manhattan,85926208,1467034936173388083,⁨Henry (Tom/James)⁩,Manhattan,Chelsea,40.738050,-73.996860,Entire home/apt,388,3,80,2026-07-16,1.65,1,166,28
674130162281885492,Bunk Stay in SoHo / Sleeps 4 / Private,468527022,1470112482957399976,JGSohotel,Manhattan,SoHo,40.719250,-74.001220,Private room,333,1,114,2026-07-20,2.32,5,309,4
674132554446836653,Minimal Soho Stay / Little Italy - Private,468527022,1470112482957399976,JGSohotel,Manhattan,Chinatown,40.717680,-74.001200,Private room,256,1,87,2026-06-18,1.77,5,331,9
683832772356785161,Studio apartment in beautiful historic Brownstone,51468488,1465804872728230158,Chris,Bronx,Concourse,40.820060,-73.927270,Private room,206,1,234,2026-08-09,4.91,2,335,31
667260564999109254,Heart of NYC,308917048,1463430307361510331,Victor,Staten Island,Eltingville,40.546247,-74.162920,Shared room,216,2,78,2026-08-02,1.58,1,344,18
667316357375615620,SoHo Boutique Queen Room | Near Little Italy,468527022,1470112482957399976,JGSohotel,Manhattan,Chinatown,40.717590,-74.000200,Private room,288,1,440,2026-04-14,8.94,5,338,15
667532032936314042,Brooklyn entire studio apartment!,402187116,1469844315921217563,Laureta,Brooklyn,Bedford-Stuyvesant,40.683220,-73.939960,Entire home/apt,281,1,195,2026-07-26,3.97,6,355,33
667539668193564442,Brooklyn lovely studio apartment!,402187116,1469844315921217563,Laureta,Brooklyn,Bedford-Stuyvesant,40.682770,-73.941410,Entire home/apt,340,1,174,2026-07-26,3.53,6,341,30
668101492405958388,Cozy Studio stay in Queens (JFK/LGA Airport),435821587,1469971179155548158,Annushka,Queens,Jamaica,40.684140,-73.796460,Private room,148,2,129,2026-04-01,2.66,1,5,9
668782753074319290,Brooklyn shoebox studio apartment!,402187116,1469844315921217563,Laureta,Brooklyn,Bedford-Stuyvesant,40.681680,-73.941700,Entire home/apt,246,1,194,2026-07-23,3.95,6,361,33
669305594749936462,Brooklyn bright studio apartment!,402187116,1469844315921217563,Laureta,Brooklyn,Bedford-Stuyvesant,40.681250,-73.939320,Entire home/apt,270,1,176,2026-06-29,3.56,6,350,33
670239788354887215,3 bedroom one bath home in queens NYC,470062358,1470119738451445629,Kevin,Queens,Jamaica,40.702730,-73.779420,Shared room,176,1,277,2026-08-09,5.61,1,36,80
670291854273683571,Brooklyn sleek studio apartment!,402187116,1469844315921217563,Laureta,Brooklyn,Bedford-Stuyvesant,40.683430,-73.941030,Entire home/apt,290,1,206,2026-07-22,4.17,6,336,44
670312905458118822,The Flat NYC - Queen Suite,30065089,1465442819279824269,The Flat Hotel,Manhattan,Midtown,40.744230,-73.989920,Private room,206,1,9,2026-07-15,0.19,8,333,7
670329573323739442,Room in a shared apt 10 minutes from Manhattan.,469317996,1463777087465850478,Elias,Queens,Long Island City,40.752230,-73.936840,Private room,132,4,120,2026-08-06,2.43,2,46,29
670433084394073293,"Spacious, exposed brick room w/private bath",33386258,1465488643706486733,Jazzmine,Brooklyn,Kensington,40.643160,-73.973070,Private room,253,2,65,2025-06-09,1.41,1,339,0
670528666075637080,Private suite in Fortgreene Brooklyn,398614581,1469832789177185248,Hamza,Brooklyn,Fort Greene,40.687350,-73.975107,Entire home/apt,273,1,155,2026-08-04,3.20,4,176,55
676705749178508791,Private Wil’burg Grdn w/Hot Tub - 10m to Manhattan,59101644,1466711772133529616,Anthony,Brooklyn,Williamsburg,40.715873,-73.946939,Private room,413,1,155,2026-07-22,3.16,1,246,41
676802005388260537,NYC Luxury apt Long or Short Stay,470975288,1463780774347061256,D L Ny Llc,Brooklyn,Brownsville,40.671629,-73.913942,Shared room,219,1,80,2026-07-27,1.94,2,313,22
687561322939099711,The Green Room: 70s Groove Themed Studio,329841044,1469632710927019994,Green Room,Manhattan,Upper East Side,40.765806,-73.965819,Entire home/apt,337,1,126,2026-07-20,2.58,1,282,18
688475381592613781,1 BR guest suite close to Subway & Restaurants,473847345,1470136810010252350,Len Sweet Home,Queens,Jackson Heights,40.748320,-73.889010,Private room,182,2,94,2026-06-22,1.97,1,308,19
677408866265433530,Lovely 1-bedroom rental unit - 5 mins from LGA,464780709,1470094614316978431,Yixiong,Queens,East Elmhurst,40.761930,-73.884220,Private room,276,1,250,2026-07-31,5.20,1,152,34
677666479277771695,Private room for your next stay in BK,471172585,1470125116583406928,Wilda,Brooklyn,Canarsie,40.642160,-73.892630,Private room,181,3,74,2025-12-10,1.54,1,227,7
678213347614482633,"Adorable place, Rockaway, Queens, NY",471301818,1470125725807193106,Naomi,Queens,Arverne,40.596140,-73.794200,Private room,145,1,158,2026-08-02,3.22,1,90,33
678853457233224820,Casita Jurado - Stay with Gio,471461245,1463781819814965661,Giovanni,Queens,Flushing,40.746388,-73.830672,Private room,153,3,173,2026-08-10,3.62,1,201,43
680563059050396133,Brooklyn Apt w/ Private Parking & Close to Subway.,2587806,1462525106424516282,Aneerban,Brooklyn,Canarsie,40.640840,-73.894770,Private room,753,3,160,2026-08-01,3.28,1,355,16
681095875381595879,Beautiful room w/ nice pool and yard - 2 Guest Max,16307015,1462983577218224661,Matthew,Staten Island,Prince's Bay,40.521980,-74.207350,Private room,373,3,4,2022-09-21,0.08,1,362,0
689295463908141843,Very comfortable and spacious,20562103,1463122196903331251,Dawa,Queens,Maspeth,40.734960,-73.905930,Private room,130,1,36,2026-07-01,1.44,2,90,17
689890425467758374,Quaint & Relaxing Room in Harlem,33074274,1465484328095784469,Vigil,Manhattan,Harlem,40.807670,-73.949760,Private room,152,4,83,2026-06-29,1.74,3,302,20
695923766308374088,Newly renovated 1 bedroom in Central Harlem,431421365,1463685193002160034,Sonia,Manhattan,Harlem,40.815611,-73.941803,Private room,323,3,93,2026-08-02,1.99,1,292,18
696558738505882577,Spacious 1-Bedroom Private Room w/ King Size Bed,475699129,1470144536574353169,Suliman,Brooklyn,Brighton Beach,40.582520,-73.959730,Private room,99,1,279,2026-08-01,5.88,2,222,117
696614683123032785,SoHo View Room with Two Beds in Hotel Comfort,470859718,1470123596433996007,SOBECA At SoHo Garden Hotel,Manhattan,Tribeca,40.719370,-74.002800,Entire home/apt,223,1,560,2026-07-25,11.57,17,363,112
696616459846609727,SoHo Deluxe Double Deck Room in Hotel Comfort,470859718,1470123596433996007,SOBECA At SoHo Garden Hotel,Manhattan,Chinatown,40.718520,-74.000810,Entire home/apt,233,1,266,2026-07-26,5.52,17,365,29
696620581974515556,Grounding Circle Stay - Hotel Room Soho,470859718,1470123596433996007,SOBECA At SoHo Garden Hotel,Manhattan,Tribeca,40.718890,-74.002870,Private room,182,1,348,2026-07-15,7.19,17,349,102
696623677328852773,Serene Urban Escape - Steps from Soho & Subway,470859718,1470123596433996007,SOBECA At SoHo Garden Hotel,Manhattan,Chinatown,40.718100,-74.001590,Private room,182,1,761,2026-08-07,15.73,17,365,180
697162273018281181,"Adorable 2-bedroom place, free parking on premises",475822306,1470145077182507459,Hubert,Queens,Jamaica,40.669500,-73.767630,Private room,149,1,362,2026-07-26,7.69,1,344,50
697719311988590720,Private room for any type of stay,474967067,1470141502656031250,Michael,Brooklyn,Crown Heights,40.672630,-73.917160,Private room,115,1,176,2026-08-03,3.65,2,227,49
689915773903422973,Cozy OASIS in Bed-Stuy BK,73196438,1462809938519752297,Darolyn,Brooklyn,Bedford-Stuyvesant,40.690780,-73.937320,Private room,274,2,89,2026-07-03,1.90,1,55,22
690037658614567343,Private Studio Suite in Ridgewood Townhouse,2157562,1462587848359790419,Athena,Queens,Ridgewood,40.701140,-73.895870,Private room,334,2,110,2026-07-28,2.26,1,307,22
690070364410526409,Lovely 2bedroom in the heart of mill basin,267369381,1469413561475538220,Carl,Brooklyn,Flatlands,40.612350,-73.923360,Entire home/apt,295,1,188,2026-07-27,3.88,1,328,46
691169735744906187,The Garden At Pelham,277249537,1469461499896664579,Rob,Bronx,Pelham Gardens,40.865070,-73.848330,Private room,209,2,16,2024-10-02,0.38,1,364,0
691270986280465661,The Royale Tee Oasis 3BR/2Bath near JFK/LGA,170212480,1468644861561469398,Tee Royale,Queens,Rosedale,40.660240,-73.747580,Entire home/apt,465,2,124,2026-07-26,2.56,1,249,24
691653368293101718,Gather Loft Sobeca Soho | 2 Double Beds + Fridge,470859718,1470123596433996007,SOBECA At SoHo Garden Hotel,Manhattan,SoHo,40.719670,-74.000680,Entire home/apt,248,1,31,2026-01-13,0.64,17,4,2
691676460109271194,Soho Sanctuary - Hotel Room,470859718,1470123596433996007,SOBECA At SoHo Garden Hotel,Manhattan,Chinatown,40.718060,-74.000950,Entire home/apt,202,1,2397,2026-07-27,49.29,17,363,467
691684916095150541,"Tribeca Soho - Steps to Shopping, Dining & Culture",470859718,1470123596433996007,SOBECA At SoHo Garden Hotel,Manhattan,Tribeca,40.718820,-74.003010,Entire home/apt,193,1,42,2026-07-06,0.87,17,1,11
692075948348759261,"Enjoy privacy, at Choukri''s, near JFK Queens",465761406,1470099400670111751,Choukri,Queens,South Ozone Park,40.667560,-73.813280,Private room,170,1,78,2026-06-26,1.92,2,361,21
692125334129380493,C）5 mins walk from the subway.  Safe neighborhood,513843085,1529334599040498851,Michael,Queens,Richmond Hill,40.695188,-73.835049,Private room,93,4,50,2026-06-28,1.05,3,127,5
692217645174890864,SoHo View Premier Corner Room in Hotel Comfort,470859718,1470123596433996007,SOBECA At SoHo Garden Hotel,Manhattan,SoHo,40.718700,-74.000830,Entire home/apt,252,1,326,2026-07-20,6.73,17,365,52
693567361025762253,Renovated Apartment in Bed-Stuy Brownstone!,14168640,1462932193547205005,Laurence,Brooklyn,Bedford-Stuyvesant,40.688580,-73.944700,Private room,268,1,102,2026-08-04,2.14,1,224,33
693681944305880340,Prime Wall Street Stay + Breakfast. Subway Access,474812165,1470140926360287523,Holiday Inn Express Wall Street New York City,Manhattan,Financial District,40.704390,-74.007660,Private room,206,1,54,2026-07-06,1.75,2,181,22
705389873738014950,Gorgeous 2 bedroom Haven in New York,477481580,1463795128328571187,Shavanne,Brooklyn,East New York,40.674740,-73.884345,Private room,256,1,49,2026-08-03,1.03,1,331,20
699189080597169915,"Lovely 2 Bedroom apt. in the heart of Bed-Stuy, BK",4606577,1462536386727940364,Zach,Brooklyn,Bedford-Stuyvesant,40.685220,-73.934790,Private room,380,2,145,2026-08-08,3.01,1,244,29
699287688809132434,3BR+Full-Floor Apt+Near Prospect Park+Easy Transit,447283837,1470014288214837968,STR Management,Brooklyn,Prospect-Lefferts Gardens,40.655869,-73.953284,Entire home/apt,336,3,90,2026-08-02,1.88,8,239,23
700000812390093269,"Large, first floor space, w/king bed, private bath",104944916,1467261230656536876,Peter,Brooklyn,Windsor Terrace,40.658355,-73.975646,Private room,345,2,137,2026-07-27,2.92,1,257,34
700111269108709591,The Flat NYC - Single Room with Shared Bathroom,30065089,1465442819279824269,The Flat Hotel,Manhattan,Flatiron District,40.742050,-73.991360,Private room,178,1,43,2026-03-22,0.89,8,364,14
700555391370196141,Nice Room for 2 in Times square,449715737,1470025237860466565,Oyo,Manhattan,Theater District,40.759126,-73.983767,Private room,242,1,73,2024-06-21,1.52,5,147,0
700702850623136200,Full Bed in a Serene Townhouse Bedroom,476553626,1470148053240070698,Yakima,Bronx,Longwood,40.812750,-73.906500,Private room,167,2,95,2026-08-02,1.98,2,328,26
700888293266225258,Serene Soho - Tribeca Stay Hotel Comfort,470859718,1470123596433996007,SOBECA At SoHo Garden Hotel,Manhattan,SoHo,40.719940,-74.000980,Entire home/apt,182,1,1462,2026-07-25,30.52,17,364,306
700893842468034810,Sobeca Soho· Central NYC · Near Subway & Landmarks,470859718,1470123596433996007,SOBECA At SoHo Garden Hotel,Manhattan,Chinatown,40.718350,-74.001340,Private room,168,1,46,2026-06-29,0.96,17,4,10
700962934143319603,cOzy room,476228262,1470146704834542513,Aleksandr,Manhattan,East Harlem,40.790630,-73.941520,Private room,235,1,111,2026-08-03,2.71,1,293,33
701279449329328106,Full size private bedroom!,474967067,1470141502656031250,Michael,Brooklyn,Crown Heights,40.674110,-73.916800,Private room,104,1,219,2026-08-09,4.55,2,230,75
705960660317173546,Luxury home with free parking near JFK Airport,237340817,1469262814349833397,Morlisa,Brooklyn,East Flatbush,40.648466,-73.917497,Private room,255,1,338,2026-08-03,7.09,1,224,64
706712347413814784,Bright NYC Apartment Near Manhattan • Free Parking,477752095,1463795778027676371,Anna,Queens,Maspeth,40.721190,-73.905690,Entire home/apt,240,2,86,2026-08-01,1.81,1,305,32
707250744053305867,Natasha's,195479167,1469018871676566864,Natasha,Brooklyn,Flatlands,40.624921,-73.933801,Private room,156,2,126,2026-07-19,2.78,1,269,21
707958114252508497,Lovely Bedroom with Jacuzzi in the host apartment,29472753,1462648229012872149,Alexandra,Queens,Arverne,40.597090,-73.799260,Private room,204,1,254,2026-07-26,5.35,1,346,58
708553815454088469,Triplex loft with Host Present lower level,478094511,1470154140454182726,Angelika,Manhattan,Gramercy,40.735900,-73.981230,Private room,519,3,90,2026-07-26,1.93,1,34,20
708784876021513580,HUGE RM Manhattan Near Metro & Central Park Walkup,154834587,1468514645528382640,Joo Hee,Manhattan,East Harlem,40.794530,-73.945860,Private room,148,1,217,2026-08-03,4.94,1,12,46
708808138924351782,"Gigantic Room Inside Manhattan, Central Pk & Metro",478160947,1470154377302757068,Young,Manhattan,East Harlem,40.794300,-73.946060,Private room,160,1,235,2026-08-01,4.93,1,22,41
708883217066615089,Sobeca Soho - Steps to Subway · Heart of Manhattan,470859718,1470123596433996007,SOBECA At SoHo Garden Hotel,Manhattan,SoHo,40.719490,-74.001050,Entire home/apt,168,1,18,2026-07-12,0.38,17,4,10
709249784866449499,"A Cozy, Private Room In
Central Brooklyn",289997302,1469507577065100819,Nazeeha,Brooklyn,East Flatbush,40.657448,-73.925885,Private room,182,1,65,2026-07-21,1.67,1,49,8
709533840920714673,Sobeca Two Beds | Full + Single Soho,470859718,1470123596433996007,SOBECA At SoHo Garden Hotel,Manhattan,Chinatown,40.718260,-74.001520,Entire home/apt,196,1,55,2026-07-24,1.17,17,4,5
710330070838976659,High tech studio apartment on the bay,456035465,1470052114977843674,Valentin,Brooklyn,Sheepshead Bay,40.583520,-73.952220,Private room,247,3,97,2026-08-03,2.04,1,348,26
710743600315683032,Exclusive Apartment 613 | Shared Bathroom,401202937,1469841047362978348,Eliza,Manhattan,Midtown,40.747910,-73.986770,Entire home/apt,209,1,89,2026-06-26,2.00,70,136,22
710878298179390241,Private room near major train and JFK airport,232454114,1469239008057590781,Jose,Brooklyn,Cypress Hills,40.682810,-73.880620,Private room,90,3,132,2026-08-01,2.76,1,112,23
711043549546928169,"Loft-style place Near JFK, LGA, Citi Field!",416750758,1469894762277603810,Joel,Queens,Kew Gardens,40.703820,-73.830870,Private room,215,1,123,2026-07-26,2.61,1,323,33
711477188594962909,Charming huge guest suite in Williamsburg,9742120,1462822211203943242,Jeffrey,Brooklyn,Williamsburg,40.716540,-73.942370,Private room,330,1,253,2026-07-20,5.46,1,259,59
711820084444046096,1-Bedroom Private Room with Queen Size Bed,475699129,1470144536574353169,Suliman,Brooklyn,Brighton Beach,40.582630,-73.958030,Private room,99,1,248,2026-07-30,5.22,2,222,78
713185241032100746,Big room in Washington Heights,268218366,1469417726817200888,Rafa,Manhattan,Washington Heights,40.837840,-73.941140,Private room,163,2,103,2026-08-04,2.17,2,67,31
704187120309184131,Two Twin Beds in a Serene Townhouse Bedroom,476553626,1470148053240070698,Yakima,Bronx,Longwood,40.814710,-73.905460,Private room,149,2,86,2026-07-26,1.80,2,344,25
704509709325061320,Cozy Spacious Home Away from Home 2,273971514,1463359243290425729,Elaine,Staten Island,St. George,40.645440,-74.085250,Private room,232,2,137,2026-08-03,2.86,2,311,32
704925015465957888,2 Home away from Home,249649095,1469323347587482029,Tenzin,Queens,East Elmhurst,40.762890,-73.881820,Private room,139,2,148,2026-07-26,3.11,2,319,29
704960933715417604,1 Home away from Home,249649095,1469323347587482029,Tenzin,Queens,East Elmhurst,40.763630,-73.880420,Private room,160,1,157,2026-07-12,3.28,2,328,34
705004710308579542,Home Away From Home in Park Slope - Private Patio,41468177,1465616378787220470,Jacqueline,Brooklyn,South Slope,40.667030,-73.989280,Entire home/apt,517,2,131,2026-07-26,2.73,1,307,42
719132295331082716,Private bedroom in the heart of Stuyvesant Heights,192353876,1463102396671061134,Tonya,Brooklyn,Bedford-Stuyvesant,40.683890,-73.939500,Private room,173,3,86,2026-04-05,1.89,2,158,13
713690174109417452,Gorgeous guest room with free street parking,478958012,1463798605754888090,Pearline,Brooklyn,Canarsie,40.645990,-73.893910,Private room,208,2,71,2026-06-23,1.50,1,365,10
713696585074780233,Cheerful Ensuite Bedroom in Astoria 4min to subway,40218397,1465599790995429171,Spencer,Queens,Ditmars Steinway,40.772720,-73.908650,Private room,190,2,139,2026-08-08,2.96,1,112,34
714318440609944597,Manhattan • Grand Central City Base,475558129,1470143987971193192,Brianna,Manhattan,Midtown,40.752668,-73.972484,Private room,669,2,0,,,3,229,0
714451995943246553,NYC Luxury Hotel: Exec Junior Suite Great Location,425951302,1469931101484697841,Liza,Manhattan,Midtown,40.765580,-73.981820,Private room,399,1,6,2025-07-05,0.14,1,2,0
714527856020761530,West 57Th Street By Hilton - 1 Bedroom,475752211,1470144857751552210,Megan,Manhattan,Midtown,40.764512,-73.977912,Private room,443,1,1,2025-08-07,0.08,12,237,0
714528028978107172,West 57Th Street By Hilton - Studio Plus,475752211,1470144857751552210,Megan,Manhattan,Midtown,40.764512,-73.977912,Private room,561,1,1,2024-11-01,0.05,12,296,0
714528192914014329,West 57Th Street By Hilton - Studio Premier,475752211,1470144857751552210,Megan,Manhattan,Midtown,40.764512,-73.977912,Private room,572,1,0,,,12,245,0
714528356937191116,West 57Th Street By Hilton - 1 Bedroom,475752211,1470144857751552210,Megan,Manhattan,Midtown,40.764512,-73.977912,Private room,443,1,1,2025-06-05,0.07,12,237,0
714528519763158457,West 57Th Street By Hilton - 1 Bedroom Penthouse,475752211,1470144857751552210,Megan,Manhattan,Midtown,40.764512,-73.977912,Private room,1311,1,0,,,12,240,0
714528682440070396,West 57Th Street By Hilton - 1 Bedroom Plus,475752211,1470144857751552210,Megan,Manhattan,Midtown,40.764512,-73.977912,Private room,1434,1,1,2025-09-25,0.09,12,244,1
714528842855635500,Nyc • Premier Midtown Stay • Central Park,475752211,1470144857751552210,Megan,Manhattan,Midtown,40.764369,-73.977907,Private room,1151,1,0,,,12,256,0
714545954855687298,"The Central At 5Th, A Hilton  - Studio - Std",475761645,1470144736865069399,Fabian,Manhattan,Midtown,40.756628,-73.979546,Private room,775,1,3,2025-05-01,0.13,9,229,0
714546122347928113,The Central At 5Th - 1 Bedroom Premier,475761645,1470144736865069399,Fabian,Manhattan,Midtown,40.756628,-73.979546,Private room,2085,1,0,,,9,261,0
714546286511123387,The Central At 5Th - 1 Bedroom Penthouse,475761645,1470144736865069399,Fabian,Manhattan,Midtown,40.756630,-73.979550,Private room,1359,1,0,,,9,260,0
714567353707182889,Full apartment in beautiful historic Brownstone!,51468488,1465804872728230158,Chris,Bronx,Concourse,40.822140,-73.928680,Private room,206,1,181,2026-08-09,4.03,2,334,45
715268612092343760,Modern Queens Stay | 15 min to Manhattan & JFK NYC,194196062,1463106748891062857,Priscila,Queens,Flushing,40.761747,-73.805249,Private room,150,2,69,2026-07-28,1.45,2,346,15
715330674852310027,"The Quin, A Hilton  - Studio Plus - Stp",475709628,1470144570495804405,Bruce,Manhattan,Midtown,40.764736,-73.977383,Private room,517,1,1,2025-10-14,0.10,8,240,1
715331215192876668,"The Quin, A Hilton  - 1 Bedroom Premier - 1 Bx",475709628,1470144570495804405,Bruce,Manhattan,Midtown,40.764740,-73.977380,Private room,1630,1,0,,,8,115,0
715331388863921149,The Quin By Hilton - 1 Bedroom Premier Plus,475709628,1470144570495804405,Bruce,Manhattan,Midtown,40.764736,-73.977383,Private room,1137,1,0,,,8,175,0
715332535821520790,"The Quin, A Hilton  - Studio Premier - Stx",475709628,1470144570495804405,Bruce,Manhattan,Midtown,40.764736,-73.977383,Private room,611,1,1,2025-09-24,0.09,8,259,1
715332697833872098,"The Quin, A Hilton  - Studio Premier Plus - Sxp",475709628,1470144570495804405,Bruce,Manhattan,Midtown,40.764736,-73.977383,Private room,1432,1,0,,,8,300,0
715579236224105612,Elaine’s Panache Choose 1 of 2 Bed Rm w/patio,468181485,1463774569404253534,Earl,Brooklyn,Fort Greene,40.684020,-73.972760,Entire home/apt,335,3,92,2026-06-23,2.09,1,314,26
715842881002822241,Private Parking and Best Location in the Bronx,87629139,1462842699926103458,Lina,Bronx,Mott Haven,40.808290,-73.918630,Private room,487,1,15,2026-05-14,0.32,1,362,9
716775572434292425,Nyc • Midtown City Hub Stay,475558129,1470143987971193192,Brianna,Manhattan,Midtown,40.752668,-73.972484,Private room,1117,2,2,2019-10-13,0.02,3,221,0
716924236838890483,Bright Queen Room • 15 Min to Manhattan. Fast WiFi,80827479,1462827633200782007,Marianella,Queens,Sunnyside,40.740010,-73.918850,Private room,266,1,112,2026-08-01,2.36,3,154,25
717197794672647065,"Spacious 2BR Queens Suite, JFK/LaGuardia: Sleeps 8",42814202,1462691752279979851,Irina,Queens,Fresh Meadows,40.741660,-73.787780,Private room,539,1,28,2026-06-08,0.60,6,266,4
717557610336262134,5 min Subway Spacious King Room LGBTQ+ friendly,398191111,1463609830760109696,Jiyoun,Brooklyn,Brownsville,40.657380,-73.908710,Private room,344,1,68,2026-07-09,1.44,3,363,21
717744863250847092,Marriotts Pulse New York - Studio,475708922,1470144568950189094,Hank,Manhattan,Midtown,40.751300,-73.984818,Private room,1007,1,0,,,2,47,0
720896670635654011,"Park Slope Brownstone, private room, private bath",8360989,1462766488081586372,Juanita,Brooklyn,Park Slope,40.671726,-73.977160,Private room,280,2,170,2026-08-09,3.70,1,73,49
721869934612599931,The Urban Retreat,98437736,1467183867187655562,Francesca,Brooklyn,East Flatbush,40.650400,-73.949430,Private room,405,2,43,2026-05-19,2.14,1,344,21
721912126539392246,5 min Subway Sunlit King Master LGBTQ+ Friendly,398191111,1463609830760109696,Jiyoun,Brooklyn,Brownsville,40.655500,-73.906480,Private room,309,1,94,2026-07-29,1.99,3,364,23
721917164353135853,5 min Subway LGBTQ friendly Cozy Queen Room,398191111,1463609830760109696,Jiyoun,Brooklyn,Brownsville,40.657420,-73.906770,Private room,283,1,94,2026-07-11,1.99,3,347,19
722328771203163875,"Queens Apartment (10'' from JFK, 30'' from midtown)",328093301,1469627879649827927,Sebastian,Queens,Springfield Gardens,40.674060,-73.762670,Private room,223,2,138,2026-07-21,2.92,1,138,23
723290057134167937,A) 5 mins walk from the subway. Safe neighborhood,513843085,1529334599040498851,Michael,Queens,Richmond Hill,40.694280,-73.835350,Private room,110,1,148,2026-07-26,3.14,3,40,31
723861207309008728,Big cosy Bushwick room,4232762,1462651067836515492,Sigfus,Brooklyn,Williamsburg,40.706090,-73.939050,Private room,183,2,131,2026-07-28,3.13,3,183,46
724835120949186187,A guest Suite in Modern Brooklyn Townhouse,100361034,1462871206205727068,Amy,Brooklyn,Prospect Heights,40.676780,-73.968260,Entire home/apt,589,4,52,2026-08-03,1.33,1,31,26
725088224980807119,Cozy Brooklyn Getaway: Hosted in Sheepshead Bay.,481222916,1470167086811826856,Ilhom,Brooklyn,Sheepshead Bay,40.590320,-73.948290,Entire home/apt,597,2,70,2026-08-02,1.51,1,339,29
725398332156942232,Big Apple Getaway! Steps to Empire State Bldg.!,25138314,1462632302706246552,RoomPicks By Antony,Manhattan,Midtown,40.747820,-73.986520,Private room,314,1,1,2023-10-20,0.03,47,318,0
726051328615599170,Experience NYC Like Never Before! Pet-friendly!,25138314,1462632302706246552,RoomPicks By Antony,Manhattan,Midtown,40.747820,-73.986520,Private room,314,1,1,2023-11-12,0.03,47,318,0
726057650522445330,Steps from NYC Attractions! Pets are Welcome!,25138314,1462632302706246552,RoomPicks By Antony,Manhattan,Midtown,40.747820,-73.986520,Private room,314,1,0,,,47,318,0
726064730287611587,"Relax and Recharge! Four Units, Pets Allowed!",25138314,1462632302706246552,RoomPicks By Antony,Manhattan,Midtown,40.747820,-73.986520,Private room,1302,1,0,,,47,265,0
726065035073784943,Located in Lively Location! 4 Relaxing Units,25138314,1462632302706246552,RoomPicks By Antony,Manhattan,Midtown,40.747820,-73.986520,Private room,1302,1,0,,,47,265,0
726070710428229569,"Look No Further! 4 Comfortable Units, Pets Allowed",25138314,1462632302706246552,RoomPicks By Antony,Manhattan,Midtown,40.747820,-73.986520,Private room,1376,1,0,,,47,330,0
726073675795134815,Relax and Unwind! 3 Units Close to Times Square!,25138314,1462632302706246552,RoomPicks By Antony,Manhattan,Midtown,40.747820,-73.986520,Private room,1065,1,0,,,47,307,0
726074123553985535,Best Place to Stay in NYC! 3 Convenient Units,25138314,1462632302706246552,RoomPicks By Antony,Manhattan,Midtown,40.747820,-73.986520,Private room,1065,1,0,,,47,307,0
726077999015035223,Wonderful Stay! Minutes from East River Esplanade!,174792040,1463062109462152996,Roompicks By Victoria,Manhattan,Murray Hill,40.750190,-73.977540,Private room,448,1,0,,,24,323,0
726080284648377138,Your Home Away From Home! 3 Convenient Units!,25138314,1462632302706246552,RoomPicks By Antony,Manhattan,Midtown,40.747820,-73.986520,Private room,856,1,0,,,47,284,0
726080714216367305,"Pleasant Stay! 3 Relaxing Units, Near Bryant Park",25138314,1462632302706246552,RoomPicks By Antony,Manhattan,Midtown,40.747820,-73.986520,Private room,909,1,0,,,47,284,0
726116547008817044,Nyc • Midtown + Skyline • 2Br Presidential,475558129,1470143987971193192,Brianna,Manhattan,Midtown,40.752668,-73.972484,Private room,1347,2,0,,,3,188,0
726616333794995114,Cozy Ensuite Double w/ Desk & A/C | Coliving House,159355723,1468551253311441908,Outsite,Manhattan,Chelsea,40.744996,-73.999938,Private room,218,2,35,2026-01-22,0.78,6,342,3
727563616843537662,"Relax and Recharge! 3 Relaxing Units, Pets Allowed",25138314,1462632302706246552,RoomPicks By Antony,Manhattan,Midtown,40.747820,-73.986520,Private room,1016,1,0,,,47,335,0
727563795390098633,"Pleasant Stay, Convenient Location! 3 Classy Units",25138314,1462632302706246552,RoomPicks By Antony,Manhattan,Midtown,40.747820,-73.986520,Private room,976,1,0,,,47,335,0
727635111550428709,West 57Th Street By Hilton - Studio Plus,475752211,1470144857751552210,Megan,Manhattan,Midtown,40.764512,-73.977912,Private room,561,1,15,2026-06-17,0.55,12,296,5
724702772019188387,A Renovated Historic Brownstone w/ Park Views,127721863,1468283655524518884,Machel,Brooklyn,Crown Heights,40.676210,-73.942500,Entire home/apt,556,1,74,2026-07-26,1.90,2,108,45
724712165452391439,The Cozy Room,481150531,1470166820421444832,Carol,Brooklyn,Canarsie,40.649670,-73.898190,Private room,232,1,51,2026-07-22,1.16,2,365,15
724719197235678837,Sunflower Room,481150531,1470166820421444832,Carol,Brooklyn,Canarsie,40.648280,-73.896530,Private room,234,1,37,2026-07-22,0.84,2,365,13
728898265855426177,Stylish Brooklyn 2BR | Easy Access to Manhattan,11127879,1462857717600368495,Roger,Brooklyn,Crown Heights,40.672410,-73.928640,Entire home/apt,402,1,63,2026-07-20,1.36,1,254,23
729009942205510892,B) 5 mins walk from the subway.  Safe neighborhood,513843085,1529334599040498851,Michael,Queens,Richmond Hill,40.695980,-73.833910,Private room,129,1,106,2026-07-23,2.26,3,64,18
729559350454124966,Stay near Central Park / Columbus Circle,482047667,1470170733798142826,Evgen,Manhattan,Theater District,40.762940,-73.984070,Entire home/apt,203,2,73,2026-06-30,1.56,1,107,26
730322098122161810,St. Regis Residence Club - 2 BR Suite. 5th Ave NYC,482204791,1470171490244463788,Joshua,Manhattan,Midtown,40.760888,-73.973047,Private room,8559,2,1,2025-01-02,0.05,1,23,0
730806224413736320,St Regis 1 bedroom suite,28656622,1465422925877699459,Elisa,Manhattan,Midtown,40.761520,-73.974140,Private room,1699,1,23,2026-07-20,0.49,4,361,2
731342456361090851,"Clean & Comfy Retreat in South Slope, Brooklyn",3604436,1462530861576869940,Daichi,Brooklyn,Sunset Park,40.660550,-73.990840,Private room,405,1,103,2026-06-28,2.47,1,333,18
733422980036577408,Carribean Vibes Nookie,423459702,1463665127626009925,Pettrina,Brooklyn,East Flatbush,40.651800,-73.949320,Private room,80,3,139,2026-07-29,2.99,3,226,31
734060738824589056,Nolita 6 Bedroom 2 BA Loft,482894767,1470174388386064359,Pearl,Manhattan,Lower East Side,40.714980,-73.987140,Entire home/apt,1562,1,56,2026-07-19,1.21,2,316,1
734088502582394286,Cozy Room Near JFK,394602143,1469820551327613526,Rudy,Queens,St. Albans,40.693680,-73.758050,Private room,144,3,60,2026-01-01,1.29,3,229,6
734217966968048115,A cozy spot in Bedstuy for women traveling solo,11403173,1462578403380918365,April,Brooklyn,Bedford-Stuyvesant,40.682677,-73.950344,Private room,150,1,128,2026-07-21,2.80,1,26,30
734234083570975359,SoHo City View Penthouse Suite in Hotel Comfort,470859718,1470123596433996007,SOBECA At SoHo Garden Hotel,Manhattan,SoHo,40.720080,-74.001570,Entire home/apt,512,1,133,2026-07-20,2.92,17,365,23
735740047616638963,Charming suite in historic townhouse,411958699,1469878278628917074,Thomas,Bronx,Mott Haven,40.808110,-73.921040,Private room,220,1,63,2026-06-28,1.58,1,167,25
736427204561194184,Sunnyside Queens Apt,299371992,1469538351395588711,Jose,Queens,Sunnyside,40.737320,-73.923980,Entire home/apt,636,2,63,2026-06-30,1.43,5,321,18
737616938369086269,"Endless New York Fun! 4 Classy Units, Pet-friendly",25138314,1462632302706246552,RoomPicks By Antony,Manhattan,Midtown,40.747820,-73.986520,Private room,1302,1,0,,,47,330,0
737718519546722846,2Bed Family-Friendly Home|Workspace|Near DT & Attr,483607409,1470177454865268091,Seyi,Staten Island,Westerleigh,40.621210,-74.132070,Entire home/apt,623,1,35,2026-05-24,0.85,1,357,6
738594574645655257,1 Bedroom with own bath in NYC Harlem apartment.,483751627,1470178098499364953,Chris,Manhattan,Harlem,40.802281,-73.949144,Private room,213,1,75,2026-07-12,1.62,1,35,25
734711419793571699,NYC Apartment with Transit Nearby,493151605,1463832621192993219,Kareem,Queens,Jamaica,40.703390,-73.784220,Private room,371,1,77,2026-07-26,1.72,4,233,28
734738222848364398,Best valuable studio for family,388603242,1469802038663201760,Henri,Manhattan,Midtown,40.748200,-73.988240,Entire home/apt,394,1,196,2026-07-26,4.89,13,106,89
734859054165409036,Luxury Nolita Loft 2500 square feet 6BR/2BA,482894767,1470174388386064359,Pearl,Manhattan,Chinatown,40.715300,-73.994620,Entire home/apt,1273,1,99,2026-07-13,2.21,2,314,20
746925705111006704,The Highland,102513991,1529320624864747537,George,Queens,Jamaica Estates,40.713810,-73.791270,Private room,261,3,65,2026-06-20,1.41,1,335,17
747572912798239855,3 Bed - 1 Bath Entire Apartment in Kips Bay,412467812,1469879900395068012,NYC Luxe Rentals,Manhattan,Upper East Side,40.763200,-73.962070,Entire home/apt,511,3,42,2026-06-28,0.92,5,10,17
748008078823445006,Soho -Sanctuary Boutique in the Heart of NYC,470859718,1470123596433996007,SOBECA At SoHo Garden Hotel,Manhattan,SoHo,40.719840,-74.002450,Private room,168,1,27,2026-07-08,0.59,17,4,3
748008170757503374,Sobeca Soho Harbor Bunk Loft | Cozy Group Stay,470859718,1470123596433996007,SOBECA At SoHo Garden Hotel,Manhattan,SoHo,40.720000,-74.002300,Private room,206,1,17,2026-06-29,0.38,17,4,2
748057680426693490,"SoHo Boutique • Simple, Clean & Central",470859718,1470123596433996007,SOBECA At SoHo Garden Hotel,Manhattan,SoHo,40.719880,-74.000790,Entire home/apt,166,1,50,2026-07-28,1.15,17,3,10
748470011797003577,"Room in Queens, NY",244078625,1469295237068816976,Michelle,Queens,Laurelton,40.672840,-73.741020,Private room,335,2,33,2026-01-03,1.19,1,36,7
748531874860758183,City Crown Penthouse Sobeca Soho | 2 Double + Bunk,470859718,1470123596433996007,SOBECA At SoHo Garden Hotel,Manhattan,SoHo,40.720290,-74.001210,Entire home/apt,528,1,10,2025-08-24,0.22,17,4,1
750710871111682947,Mini Castle Free Parking 10 mins from JFK,485939496,1463815351878915748,Bihari,Queens,Ozone Park,40.667010,-73.833340,Private room,383,2,147,2026-07-26,3.22,1,298,32
750914635345448241,Classy bedroom near JFK,381374171,1463570709175467906,Ramneet,Queens,South Ozone Park,40.672011,-73.811453,Private room,99,1,568,2026-08-05,12.38,3,266,155
750934716608055913,Moderate room near JFK,381374171,1463570709175467906,Ramneet,Queens,South Ozone Park,40.672011,-73.811453,Private room,97,1,509,2026-08-01,11.10,3,285,132
750941542611047167,Master bedroom near JFK,381374171,1463570709175467906,Ramneet,Queens,South Ozone Park,40.672011,-73.811453,Private room,122,1,343,2026-08-07,7.49,3,312,83
751003075015712590,H & R Suites,485998649,1470187690034892783,Renee,Brooklyn,Canarsie,40.633000,-73.915460,Private room,299,2,21,2026-04-19,0.55,1,239,6
741531697395335107,"Modern, Newly Reno, 1 BR, Near transportation",484324985,1470180561117832310,Lisa,Queens,Richmond Hill,40.685857,-73.821677,Private room,183,2,104,2026-07-26,2.37,1,344,21
741730313598556488,Walk to Madison Square Garden + Breakfast & Gym,446770142,1470012338832828232,Madison Square Garden New York City,Manhattan,Chelsea,40.748530,-73.989090,Private room,246,1,537,2026-08-09,12.20,2,199,65
742567489503884321,Private Room | 23 Minutes to Times Square,130756194,1468309647712473996,Rodrigo,Queens,Sunnyside,40.746021,-73.915042,Private room,129,1,151,2026-07-28,3.94,1,117,55
742846569646585640,Pvt rm/ bath - in stylish apt close 2 JFK n train,467974528,1463774104180457303,Gichard,Brooklyn,Canarsie,40.637888,-73.884345,Private room,164,2,97,2026-07-04,2.12,2,208,9
744215016935384966,Comfortable Design Home 2 Rooms,25419685,1465342320664609822,Katarzyna,Bronx,Parkchester,40.838190,-73.868270,Private room,254,2,51,2026-07-30,1.16,1,365,6
744307258225953765,"Cozy 1br w prvt bathrm in vibrant Astoria, Queens",263009707,1469390890261174967,Elsa,Queens,Ditmars Steinway,40.769910,-73.902520,Private room,137,1,218,2026-08-08,4.76,1,47,67
744906774156280600,20%OFF Duplex|2 Living Rooms~FIFA 46min,481452777,1470168098247100824,Jude,Manhattan,Harlem,40.817473,-73.944191,Entire home/apt,926,1,6,2025-11-22,0.16,17,341,1
744908934921683014,· 9 Br Triplex|1 block > Train,481452777,1470168098247100824,Jude,Manhattan,Harlem,40.817473,-73.944191,Entire home/apt,2064,1,7,2025-12-09,0.18,17,328,1
744935000442450119,Luxe Brooklyn Suite,73055826,1466901390958543719,Dee,Brooklyn,East Flatbush,40.653830,-73.921660,Private room,259,2,117,2026-07-29,2.60,1,76,22
745555272015423459,Beautiful apartment with backyard and BBQ place,484826444,1470182631047256115,Galla,Brooklyn,Sea Gate,40.577823,-74.011169,Entire home/apt,233,2,156,2026-07-27,3.39,1,244,48
751544681082578652,Bedroom bk Minimalist 1,266577166,1463340955185806687,Jhoan,Brooklyn,Bushwick,40.698770,-73.915420,Private room,94,2,106,2026-07-29,2.32,11,99,34
752124019330703900,Lovely Two Bedrooms By JFK,569747157,1470532608249519870,Marie,Brooklyn,East New York,40.675280,-73.883128,Entire home/apt,297,2,125,2026-08-09,2.73,2,357,27
752124066836971423,Kasa Lantern LES | Cozy Queen Room Lower East Side,88566861,1462844731192258239,Kasa,Manhattan,Lower East Side,40.720200,-73.990600,Private room,306,1,364,2026-07-11,8.19,4,296,23
752124417745502491,Kasa Lantern LES | King Room w/ Kitchenette,88566861,1462844731192258239,Kasa,Manhattan,Lower East Side,40.718370,-73.990730,Entire home/apt,345,1,239,2026-08-06,5.37,4,291,55
752761400910761147,"Studio 65
Private Studio with Separate Entrance.",398980141,1469833934431672376,Tamika,Brooklyn,East New York,40.661940,-73.890860,Private room,267,1,102,2026-07-19,2.59,1,254,24
754970276793406798,"Big, bright bedroom with private bath!",466759693,1463771236591578122,Philip,Brooklyn,Bedford-Stuyvesant,40.693210,-73.929990,Private room,120,1,126,2026-07-22,2.87,2,277,47
755267697122482301,Gorgeous Bedroom in Queens (5 mins from JFK),486808291,1470191114439736832,Camille,Queens,South Ozone Park,40.672240,-73.790350,Private room,328,1,61,2026-07-18,1.34,1,265,8
745751296696283337,Big Private Room in Beautiful Artist Loft,35539450,1465525045904881226,Luis,Brooklyn,Williamsburg,40.710430,-73.966280,Private room,187,4,66,2026-07-25,1.44,2,140,12
745881711855691249,Clean spacious PVT RM N Bath - 15 mins from JFK,467974528,1463774104180457303,Gichard,Brooklyn,Canarsie,40.638830,-73.885050,Private room,153,2,92,2025-12-14,2.01,2,175,16
746373585663654569,Renovated Stylish Bklyn 2BR 2BA Apt w/ Roof Access,33786372,1465493946201313506,Akb,Brooklyn,Crown Heights,40.674720,-73.954920,Entire home/apt,475,1,62,2026-08-03,1.35,1,29,17
759510323619765888,Exclusive Studio 628 | Private Bathroom,401202937,1469841047362978348,Eliza,Manhattan,Midtown,40.746150,-73.988880,Entire home/apt,272,1,70,2026-07-27,1.57,70,158,20
759618126064467893,Cozy bedroom with city views,487604591,1470194430540369067,Piedad,Queens,Long Island City,40.763420,-73.941530,Private room,174,1,141,2026-08-04,3.14,2,178,66
759644640471449248,Lovely bedroom w/ private bathroom and city views,487604591,1470194430540369067,Piedad,Queens,Long Island City,40.763910,-73.941770,Private room,197,1,126,2026-08-04,2.81,2,251,59
760377148896746634,Private guest suite in centrally-located townhouse,132511908,1468325146694678204,Richard,Brooklyn,Crown Heights,40.673597,-73.962949,Entire home/apt,332,1,122,2026-07-20,2.77,1,282,26
761570023840746147,Keyless Sun Light! Near to Laguardia Airport!,160097529,1463007378772809744,Hal,Queens,Ditmars Steinway,40.775450,-73.907630,Private room,171,3,62,2026-06-07,1.39,3,365,12
761666718123905227,"Luxury 3BR King Bed + Wi-Fi, Near JFK/LGA/NYC",5789328,1462542357139392729,Ashek,Queens,Richmond Hill,40.688460,-73.811060,Entire home/apt,895,1,206,2026-07-31,4.56,1,298,55
755778466825526669,Great! Private NYC Room in Sunnyside,58234433,1462739465269641623,Jose,Queens,Sunnyside,40.735000,-73.919890,Private room,181,1,83,2026-07-28,1.83,6,335,6
756300626634021314,Nene’s Humble Abode,60315249,1466741474248655811,Keniesha,Queens,Cambria Heights,40.685720,-73.749450,Private room,183,2,3,2025-06-29,0.20,1,269,0
756315002691618118,Luxurious Rooms in Brooklyn,487002391,1463817906098058207,Shereen,Brooklyn,East Flatbush,40.640450,-73.939560,Private room,595,2,74,2026-06-27,1.68,1,362,13
757228774711849799,Room in Apartment minutes from the City,6275345,1462544800354121980,Alejandra,Queens,Long Island City,40.754860,-73.936450,Private room,186,2,106,2026-07-20,2.54,1,273,21
762482097617218325,1 Bed 1 Bunk Sky | Placemakr Wall Street,420415528,1469908984443542334,Placemakr Wall Street,Manhattan,Financial District,40.704777,-74.006425,Entire home/apt,579,1,41,2026-05-31,0.91,22,232,3
762507882453765581,New York 2nd Floor Rooftop Terrace,420759524,1463658727376136960,Logan,Queens,East Elmhurst,40.757134,-73.880691,Private room,394,1,81,2026-07-27,1.79,2,328,13
764009535010619872,Opulent Room-Penthouse Suite-2mins to subway.,253526523,1463307370714968328,Lourdes,Brooklyn,Bedford-Stuyvesant,40.680850,-73.949480,Private room,473,2,125,2026-06-22,2.77,9,161,20
764578441677175829,Bright with a sunshine atmosphere,480762641,1463802789844598481,Terry,Manhattan,Harlem,40.812284,-73.943946,Private room,127,2,111,2026-07-25,2.61,1,133,30
762354667794020777,Luxurious Room with Private Bath Easy Access NYC,488130450,1470196865558305724,Roger,Queens,Ridgewood,40.698860,-73.908260,Private room,150,1,107,2026-07-21,2.40,1,288,30
762384139940705802,Studio Sky | Placemakr Wall Street,420415528,1469908984443542334,Placemakr Wall Street,Manhattan,Financial District,40.704777,-74.006425,Entire home/apt,413,1,10,2025-07-20,0.22,22,278,0
762388975585026394,BR w/ King & Twin Beds + Prvt BA,435050037,1463694390905707399,Abdo,Brooklyn,Flatbush,40.653390,-73.963040,Private room,310,2,9,2025-05-21,0.20,6,348,0
762429245666943839,Studio Bunk Sky | Placemakr Wall Street,420415528,1469908984443542334,Placemakr Wall Street,Manhattan,Financial District,40.704777,-74.006425,Entire home/apt,610,1,49,2026-06-20,1.13,22,192,7
762458991784656327,Bright NYC Getaway near JFK+LGA,26052832,1465354607974813428,Anna,Queens,Richmond Hill,40.698560,-73.838190,Entire home/apt,376,1,116,2026-08-01,3.21,1,317,32
766651417455076043,4 Units in the Heart of Midtown! Near Times Square,174792040,1463062109462152996,Roompicks By Victoria,Manhattan,Murray Hill,40.750190,-73.977540,Private room,1767,1,0,,,24,280,0
766651458567614309,"4 Family-friendly Units, Minutes to Central Park!",174792040,1463062109462152996,Roompicks By Victoria,Manhattan,Murray Hill,40.750190,-73.977540,Private room,2068,1,0,,,24,280,0
766655006057705213,Oasis 2 - near Yankee Stadium,90930266,1467099725473055436,Julio,Bronx,Melrose,40.819000,-73.914000,Private room,130,2,126,2026-07-21,2.92,4,343,32
766656550239072116,Art-Inspired Oasis in Midtown! 3 Relaxing Units!,174792040,1463062109462152996,Roompicks By Victoria,Manhattan,Murray Hill,40.750190,-73.977540,Private room,1325,1,0,,,24,287,0
766657348274802404,Fun Escape Near Central Park! 3 Pet-friendly Units,174792040,1463062109462152996,Roompicks By Victoria,Manhattan,Murray Hill,40.750190,-73.977540,Private room,1356,1,1,2026-03-01,0.18,24,287,1
766659572645882524,Ultimate NYC Getaway! 2 Units Near Broadway!,174792040,1463062109462152996,Roompicks By Victoria,Manhattan,Murray Hill,40.750190,-73.977540,Private room,883,1,0,,,24,301,0
766659920133646601,Big Apple Getaway! 2 Units Near Times Square,174792040,1463062109462152996,Roompicks By Victoria,Manhattan,Murray Hill,40.750190,-73.977540,Private room,904,1,0,,,24,301,0
766661542029355467,Historic Midtown Gem! Walk to Central Park!,174792040,1463062109462152996,Roompicks By Victoria,Manhattan,Murray Hill,40.750190,-73.977540,Private room,442,1,0,,,24,304,0
766662851061257667,City Escape! Minutes to Broadway & Times Square!,174792040,1463062109462152996,Roompicks By Victoria,Manhattan,Murray Hill,40.750190,-73.977540,Private room,442,1,0,,,24,313,0
766663775895314891,Explore More of NYC! Minutes to Grand Central!,174792040,1463062109462152996,Roompicks By Victoria,Manhattan,Murray Hill,40.750190,-73.977540,Private room,452,1,0,,,24,313,0
766665056551945374,"Art-Inspired Oasis in Midtown, Near Bryant Park!",174792040,1463062109462152996,Roompicks By Victoria,Manhattan,Murray Hill,40.750190,-73.977540,Entire home/apt,431,1,0,,,24,291,0
766666152927296927,Walk to Broadway! Near Empire State Building,174792040,1463062109462152996,Roompicks By Victoria,Manhattan,Murray Hill,40.750190,-73.977540,Entire home/apt,443,1,0,,,24,291,0
766666580976923296,Historic Midtown Gem! Minutes from Central Park!,174792040,1463062109462152996,Roompicks By Victoria,Manhattan,Murray Hill,40.750190,-73.977540,Private room,362,1,0,,,24,273,0
766667822562345128,Explore The City! Steps to Empire State Building!,174792040,1463062109462152996,Roompicks By Victoria,Manhattan,Murray Hill,40.750190,-73.977540,Private room,362,1,0,,,24,273,0
766668331526893858,Ultimate Getaway! Steps to Times Square!,174792040,1463062109462152996,Roompicks By Victoria,Manhattan,Murray Hill,40.750190,-73.977540,Private room,431,1,0,,,24,331,0
766668848962262872,New York Escape! Minutes to Rockefeller Center,174792040,1463062109462152996,Roompicks By Victoria,Manhattan,Murray Hill,40.750190,-73.977540,Private room,431,1,0,,,24,331,0
766677884307151479,Oasis 3 - near Yankee Stadium,90930266,1467099725473055436,Julio,Bronx,Melrose,40.821220,-73.913990,Private room,130,2,84,2026-08-07,1.93,4,338,26
767231878009646886,Very Cozy Bedroom available in Private House,488961311,1470200749706288497,Roy,Brooklyn,East New York,40.666350,-73.889857,Private room,149,1,131,2026-08-02,2.92,2,254,30
767276831498620840,Great Relaxing Stay! Two Pet-friendly Units!,25138314,1462632302706246552,RoomPicks By Antony,Manhattan,Midtown,40.747820,-73.986520,Private room,790,1,0,,,47,316,0
767279084872407625,"Relax and Recharge! 2 Relaxing Units, Pets Allowed",25138314,1462632302706246552,RoomPicks By Antony,Manhattan,Midtown,40.747820,-73.986520,Private room,790,1,0,,,47,316,0
767290620459168544,Relaxation Meets Convenience! Pets Allowed,25138314,1462632302706246552,RoomPicks By Antony,Manhattan,Midtown,40.747820,-73.986520,Private room,245,1,0,,,47,321,0
767307630876781717,"Pleasant Stay! 2 Units, Steps to Herald Square!",25138314,1462632302706246552,RoomPicks By Antony,Manhattan,Midtown,40.747820,-73.986520,Private room,719,1,1,2025-07-13,0.08,47,300,0
767310025267486207,Rare Find! 2 Relaxing Pet-friendly Units,25138314,1462632302706246552,RoomPicks By Antony,Manhattan,Midtown,40.747820,-73.986520,Private room,592,1,0,,,47,300,0
767310482416550068,Comfort and Convenience! Two Pet-friendly Units!,25138314,1462632302706246552,RoomPicks By Antony,Manhattan,Midtown,40.747820,-73.986520,Private room,592,1,1,2023-12-20,0.03,47,300,0
767521098040013680,"NYC Spacious, Stylish House: Radiant!",250124566,1463298520109353131,Charlemagne,Bronx,Morris Heights,40.849400,-73.922750,Entire home/apt,229,1,154,2026-08-01,3.52,1,91,38
767919812132267159,Cozy master-bedroom hosted by Amy,489067505,1470201294477952736,Amy,Staten Island,Clifton,40.616763,-74.077767,Private room,86,1,216,2026-08-02,5.53,1,297,58
767964650933745121,You Found It! Minutes to Verizon Plaza,25138314,1462632302706246552,RoomPicks By Antony,Manhattan,Midtown,40.747820,-73.986520,Private room,236,1,0,,,47,211,0
767965856588216036,Rare Gem! Near Museum of Modern Art,25138314,1462632302706246552,RoomPicks By Antony,Manhattan,Midtown,40.747820,-73.986520,Private room,281,1,0,,,47,211,0
767967646552010782,Look No More! Pets Allowed HERE!,25138314,1462632302706246552,RoomPicks By Antony,Manhattan,Midtown,40.747820,-73.986520,Private room,241,1,0,,,47,211,0
767969220192009842,Rare Find! Near Museum of Modern Art,25138314,1462632302706246552,RoomPicks By Antony,Manhattan,Midtown,40.747820,-73.986520,Private room,345,1,1,2023-07-24,0.03,47,320,0
767971386549024470,Prime Location! Minutes to Verizon Plaza,25138314,1462632302706246552,RoomPicks By Antony,Manhattan,Midtown,40.747820,-73.986520,Private room,345,1,0,,,47,320,0
768055416816530644,Private Room in Midtown,361456321,1469725321950669076,Elena,Manhattan,Midtown,40.751789,-73.986505,Private room,211,1,45,2026-06-28,1.00,1,128,14
765179360601952018,Cozy room w best location in NYC,15649508,1462967347263590754,Teresa,Manhattan,Midtown,40.750270,-73.986620,Private room,168,3,76,2026-06-29,1.71,2,58,17
765229505754817003,Cozy Brooklyn Bedstuy Brownstone townhouse,376377428,1469767324846170052,Donovon,Brooklyn,Bedford-Stuyvesant,40.689030,-73.928120,Entire home/apt,250,1,106,2026-07-18,3.89,1,232,40
765807287945552082,Sweet Apartment,59459809,1466716694040494770,Yolanda,Brooklyn,Sunset Park,40.647244,-74.017974,Private room,240,2,170,2026-08-01,3.76,1,226,43
766096522634607786,LES is MORE | Your Lower East Side Escape,378853274,1469774127021881589,Lawrence,Manhattan,Lower East Side,40.718330,-73.986244,Entire home/apt,454,2,115,2026-07-30,2.55,3,296,34
766185201488093082,Private Cozy 3BR/2BTH 10 min from JFK & UBS,470366840,1463779422698108799,Colin,Queens,Rosedale,40.656730,-73.743780,Private room,395,3,73,2026-07-19,1.62,2,353,15
766186374255566430,Rome’s Oasis.Close to JFK,488801886,1470200008640558043,Jerome,Queens,Jamaica,40.678470,-73.795550,Private room,144,1,132,2026-08-01,2.92,1,306,25
766586863150065296,Experience NYC! 4 Min Walk from Empire State,25138314,1462632302706246552,RoomPicks By Antony,Manhattan,Midtown,40.747820,-73.986520,Private room,245,1,1,2023-07-31,0.03,47,344,0
766587009305607706,Relax & Recharge! Walk to Broadway & Empire State!,25138314,1462632302706246552,RoomPicks By Antony,Manhattan,Midtown,40.747820,-73.986520,Private room,245,1,0,,,47,344,0
766587114043547494,Getaway In The Big Apple! Relaxing Unit in NYC!,25138314,1462632302706246552,RoomPicks By Antony,Manhattan,Midtown,40.747820,-73.986520,Private room,245,1,1,2025-02-23,0.06,47,344,0
766587876480102462,Relaxation Meets Convenience! Pet-friendly!,25138314,1462632302706246552,RoomPicks By Antony,Manhattan,Midtown,40.747820,-73.986520,Private room,355,1,0,,,47,279,0
766588749535982004,A Place You'll Surely Enjoy! Pets are Allowed!,25138314,1462632302706246552,RoomPicks By Antony,Manhattan,Midtown,40.747820,-73.986520,Private room,355,1,0,,,47,279,0
766590908640895287,Oasis 1 - near Yankee Stadium,90930266,1467099725473055436,Julio,Bronx,Melrose,40.820890,-73.914880,Private room,159,2,112,2026-07-27,2.57,4,326,29
766594780937959861,A Place You'll Surely Enjoy! Pet-friendly Property,25138314,1462632302706246552,RoomPicks By Antony,Manhattan,Midtown,40.747820,-73.986520,Private room,245,1,0,,,47,321,0
766595242178997406,You Found it! Near Rockefeller Center,25138314,1462632302706246552,RoomPicks By Antony,Manhattan,Midtown,40.747820,-73.986520,Private room,245,1,0,,,47,321,0
775404417497255085,"Spacious Boutique Studio Apt, 24/7 Onsite team",176950173,1468713839790557670,AKA Central Park,Manhattan,Midtown,40.763210,-73.976290,Entire home/apt,428,5,1,2023-05-02,0.03,28,360,0
775408101743191192,AKA Times Square - Penthouse Hotel Room,176950781,1468713843233332236,AKA Times Square,Manhattan,Theater District,40.755790,-73.985150,Private room,443,5,5,2026-05-31,0.12,17,360,1
770898598733119665,1 bedroom in Condo in Brooklyn Landmark,357325811,1469714766877113187,Peter,Brooklyn,Cobble Hill,40.688670,-73.998230,Private room,250,7,32,2026-07-25,0.72,1,313,6
772279462487875919,Cozy Nest,324301875,1463453764935160359,Nicole,Queens,Queens Village,40.704909,-73.735964,Private room,115,1,394,2026-08-07,8.86,1,41,103
772490456980779766,Look No Further! Pets Allowed HERE!,25138314,1462632302706246552,RoomPicks By Antony,Manhattan,Midtown,40.747820,-73.986520,Private room,413,1,0,,,47,320,0
772490937291764018,You Found it! Pet-friendly Property in NYC!,25138314,1462632302706246552,RoomPicks By Antony,Manhattan,Midtown,40.747820,-73.986520,Private room,355,1,1,2025-06-09,0.07,47,344,0
772492532636629319,Rare Gem! Short Drive to Strawberry Fields!,25138314,1462632302706246552,RoomPicks By Antony,Manhattan,Midtown,40.747820,-73.986520,Private room,355,1,0,,,47,344,0
772582741069585344,Your Home Away From Home! 2 Relaxing Units,25138314,1462632302706246552,RoomPicks By Antony,Manhattan,Midtown,40.747820,-73.986520,Private room,710,1,1,2025-10-03,0.10,47,338,1
772582827254717471,Prime Location! 2 Units Near Rockefeller Center!,25138314,1462632302706246552,RoomPicks By Antony,Manhattan,Midtown,40.747820,-73.986520,Private room,740,1,1,2024-06-16,0.04,47,338,0
772582961050465003,"Rare Gem! 2 Convenient Units, Pets Allowed",25138314,1462632302706246552,RoomPicks By Antony,Manhattan,Midtown,40.747820,-73.986520,Private room,710,1,1,2023-11-06,0.03,47,338,0
772583089773437359,Just What You Were Looking For! Pets Allowed,25138314,1462632302706246552,RoomPicks By Antony,Manhattan,Midtown,40.747820,-73.986520,Private room,472,1,1,2025-12-27,0.13,47,331,1
772583096454227135,Rare Find! Near Museum of Modern Art,25138314,1462632302706246552,RoomPicks By Antony,Manhattan,Midtown,40.747820,-73.986520,Private room,296,1,0,,,47,356,0
772583145283456636,You Found it! Pet-friendly Unit Near Times Square!,25138314,1462632302706246552,RoomPicks By Antony,Manhattan,Midtown,40.747820,-73.986520,Private room,395,1,1,2023-03-19,0.02,47,331,0
772583173495353742,Rare Gem! Near Museum of Modern Art,25138314,1462632302706246552,RoomPicks By Antony,Manhattan,Midtown,40.747820,-73.986520,Private room,395,1,0,,,47,331,0
772583284030848410,Indulge in Home Like Comfort! Pet-friendly,25138314,1462632302706246552,RoomPicks By Antony,Manhattan,Midtown,40.747820,-73.986520,Private room,296,1,0,,,47,356,0
772725658656025875,Simply Brooklyn Apt#3,64417354,1466795235224747875,Andre,Brooklyn,Boerum Hill,40.684459,-73.980037,Entire home/apt,471,1,196,2026-07-31,5.44,4,249,67
773106803371262601,"Prime Location! Pets Allowed, Walk to Bryant Park!",25138314,1462632302706246552,RoomPicks By Antony,Manhattan,Midtown,40.747820,-73.986520,Private room,425,1,0,,,47,284,0
773117291811272451,Comfort and Convenience! Pets are Allowed!,25138314,1462632302706246552,RoomPicks By Antony,Manhattan,Midtown,40.747820,-73.986520,Private room,355,1,0,,,47,344,0
773155078509233940,Indulge in Home Like Comfort! Pet-friendly Unit!,25138314,1462632302706246552,RoomPicks By Antony,Manhattan,Midtown,40.747820,-73.986520,Private room,256,1,0,,,47,339,0
773156080339112883,Comfort Meets Relaxation! Pets are Welcome!,25138314,1462632302706246552,RoomPicks By Antony,Manhattan,Midtown,40.747820,-73.986520,Private room,256,1,1,2026-01-11,0.14,47,339,1
773175684396053135,Tryp by Wyndham -Luxury Sleeps 6 - Times Square,38592279,1465577164718430746,Vk,Manhattan,Hell's Kitchen,40.752600,-73.993780,Private room,466,1,55,2026-07-27,1.24,20,8,11
775408494394003987,AKA Times Square - PH One Bedroom Suite w/ Wet bar,176950781,1468713843233332236,AKA Times Square,Manhattan,Theater District,40.756260,-73.983200,Entire home/apt,390,5,7,2026-07-28,0.27,17,360,3
776958081437989970,𓆸 The Cozy Brown House,107034314,1467297386243236862,Merlberg,Brooklyn,Canarsie,40.646030,-73.903900,Private room,332,1,155,2026-08-02,3.53,1,164,21
777403051452968837,Cozy Queen Room in a Unique Bronx Apt,454771905,1470046086858530494,Kayan,Bronx,Concourse Village,40.831930,-73.915300,Private room,175,1,44,2026-07-13,1.68,3,289,28
777686245168591491,Minos Spacious Room near Manhattan in Astoria,231452775,1469234167150023412,Vinzenz,Queens,Astoria,40.763830,-73.924110,Private room,116,2,77,2026-07-20,1.77,1,244,34
777772607597688935,Brooklyn Beauty spacious 1 bedroom garden level,185693241,1468960461965580139,Lindsey,Brooklyn,Crown Heights,40.674100,-73.931060,Private room,278,1,51,2026-07-27,1.25,1,207,22
777802203255436038,Large NYC Home! Close Proximity to Manhattan!,200662472,1463141977098379482,Joseph,Bronx,City Island,40.846050,-73.788660,Entire home/apt,893,2,122,2026-07-27,2.84,1,320,20
786136894869462302,A spacious and modern cozy apartment in Brooklyn,492141179,1470216037187939396,Natasha,Brooklyn,Crown Heights,40.676811,-73.930897,Entire home/apt,246,1,71,2026-07-02,1.66,1,250,26
787065483397206331,Deal! Cool unit in brownstone,471548508,1470126804793765875,Maria,Manhattan,Harlem,40.818040,-73.945240,Private room,198,1,148,2026-07-26,3.35,4,22,48
787857735797161138,2 Bedroom Guest Suite With Private Entrance,382163659,1469782397697951701,Perri,Brooklyn,East Flatbush,40.658650,-73.937180,Entire home/apt,214,1,299,2026-07-29,7.17,1,134,82
773602850831222324,modern guest suite near JFK and subway,153340219,1468502566163258610,Wanly,Brooklyn,East New York,40.666010,-73.884080,Private room,138,1,274,2026-07-16,6.13,1,358,43
773826216180195039,Sacred Sanctuary Bed-Stuy Stay,148231,1462510917012400918,Leanne,Brooklyn,Bedford-Stuyvesant,40.689630,-73.954560,Private room,161,2,128,2026-08-01,2.88,1,16,34
774049935883707009,Cozy Loft with Private rooftop in a ZEN PENThouse,12950555,1462899391324665008,Brynda,Brooklyn,Flatbush,40.650340,-73.959070,Private room,121,5,47,2026-07-21,1.05,2,257,15
774466175446212322,Kings Home Away From Home,490176963,1470206618694827647,Reynold,Brooklyn,Flatlands,40.628310,-73.931040,Private room,131,2,76,2026-06-28,1.97,1,338,20
779785361288282366,Room #1 in a house close to JFK&LGA,436497763,1469973892369609156,Lei,Queens,Woodhaven,40.697090,-73.853640,Private room,166,1,163,2026-08-01,3.96,2,130,45
781242816348905832,TRYP - Luxury that sleeps 8-Times Square/ Midtown,38592279,1465577164718430746,Vk,Manhattan,Hell's Kitchen,40.752740,-73.993600,Private room,599,1,66,2026-05-25,1.50,20,8,4
781387162275319892,Contemporary Brooklyn Comfort | Quiet Block,62401393,1462750434494510097,Daphney,Brooklyn,East Flatbush,40.638470,-73.950130,Entire home/apt,330,3,78,2026-07-20,1.81,1,257,26
781804244104102364,Luna’s lovely cozy guest suite in Richmond Hill,91076684,1462850369225239355,Frank,Queens,Richmond Hill,40.698336,-73.836862,Entire home/apt,167,2,182,2026-08-07,4.14,1,324,33
782837059423533942,Newly Cozy Private Suite,156952896,1468530822621503339,Haijiao,Queens,Whitestone,40.777023,-73.824561,Private room,149,1,173,2026-08-01,3.91,1,204,55
788465505169839820,TRYP - Luxury that sleeps 8 - Times Square-Midtown,38592279,1465577164718430746,Vk,Manhattan,Hell's Kitchen,40.753310,-73.995550,Private room,610,1,59,2026-07-20,1.44,20,8,9
789446125370099615,Luxury airbnb in Southern Brooklyn,227056489,1469208584036784521,Styopa,Brooklyn,Sheepshead Bay,40.583310,-73.954340,Entire home/apt,290,2,153,2026-08-09,3.48,1,200,40
790527792300128395,"Private 2BR, Perfectly located & Spacious",26953965,1465385837252846947,Jensupang,Brooklyn,Williamsburg,40.710190,-73.943750,Private room,543,1,201,2026-07-26,4.66,1,225,56
790545997885341824,Room in Historic Home in Prospect Park South,4992930,1462670274837601823,Julia,Brooklyn,Flatbush,40.644720,-73.968950,Private room,240,3,93,2026-07-11,2.47,1,300,29
790690458373831288,Brooklyn Townhouse Guest Space,276308587,1469456939133005660,Roland,Brooklyn,Clinton Hill,40.696220,-73.968280,Private room,199,2,3,2026-05-17,0.07,1,77,1
797749636813293902,Exclusive apartment 717 | Shared Bathroom,401202937,1469841047362978348,Eliza,Manhattan,Midtown,40.748290,-73.986670,Entire home/apt,242,1,38,2026-08-04,0.87,70,146,4
798085838750475432,Alafia-Cozy JFK area home,494565738,1470226316387460006,Kazeem,Queens,Jamaica,40.681111,-73.789026,Private room,170,1,44,2026-07-27,1.07,1,344,16
799513237725073820,Cozy Exposed Brick,134946389,1468345434963088664,Giovanni,Brooklyn,Bedford-Stuyvesant,40.683930,-73.938120,Shared room,130,3,124,2026-07-29,2.87,5,78,41
799530813091808684,2 spacious bedrooms,494891626,1470227603968295183,Romel,Brooklyn,Canarsie,40.642027,-73.909079,Private room,201,2,180,2026-08-03,4.16,2,328,27
799731614530696207,Guest Room in an artist's house,10577784,1462844304562563114,Julian,Queens,Astoria,40.763850,-73.928290,Private room,142,3,54,2026-08-04,1.31,1,254,35
800175630360727966,Upper East Side 1 Bedroom PRIME location,12027613,1462878535814709363,Jordan,Manhattan,Upper East Side,40.770940,-73.962790,Entire home/apt,482,2,43,2026-07-31,1.03,1,29,6
800620149781852857,Quiet Bronx Gem • 3BR + Garden Easy City Access,3495471,1462530245146999820,Russell,Bronx,Claremont Village,40.836110,-73.910970,Private room,278,3,35,2026-07-27,0.83,1,21,16
800860095602948972,Private room in Chelsea 8 (Shared bathroom),408979935,1463633576430998493,The Village House,Manhattan,Chelsea,40.749870,-73.997160,Entire home/apt,149,1,124,2026-07-24,2.85,39,88,31
783522420840578469,Newly renovated ground level apartment Bed Stuy,171879907,1468669061119164943,Keisha,Brooklyn,Bedford-Stuyvesant,40.682920,-73.943130,Entire home/apt,299,3,119,2026-07-21,2.84,1,318,29
783995604151732967,Sunny Williamsburg Loft,34745360,1465512562967364076,Anna,Brooklyn,Williamsburg,40.715700,-73.960390,Private room,156,2,33,2026-07-27,0.75,1,53,10
784913772644779819,The Yellow Door,341154525,1469668860436054098,Wayne,Brooklyn,Crown Heights,40.677430,-73.946180,Entire home/apt,484,2,100,2026-07-11,2.56,1,276,30
785403855673751437,102nd & Park Ave - 2 Blocks from Central Park,37058836,1462673991517287609,Andrew,Manhattan,East Harlem,40.791480,-73.948350,Private room,232,1,131,2026-08-10,2.98,1,161,27
790823862952309361,Cozy Private Room,70878068,1466877102008895305,Emmanuel,Bronx,Woodlawn,40.900619,-73.863443,Private room,70,28,30,2025-03-03,0.71,2,353,0
790946338212660871,Ultimate NYC Getaway! Two Convenient Units!,174792040,1463062109462152996,Roompicks By Victoria,Manhattan,Murray Hill,40.750190,-73.977540,Entire home/apt,885,1,0,,,24,250,0
790946345719115749,2 Units in the Heart of Midtown! Near Times Square,174792040,1463062109462152996,Roompicks By Victoria,Manhattan,Murray Hill,40.750190,-73.977540,Entire home/apt,862,1,0,,,24,250,0
791089336676417488,Modern home feeling like home,492971097,1463832222291079816,Colin,Queens,Springfield Gardens,40.660370,-73.752560,Private room,371,2,114,2026-07-27,2.78,1,217,32
791961034657424212,NYC Room Near Manhattan | August Open,80827479,1462827633200782007,Marianella,Queens,Sunnyside,40.741750,-73.918070,Private room,184,2,15,2026-08-01,0.39,3,264,8
792762785362533299,“The Quick Get Away”#1,241454071,1463275636864265258,Leyland,Bronx,Hunts Point,40.818940,-73.885470,Private room,124,2,60,2026-07-25,1.55,3,111,16
793439340837320926,“The Quick Get Away” #2,241454071,1463275636864265258,Leyland,Bronx,Hunts Point,40.816910,-73.885460,Private room,156,1,95,2026-08-03,2.22,3,127,24
793539365815167335,Cozy Brooklyn home,493519247,1470221981514397963,Lawrence,Brooklyn,Bedford-Stuyvesant,40.680686,-73.935259,Entire home/apt,238,2,137,2026-07-28,3.20,1,281,30
795748488553923191,Brooklyn Getaway | Private Suite in Trendy BedStuy,365526556,1469735891844600187,Nikkiya,Brooklyn,Bedford-Stuyvesant,40.687430,-73.953470,Private room,372,1,78,2026-08-07,1.79,1,271,41
801474015810755017,The Black Forest- a Brooklyn Apt 5 min from subway,64813922,1466801491505285108,Claudine,Brooklyn,East New York,40.676460,-73.874120,Private room,579,2,108,2026-07-19,2.50,1,341,17
801589219654607416,Times Square Stay | City Views + Dining On-Site,495061716,1470228299374941307,Hyatt Regency Time Square,Manhattan,Theater District,40.760560,-73.984810,Private room,333,1,179,2023-12-21,4.23,2,230,0
802408047891912894,Spacious 2-Bed/2-Bath Suite in Home 35-Min to City,1258469,1462516905339566364,Mark,Brooklyn,Cypress Hills,40.682140,-73.890080,Entire home/apt,261,2,141,2026-08-02,3.62,1,226,34
802950550955708551,Affordable Suite w/ Breakfast,231281049,1469233306395999540,The Manhattan Club,Manhattan,Midtown,40.763880,-73.982220,Private room,355,1,2,2025-12-16,0.05,17,217,1
809308909633542851,Guest suite in owners home,18226127,1463039117407082343,Anna,Brooklyn,Park Slope,40.674910,-73.980600,Private room,328,1,199,2026-08-06,4.67,1,162,57
810774276186071072,Private  Zen Suite (2 bedrooms),372092255,1469754282761045228,Suemattie,Queens,Cambria Heights,40.689820,-73.745450,Private room,263,1,102,2026-07-21,2.41,1,358,26
810830154939980866,2 cozy bedrooms in brownstone,39543399,1465590708340591045,Michael,Brooklyn,Park Slope,40.670210,-73.977860,Private room,391,4,51,2026-07-13,1.26,3,240,20
811411264175754624,Standard Bunk Room,309714886,1469577336993303453,Pod Hotel,Brooklyn,Williamsburg,40.715226,-73.959084,Private room,244,1,6,2024-08-23,0.21,1,2,0
811794915460622851,Luxury Living in Stylish BK Gem,110861450,1467340347443934221,Echelon Living,Brooklyn,Canarsie,40.631930,-73.891760,Entire home/apt,369,2,188,2026-08-03,4.65,1,335,47
796272831722011455,A Studio in Brooklyn,494085113,1470224258860060183,Pedro,Brooklyn,East Flatbush,40.639370,-73.932220,Private room,167,2,121,2026-08-06,2.86,1,49,21
804582918613581571,Walk to Times Square | Free Breakfast & Fitness,479247124,1470158911749356580,Times Square South New York City,Manhattan,Hell's Kitchen,40.756520,-73.994080,Private room,338,1,543,2026-08-08,16.11,2,158,193
805725215071886985,Spacious 1BR w/ Small Balcony near Times Square,21103521,1463146748130344117,Brandon,Manhattan,Hell's Kitchen,40.762410,-73.987950,Entire home/apt,580,3,52,2026-07-21,1.21,1,78,13
806454044338089289,Studio with kitchen and shower 9 <Shared Toilet>,408979935,1463633576430998493,The Village House,Manhattan,Gramercy,40.734720,-73.986970,Entire home/apt,269,1,139,2026-07-21,3.22,39,86,25
806807540134759323,"Newly Renovated Room in Brooklyn, NY",150329038,1468478753030411033,Rocio,Brooklyn,Bushwick,40.701280,-73.914310,Private room,265,2,45,2026-04-26,1.06,1,347,6
807275444865070916,Guest bedroom for the minimalist solo traveler.,172889902,1463057747307898079,James,Queens,Corona,40.738710,-73.866640,Private room,131,2,127,2026-08-02,2.94,2,32,41
807957188943197036,Relaxed & Modern Stay in Bushwick Brooklyn,4367518,1462535163539645863,Zahava,Brooklyn,Bushwick,40.690790,-73.910420,Private room,339,2,140,2026-07-31,3.66,1,228,44
808296073504455291,The best NYC stay!,392191524,1463595915941338988,Rolando,Brooklyn,Bushwick,40.687050,-73.911280,Private room,180,2,59,2026-08-03,1.43,1,331,31
812142220944834128,Ozone Oasis,497666911,1470238734920509616,Leila,Queens,South Ozone Park,40.673360,-73.810930,Shared room,242,1,197,2026-08-09,4.81,1,357,79
812363361679077941,King Suite with Central Park Views,280231312,1469473830528724631,Anthony,Manhattan,Midtown,40.766321,-73.978000,Entire home/apt,719,1,184,2026-07-16,4.33,1,52,52
812525039857019552,Luxury&Style Center of NYC,497802176,1470239414599693793,Aguiar,Manhattan,Chelsea,40.749080,-73.996770,Entire home/apt,474,1,146,2026-07-22,3.43,1,226,31
812891874403369462,Stuyvesant suite,498058013,1470240486302849301,Justin,Brooklyn,Bedford-Stuyvesant,40.683870,-73.937450,Private room,172,1,25,2026-06-07,1.27,1,255,12
812942450524640668,Potala house 2,498068370,1470240527139012711,Luosong,Queens,Woodside,40.756944,-73.903846,Private room,163,1,160,2026-07-29,3.76,2,283,40
812963637210021030,Potala house 1,498068370,1470240527139012711,Luosong,Queens,Astoria,40.757600,-73.903070,Private room,156,1,173,2026-08-03,4.02,2,302,39
813080654981727113,TRYP by Wyndham -Luxury Times Square / Midtown,38592279,1465577164718430746,Vk,Manhattan,Hell's Kitchen,40.754810,-73.994950,Private room,253,1,22,2026-07-29,0.51,20,8,6
813087117074496388,TRYP by Wyndham - Times Square / Midtown,38592279,1465577164718430746,Vk,Manhattan,Hell's Kitchen,40.752830,-73.994310,Private room,255,1,8,2025-10-11,0.19,20,8,1
813619299927003389,SoHo City Stay / Ideal for 4 Guests,468527022,1470112482957399976,JGSohotel,Manhattan,SoHo,40.719530,-73.999910,Private room,349,1,12,2026-05-10,0.38,5,326,3
813641968666191978,Studio Suite Steps from Central Park w/Breakfast,231281049,1469233306395999540,The Manhattan Club,Manhattan,Midtown,40.765240,-73.982080,Private room,380,1,2,2023-09-04,0.05,17,280,0
813643267419061734,Luxury City Suite Steps from Central Park w/Bfst,231281049,1469233306395999540,The Manhattan Club,Manhattan,Midtown,40.766110,-73.981690,Private room,301,1,12,2026-03-16,0.28,17,257,8
813644062830607785,Two Bathroom Suite steps from Central Park w/Bfst,231281049,1469233306395999540,The Manhattan Club,Manhattan,Midtown,40.763980,-73.980290,Private room,305,1,58,2026-07-21,1.42,17,299,37
813647055281162664,Luxury Penthouse Suite near Central Park w/Bfst,231281049,1469233306395999540,The Manhattan Club,Manhattan,Midtown,40.764120,-73.982120,Private room,635,1,3,2024-06-15,0.07,17,299,0
818209290472580619,The Cäz - Mulzac Brooklyn Townhome + Waterfall,489124684,1463823208889273151,Briana & Tyrell,Brooklyn,Bedford-Stuyvesant,40.683130,-73.922810,Private room,332,2,157,2026-06-30,3.78,15,345,23
818211569486005441,Spacious Home in Brooklyn,498237429,1470241278144195674,Ming,Brooklyn,Crown Heights,40.670670,-73.929940,Entire home/apt,589,2,99,2026-07-25,2.38,2,281,28
818343840653731944,Luxe* UBS Citi Field Arthur Ashe,352961845,1469705412967933122,Erica,Queens,Bay Terrace,40.784840,-73.794640,Private room,239,1,74,2026-08-08,1.94,1,341,25
819298965203188593,Spacious one bedroom apartment in a townhouse,14855509,1462591882388271617,Milton,Manhattan,Harlem,40.807740,-73.945130,Entire home/apt,265,5,125,2026-08-04,3.04,4,190,37
814035938732105780,Luxury Guest House Near JFK Airport & UBS Arena,60637082,1462746119289132704,Mathew,Queens,Rosedale,40.679050,-73.726730,Private room,197,3,45,2026-08-09,1.33,3,325,18
815302297449439868,Cass' Home - Dedicated 2-Bedrooms with Living Area,498573400,1470242601297586729,Casimir,Queens,St. Albans,40.695050,-73.763600,Private room,209,2,81,2026-08-06,1.93,2,333,19
815891316205624928,Amazing Space Across from the Park,484299616,1470180477322344433,Dawud,Queens,Woodhaven,40.697427,-73.853429,Private room,230,3,93,2026-06-28,2.18,1,354,17
821890279132867622,"Cute Bedroom, Magical Bedstuy Brownstone & Garden",18353978,1463052585189159858,Jasmine,Brooklyn,Bedford-Stuyvesant,40.683130,-73.914850,Private room,227,2,29,2026-07-04,0.71,1,161,4
822728503736189326,A perfect  apartment from home,500249074,1470249788899313894,Caroline,Queens,Queens Village,40.706600,-73.748110,Entire home/apt,313,2,109,2026-07-17,2.60,1,339,16
826179887903185453,Contemporary Urban Residence in SoBro's Heart!,148082031,1468450941697880522,Natalie,Bronx,Mott Haven,40.807641,-73.914896,Entire home/apt,234,2,66,2026-08-03,1.62,1,339,16
817035992237456061,Modern home near JFK/UBS Arena/ Casino,498983290,1470244387587742046,Glen,Queens,Rosedale,40.654190,-73.738190,Entire home/apt,237,1,215,2026-08-04,5.06,1,233,63
817337173977098818,Cozy apartment in Queens,27596962,1462641590438505118,Ewelina,Queens,Middle Village,40.713620,-73.883510,Entire home/apt,455,1,166,2026-07-22,3.91,1,30,54
817402844618103366,Steps to Madison Square Garden + Breakfast & Gym,499064731,1470244815399025588,Chelsea New York City,Manhattan,Chelsea,40.744670,-73.992130,Private room,277,1,359,2026-08-10,9.19,2,150,154
823499295842099216,Luxury private room in share apartment with Host,270554496,1469429050217258479,Fakhar,Brooklyn,Bedford-Stuyvesant,40.693160,-73.933550,Private room,196,1,123,2026-07-19,2.97,3,337,30
827375358691225325,Holidays in New York City,73305310,1466904299098778994,Edward,Manhattan,Midtown,40.752603,-73.972561,Private room,390,3,0,,,1,203,0
827423328399331714,Cozy BedStuy  Brownstone,460458073,1470073491470109168,Simone,Brooklyn,Bedford-Stuyvesant,40.684010,-73.918940,Entire home/apt,250,1,118,2026-07-29,2.85,1,151,37
827836215881086208,2Bed Lux Duplex MidtownEast,229498124,1469223098183526119,Ray,Manhattan,Murray Hill,40.747870,-73.979520,Entire home/apt,1162,1,119,2026-07-12,2.82,1,206,24
830351042822418501,Cozy two-bedroom Apartment,207208480,1469081004055197587,Bertran,Brooklyn,East Flatbush,40.648275,-73.924845,Entire home/apt,199,2,69,2026-07-27,1.66,1,214,23
831071199689672078,Modern Chic in Harlem,2290324,1462591184656361759,Alla,Manhattan,East Harlem,40.807420,-73.940195,Entire home/apt,385,1,150,2026-07-26,3.71,1,36,47
837615861348802891,FIFA 46min-Tourist Fave~Times Sq 25min~Train,481452777,1470168098247100824,Jude,Manhattan,Harlem,40.817473,-73.944191,Entire home/apt,309,1,128,2026-07-26,3.10,17,333,32
825394549344382800,Stunning King Size bed/ Private Bath in Brooklyn,205115932,1463151082507205213,Edward,Brooklyn,East New York,40.665029,-73.877441,Private room,190,1,87,2026-07-08,2.06,1,131,42
825477784904207437,Bronx Comfort,369742736,1469747276759697057,Antroy,Bronx,Williamsbridge,40.877668,-73.859572,Private room,123,2,21,2026-07-26,0.49,1,354,12
832687086291691082,Caribbean Vibes @ Camden (CVC),500246279,1470249780694331075,Dennis,Queens,St. Albans,40.704110,-73.773390,Private room,206,1,56,2026-06-21,1.47,1,261,8
833458528952634774,Renovated Studio on Union Square side,408979935,1463633576430998493,The Village House,Manhattan,Gramercy,40.734720,-73.986970,Entire home/apt,289,1,156,2026-07-26,3.71,39,157,41
833871341556397892,Private Room in Townhouse w/Parking,131180798,1468313449199261628,Maria,Brooklyn,Bath Beach,40.600180,-74.006210,Private room,191,2,69,2026-08-03,1.78,2,32,19
833971342027321234,Mint House 70 Pine by Kasa | Premium One Bedroom,197053492,1463134263740886389,Mint House At 70 Pine,Manhattan,Financial District,40.707440,-74.007500,Entire home/apt,429,1,76,2026-06-21,0.89,12,231,22
834851134880546221,Spacious Room Hosted by A and J,502782762,1470260512827507398,Adam,Brooklyn,Crown Heights,40.673425,-73.931385,Private room,184,1,122,2026-08-09,2.93,1,252,36
835923623157525975,Mint House 70 Pine by Kasa | One Bedroom King,197053492,1463134263740886389,Mint House At 70 Pine,Manhattan,Financial District,40.705590,-74.007360,Private room,308,1,39,2026-02-21,0.39,12,269,6
835928798451571206,Mint House 70 Pine by Kasa | Deluxe One Bedroom,197053492,1463134263740886389,Mint House At 70 Pine,Manhattan,Financial District,40.707200,-74.006730,Private room,332,1,32,2026-06-15,0.36,12,288,11
835934696620291215,Mint House 70 Pine by Kasa | Two Bedroom,197053492,1463134263740886389,Mint House At 70 Pine,Manhattan,Financial District,40.707400,-74.008840,Private room,697,1,94,2026-07-24,0.98,12,226,34
836106623462339161,Mint House 70 Pine by Kasa | Deluxe Two Bedroom,197053492,1463134263740886389,Mint House At 70 Pine,Manhattan,Financial District,40.705820,-74.007140,Entire home/apt,675,1,54,2026-07-27,0.64,12,214,20
836109742135678312,3 Queen Deluxe Room at Ink 48 Hotel!,496944100,1470236008567071749,RoomPicks,Manhattan,Hell's Kitchen,40.764580,-73.995950,Hotel room,944,1,4,2026-01-25,0.15,28,346,1
836110322731098202,"Family Getaway! 3 Comfortable Units, Pets Allowed",496944100,1470236008567071749,RoomPicks,Manhattan,Hell's Kitchen,40.764580,-73.995950,Hotel room,943,1,0,,,28,346,0
836118007460273820,Mint House 70 Pine by Kasa | Premium Studio King,197053492,1463134263740886389,Mint House At 70 Pine,Manhattan,Financial District,40.706910,-74.008810,Entire home/apt,350,1,304,2026-07-27,3.32,12,293,70
836120656034901766,2 Two Queen Deluxe Room at Ink 48 Hotel!,496944100,1470236008567071749,RoomPicks,Manhattan,Hell's Kitchen,40.764580,-73.995950,Hotel room,629,1,0,,,28,347,0
836120834301143556,"Rare Gem! 2 Pleasant Units, Pets Allowed",496944100,1470236008567071749,RoomPicks,Manhattan,Hell's Kitchen,40.764580,-73.995950,Hotel room,629,1,10,2026-07-15,0.31,28,347,3
836121760362411323,Mint House 70 Pine by Kasa | Studio Queen,197053492,1463134263740886389,Mint House At 70 Pine,Manhattan,Financial District,40.705710,-74.006580,Entire home/apt,219,1,313,2026-07-19,3.16,12,300,27
836126872335757274,Ideal Mix of Comfort and Value! Pets Allowed!,496944100,1470236008567071749,RoomPicks,Manhattan,Hell's Kitchen,40.764580,-73.995950,Hotel room,336,1,10,2026-01-05,0.38,28,350,4
836129981914196311,Two Queen Deluxe Room at Ink 48 Hotel!,496944100,1470236008567071749,RoomPicks,Manhattan,Hell's Kitchen,40.764580,-73.995950,Hotel room,315,1,0,,,28,350,0
836143712015846264,Mint House 70 Pine by Kasa | Deluxe Studio King,197053492,1463134263740886389,Mint House At 70 Pine,Manhattan,Financial District,40.707050,-74.008610,Entire home/apt,364,1,347,2026-05-25,3.98,12,301,63
836149853009345396,Apartment in Manhattan,8736641,1462566412395886260,Nelson,Manhattan,Harlem,40.821230,-73.951260,Private room,401,3,49,2026-03-24,1.27,1,46,12
837710549549184416,Stylish place with home office in Brooklyn,10633027,1462575112047657142,Sam,Brooklyn,Sheepshead Bay,40.594200,-73.959110,Private room,215,1,136,2026-07-22,3.25,2,52,33
838394397813629156,"Royalton New York, 3 Superior Two Double Beds!",496944100,1470236008567071749,RoomPicks,Manhattan,Midtown,40.755598,-73.982309,Hotel room,838,1,0,,,28,293,0
838394410576749777,3 Superior Rooms at Royalton New York!,496944100,1470236008567071749,RoomPicks,Manhattan,Midtown,40.755598,-73.982309,Hotel room,838,1,0,,,28,293,0
838395550207777533,2 Pet-Friendly Superior Rooms at Royalton New York,496944100,1470236008567071749,RoomPicks,Manhattan,Midtown,40.755598,-73.982309,Hotel room,549,1,0,,,28,321,0
838395592635084674,"Comfort and Luxury, 2 Pet-friendly Units in NYC!",496944100,1470236008567071749,RoomPicks,Manhattan,Midtown,40.755598,-73.982309,Hotel room,559,1,8,2026-07-06,0.27,28,321,6
838396200639462555,Pet-Friendly Pad in the Heart of Manhattan!,496944100,1470236008567071749,RoomPicks,Manhattan,Midtown,40.755598,-73.982309,Hotel room,300,1,4,2026-06-01,0.27,28,341,3
838396258978907145,Superior 2 Double Beds at Royalton New York!,496944100,1470236008567071749,RoomPicks,Manhattan,Midtown,40.755598,-73.982309,Hotel room,300,1,1,2026-05-24,0.37,28,341,1
838397208918790811,Pet-Friendly Superior Room at Royalton New York!,496944100,1470236008567071749,RoomPicks,Manhattan,Midtown,40.755598,-73.982309,Hotel room,294,1,0,,,28,330,0
838397235092710954,"Broadway Bliss, Steps From The Theater District!",496944100,1470236008567071749,RoomPicks,Manhattan,Midtown,40.755598,-73.982309,Hotel room,294,1,3,2026-02-15,0.29,28,330,3
838398014030428314,Standard One Queen at Royalton New York!,496944100,1470236008567071749,RoomPicks,Manhattan,Midtown,40.755598,-73.982309,Hotel room,243,1,60,2026-07-26,2.39,28,340,59
838398909112953315,Loft Suite One King Bed at Royalton New York!,496944100,1470236008567071749,RoomPicks,Manhattan,Midtown,40.755598,-73.982309,Hotel room,475,1,0,,,28,355,0
838398942008603733,Family and Pets Fun in the Heart of Times Square!,496944100,1470236008567071749,RoomPicks,Manhattan,Midtown,40.755598,-73.982309,Hotel room,475,1,0,,,28,355,0
838399571553368478,Deluxe Accessible Room at Royalton New York!,496944100,1470236008567071749,RoomPicks,Manhattan,Midtown,40.755598,-73.982309,Hotel room,294,1,0,,,28,352,0
838401104644859332,Deluxe One Queen Bed at Royalton New York!,496944100,1470236008567071749,RoomPicks,Manhattan,Midtown,40.755598,-73.982309,Hotel room,288,1,0,,,28,354,0
838401473840672035,Located in the Heart of Midtown! Pets Allowed!,496944100,1470236008567071749,RoomPicks,Manhattan,Midtown,40.755598,-73.982309,Hotel room,328,1,1,2023-12-15,0.03,28,354,0
838401736384901161,"Urban Escape Steps from Broadway, Pets Are Welcome",496944100,1470236008567071749,RoomPicks,Manhattan,Midtown,40.755598,-73.982309,Hotel room,492,1,0,,,28,365,0
838401787970872996,City View Alcove Suite at Royalton New York!,496944100,1470236008567071749,RoomPicks,Manhattan,Midtown,40.755598,-73.982309,Hotel room,492,1,0,,,28,365,0
839363985423930842,Cozy Room in Central Brooklyn,39708273,1465592873026442055,Mo,Brooklyn,Crown Heights,40.678510,-73.960170,Private room,148,2,91,2026-07-19,2.32,3,322,28
839904583057491087,Room with private bath/RM 16mins to Newark Airport,394333507,1463600945005419096,Augustina,Staten Island,Bull's Head,40.617550,-74.165340,Private room,150,1,40,2026-08-09,0.98,2,365,11
840040983573141067,"Guest Suite in Queens, NY 
Sparkle Rose Suite",417902598,1469899258223799901,Debra,Queens,Jamaica,40.668942,-73.779073,Private room,191,3,29,2025-09-04,0.76,1,365,1
836392619479597624,"Cozy, spacious & comfy. ¡15 Min to Manhattan!",503124824,1470262002591246787,Daniela,Queens,Sunnyside,40.744748,-73.922389,Private room,160,1,224,2026-07-25,5.50,4,273,50
836435885170591095,"Studio in NYC close to Airports JFK, LGA & Casino",260263099,1463324578798468806,Ercilia,Queens,Howard Beach,40.659970,-73.842400,Private room,253,1,286,2026-08-09,6.88,1,314,60
837566909774970014,Home Away From Home! Modern Stay in NYC!,496944100,1470236008567071749,RoomPicks,Manhattan,Financial District,40.709590,-74.008740,Private room,239,1,1,2024-03-04,0.03,28,358,0
837568127506532853,Stylish New York Living! Minutes to Wall St!,496944100,1470236008567071749,RoomPicks,Manhattan,Financial District,40.709590,-74.008740,Private room,239,1,1,2024-01-08,0.03,28,358,0
837568954273931987,"City Escape! Modern Unit, Walk to Central Park!",496944100,1470236008567071749,RoomPicks,Manhattan,Financial District,40.709590,-74.008740,Private room,239,1,0,,,28,358,0
842270334846674618,Save on 2Day+ Stays|6Br Triplex,481452777,1470168098247100824,Jude,Manhattan,Harlem,40.817473,-73.944191,Entire home/apt,1687,1,8,2024-12-14,0.20,17,338,0
842776676158517297,Guest Suite in Charming Townhouse,81464802,1466990320834102576,Lyon,Brooklyn,Red Hook,40.679050,-74.011010,Private room,585,2,60,2026-07-14,1.57,1,163,24
842859220033081539,10Jfk +private bath+corner bus stop,149431096,1468461218781671068,Jhon Andres,Queens,Jamaica,40.676098,-73.778631,Private room,131,1,576,2026-08-09,13.88,4,341,143
842876131443629692,Elegant room in downtown Bk & 10 min. to Manhattan,504230901,1470266810639074331,Welima,Brooklyn,Fort Greene,40.685388,-73.970503,Private room,176,3,94,2026-06-06,2.35,1,84,20
843260927484263191,Lovely 2 bedroom Bklyn Free loaner car 7+ nights,502150064,1463849755072988251,Peter,Brooklyn,Canarsie,40.642810,-73.908960,Entire home/apt,317,2,112,2026-08-09,2.74,1,346,29
843468602620951565,"4 Bed in Williamsburg, Minutes from Manhattan",268440336,1469418888765391546,Mel,Brooklyn,Williamsburg,40.710070,-73.956330,Entire home/apt,803,3,98,2026-07-26,3.64,2,207,41
843566843959251599,Peaceful Stay – A/C included,374069998,1469760532282939550,Jose,Queens,Woodhaven,40.693700,-73.850700,Private room,195,2,81,2026-08-04,2.01,1,306,18
843579161660140499,"Luxury comfort, Twins Room",182394589,1468759895310124214,Toby,Brooklyn,Midwood,40.613940,-73.959860,Private room,208,1,92,2026-07-30,2.23,2,316,24
843636324402955937,Luxury Comfort - Queen Bed,182394589,1468759895310124214,Toby,Brooklyn,Midwood,40.612230,-73.959860,Private room,184,1,84,2026-08-03,2.04,2,356,23
844017044001139450,Cozy Private Room with Iconic Exposed Brick,24998574,1465329150233127193,Marie,Brooklyn,Bushwick,40.699690,-73.929550,Private room,196,1,94,2026-06-11,2.53,2,249,22
844299534820696669,Save on 2Day+ Stays|Duplex,481452777,1470168098247100824,Jude,Manhattan,Harlem,40.817473,-73.944191,Entire home/apt,1497,1,11,2025-07-24,0.29,17,305,0
841313992614806016,Room in Bushwick. JZ Train around the corner!,238604880,1469269468154476674,Carla,Brooklyn,Bushwick,40.691260,-73.922010,Private room,145,1,207,2026-07-25,4.96,1,279,51
841536197790389488,Duplex Close to Times Sq|Save on Long Stays,481452777,1470168098247100824,Jude,Manhattan,Harlem,40.817473,-73.944191,Entire home/apt,923,1,9,2024-06-24,0.22,17,350,0
841959017859906169,Private NYC Room | Fast WiFi & Easy Subway Access,504308284,1470267162289409024,Carlos,Bronx,Van Nest,40.845850,-73.867010,Private room,163,2,116,2026-08-09,2.80,1,341,38
842055611883190347,Urban Oasis in Bushwick | Trendy Airbnb Room,151665010,1462987601122461295,Ricardo And Clarisa,Brooklyn,Bushwick,40.689040,-73.907000,Private room,190,1,49,2026-07-21,1.25,1,108,25
847275579020579828,"FIFA 46min | Tourism: Near Train, Times Sq",481452777,1470168098247100824,Jude,Manhattan,Harlem,40.817473,-73.944191,Entire home/apt,443,1,126,2026-07-19,3.09,17,158,41
847276077259113716,FIFA 46min | 25 Min to Times Sq|Save 2Day+Stay,481452777,1470168098247100824,Jude,Manhattan,Harlem,40.817473,-73.944191,Entire home/apt,569,1,96,2026-08-03,2.35,17,330,17
847276083866577520,FIFA 46min | Sleeps 7|Close to LGA|Times Sq,481452777,1470168098247100824,Jude,Manhattan,Harlem,40.817473,-73.944191,Entire home/apt,511,1,102,2026-08-09,2.50,17,329,22
847330895220128568,Cozy modern apartment,456726704,1470055967020775590,Gyasi,Brooklyn,Canarsie,40.640727,-73.902466,Private room,279,1,36,2026-07-19,0.88,1,266,6
847617675503248401,FIFA 46min | Tourist Fave|Subway 2 blks away,481452777,1470168098247100824,Jude,Manhattan,Harlem,40.817473,-73.944191,Entire home/apt,617,1,122,2026-08-04,2.98,17,315,27
847660310915905721,Verde Private Room,1171497,1462538805132789329,Yvette,Manhattan,Harlem,40.809400,-73.949990,Private room,136,5,35,2026-06-01,0.84,9,64,14
848571829871964537,"cozy, quiet, and welcoming",505699632,1470273287862381467,Carleen,Brooklyn,Canarsie,40.634128,-73.900772,Private room,99,2,60,2026-07-30,1.48,1,70,29
848688887881823440,RARE-GEM! LRG private 2Bedroom with backyard! HP,505729469,1470273407820657018,Kimberly,Manhattan,Murray Hill,40.745400,-73.976280,Entire home/apt,434,2,118,2026-07-26,3.03,1,286,37
849766949872596187,Guest Suite w/private kitchen & bathroom,192353876,1463102396671061134,Tonya,Brooklyn,Bedford-Stuyvesant,40.683590,-73.938040,Entire home/apt,287,3,123,2026-07-20,3.06,2,294,32
850062518718398723,Hi-End Studio near Central Park,6524762,1462546008213579057,Armstrong,Manhattan,Midtown,40.765200,-73.978830,Private room,514,1,2,2026-02-26,0.07,4,270,1
862624693922580366,"Private King size Rm, Private BathRMs Near JFK/LGA",481048209,1470166243907769173,Mahboba,Queens,Jamaica,40.710410,-73.791120,Entire home/apt,156,2,46,2026-07-10,2.01,1,238,27
862648661131276981,"Eden, dream high-end home in NYC",47336995,1465713665467696091,Mario,Manhattan,Chelsea,40.750720,-73.995820,Entire home/apt,503,1,142,2026-07-21,3.48,1,317,18
863089350951779284,Private room with shower (Shared toilet),408979935,1463633576430998493,The Village House,Manhattan,Chelsea,40.749870,-73.997160,Entire home/apt,227,1,114,2026-06-26,2.87,39,75,28
863144823566273407,Eclectic 1 Bedroom with Private Deck -Short Term,498261699,1463842473948206749,Gregory,Brooklyn,Crown Heights,40.672890,-73.946710,Entire home/apt,403,1,61,2026-06-26,1.70,2,42,31
863149230242102130,TRYP by Wyndham-Luxury sleeps 8,38592279,1465577164718430746,Vk,Manhattan,Hell's Kitchen,40.754380,-73.993810,Private room,595,1,17,2025-12-30,0.42,20,8,3
863254886048091265,Private room in stylish home,128271193,1468288195891724429,Tyler,Queens,St. Albans,40.696370,-73.759090,Private room,121,3,23,2026-06-03,0.63,3,167,13
863670264173228640,Cozy Private Room,3405057,1462628429825823714,Ama,Brooklyn,East Flatbush,40.655040,-73.934790,Private room,137,2,73,2026-07-05,1.86,3,345,16
845673513670510598,Largest Place in NYC|21 Beds|6 apts FIFA 46min,481452777,1470168098247100824,Jude,Manhattan,Harlem,40.817473,-73.944191,Entire home/apt,4563,1,2,2024-03-11,0.06,17,273,0
846546411200661715,FIFA 46min~Perfect for Tourism|Near Times Sq,481452777,1470168098247100824,Jude,Manhattan,Harlem,40.817473,-73.944191,Entire home/apt,463,1,111,2026-07-29,2.71,17,302,23
846635199398720517,Burganvilla Room near JFK/LGA Airport,394502655,1469820200205399873,Ray,Queens,Jamaica,40.699045,-73.782098,Private room,228,1,126,2026-07-26,3.16,1,116,20
846927779366533939,HOTEL FIVE44 - Deluxe Queen Room,308721299,1469573855258817286,⁨Hotel Five44⁩,Manhattan,Hell's Kitchen,40.763770,-73.995680,Private room,197,3,18,2025-03-04,0.25,1,275,0
846954471654735419,Beautiful Room with 1 Bed in Bushwick/Williamsburg,483722150,1463809964178965713,Nylaea,Brooklyn,Bushwick,40.700430,-73.928070,Private room,144,2,99,2026-07-23,2.55,1,319,29
846997756027374861,"4 bedroom Luxury Penthouse • Midtown West, 5 Stars",45955499,1465686387921475296,Lauren,Manhattan,Midtown,40.756338,-73.982217,Entire home/apt,2795,2,39,2026-06-09,1.31,9,347,18
846998028506317248,Premier Penthouse Apartment 4 Bdrm Midtown West,45955499,1465686387921475296,Lauren,Manhattan,Midtown,40.756338,-73.982217,Entire home/apt,3262,2,52,2026-08-06,1.57,9,351,21
850200906094037889,"Embrace Your Happy, Here!",490699153,1470209241850793818,Joan,Brooklyn,Flatlands,40.630300,-73.921900,Private room,284,2,31,2026-07-20,0.78,1,356,10
850720093399986020,Charming Guest Suite in Classic Brownstone,4350099,1462654493220566275,Alison,Brooklyn,Boerum Hill,40.683630,-73.984540,Private room,281,2,64,2026-07-28,1.60,1,69,39
850926985725345985,New York City Private Bedroom Near Free Ferry!,26440107,1462637367652217755,Stephanie,Staten Island,Stapleton,40.632801,-74.075773,Private room,115,1,187,2026-07-24,4.59,1,280,37
854462861008883615,Crescent Luxe 1 Bedroom Brooklyn,464111297,1470091358575121079,Quest,Brooklyn,East New York,40.662410,-73.866967,Private room,187,3,90,2026-07-27,2.21,1,262,28
854486627998924274,Renovated Queen Bedroom in Brooklyn,118905457,1468213507486473137,Rafael,Brooklyn,Cypress Hills,40.677860,-73.863270,Private room,145,2,94,2026-07-12,2.36,2,360,24
863876694593467545,Sky-High Luxury: Modern 2BR Sanctuary/Iconic Views,508849154,1470287437419763556,Casaé,Manhattan,Midtown,40.754070,-73.988600,Entire home/apt,1229,1,23,2026-07-07,0.58,1,75,7
865335974410390719,Private 2BR Suite | Separate Entrance + Kitchen,504733728,1470269067671490645,Carol,Brooklyn,East Flatbush,40.642010,-73.939180,Private room,264,2,74,2026-07-27,1.88,1,146,25
866020391538719699,Charming  Double Room in VictorianTown House,14796247,1462947094808985945,Sandra,Brooklyn,Flatbush,40.640595,-73.963595,Private room,138,3,100,2026-08-05,2.52,2,263,29
866505935950430131,New Stylish Hideaway!,87603721,1462842644571754434,Nessa,Brooklyn,Canarsie,40.638720,-73.909190,Shared room,600,3,88,2026-07-12,2.17,1,283,16
866773461643841206,Two bedrooms in Sunset City Dreams Apt.,472938702,1470133051547111976,Viviana,Brooklyn,Sunset Park,40.650660,-74.004980,Private room,258,2,98,2026-07-26,2.46,1,285,36
866859234391760001,*South Ozone Park Gem* 5 mins from JFK Airport,292397532,1463397920314554909,Katerin,Queens,South Ozone Park,40.676932,-73.804836,Private room,311,2,52,2026-07-16,1.34,1,343,12
867508048947886657,Studio with shower and kitchen (shared toilet),408979935,1463633576430998493,The Village House,Manhattan,Gramercy,40.734720,-73.986970,Entire home/apt,322,1,107,2026-07-24,2.64,39,71,25
868140173684117848,Freehand New York - 3 Company,164291123,1463028238146865211,Freehand,Manhattan,Kips Bay,40.739739,-73.984339,Private room,352,1,286,2026-07-12,7.34,6,364,39
869914087181379816,Home away from home,510118496,1470293538970370796,Lola,Queens,Springfield Gardens,40.670467,-73.759530,Private room,134,1,118,2026-08-08,3.18,1,360,26
855961894411260875,TRYP by Wyndham -Luxury sleeps 8,38592279,1465577164718430746,Vk,Manhattan,Hell's Kitchen,40.753120,-73.993880,Private room,595,1,14,2025-12-21,0.34,20,8,2
856382292926202871,Dog Friendly 2 Bdrooms w/ Free Parking / fast WiFi,507295042,1470280185458690842,Michael,Brooklyn,Canarsie,40.632850,-73.913233,Entire home/apt,527,1,104,2026-08-02,2.54,1,332,26
857576331544501191,Tranquil Queens Getaway,421062905,1463659463151237246,Anthony,Queens,Middle Village,40.707920,-73.874540,Private room,222,1,135,2026-08-02,3.40,6,329,31
857869072143873415,Bright Comfortable Room 2-A,371490719,1463549024790428924,Miguel,Bronx,Edenwald,40.890830,-73.840670,Private room,79,2,126,2026-07-13,3.09,3,184,45
858062545028044267,TRYP by Wyndham-Sleeps 8 TimeSQ,38592279,1465577164718430746,Vk,Manhattan,Chelsea,40.752930,-73.995220,Private room,580,1,28,2026-07-20,0.72,20,8,4
858697692672545141,"Safe and Cozy Hostel Room, 1 person, Manhattan",503712643,1463852528817255664,Alfred,Manhattan,Chelsea,40.749720,-73.994720,Private room,107,1,4735,2026-08-09,115.86,1,314,1148
859664945143080328,Zen in City,19177308,1463071249204609927,Rubens,Brooklyn,Bushwick,40.689240,-73.906570,Entire home/apt,195,2,181,2026-07-27,4.44,1,56,49
859676226888260227,Lurelton Luxury,390939824,1469809120363597648,Adenomo,Queens,Springfield Gardens,40.668172,-73.750658,Entire home/apt,427,2,62,2026-07-26,1.57,4,278,21
859771139425703476,Capacious Brownstone Unit,471548508,1470126804793765875,Maria,Manhattan,Harlem,40.816290,-73.945430,Entire home/apt,262,1,155,2026-07-27,3.81,4,49,55
860170703368011018,"Urban Serenity, Harlem Brownstone Duplex w/ Patio",52128810,1465829720045686574,Dennis,Manhattan,Harlem,40.812670,-73.946980,Entire home/apt,993,2,125,2026-07-25,3.25,2,291,33
871071720172614762,"Room in Williamsburg w/ private bathroom, kitchen",452441669,1470036449822334937,Adam,Brooklyn,Williamsburg,40.720314,-73.958300,Private room,275,1,162,2026-07-20,4.08,1,226,49
871075934437189983,Spacious 3BR Retreat | Minutes to Manhattan,488010446,1470196256230906589,Sara,Brooklyn,Bushwick,40.691880,-73.902630,Entire home/apt,455,2,114,2026-07-18,3.53,1,124,22
871264661238205649,Room A in a house near by JFK&LGA,510399716,1470294871927818632,Minguang,Queens,Woodhaven,40.698870,-73.850500,Private room,131,1,189,2026-08-09,4.72,3,348,59
873155515991837871,Bright Bedroom With Full Bath NYC (one guest only),510810372,1470296876428180280,Michelle,Queens,Whitestone,40.785130,-73.810210,Private room,99,1,197,2026-07-18,5.01,2,20,50
873814186773464575,Brooklyn Charm by Prospect Park (3 Min To Subway),174606780,1468693880263880007,Anna,Brooklyn,Flatbush,40.653740,-73.964650,Private room,330,1,83,2026-07-19,2.08,2,349,28
874974131617764309,The Nest by Reza,503150479,1470262052314556401,Md Selim,Queens,South Ozone Park,40.677204,-73.803698,Private room,574,1,208,2026-07-29,5.20,1,278,69
875223366460944377,Guest Suite With Private Parking,511211891,1470298797224536934,Roxiny,Queens,Sunnyside,40.738560,-73.928210,Private room,391,1,138,2026-08-01,3.47,1,204,40
880704288932050723,Private Bedroom in Multi-Generational Home,20692936,1463136139400561383,Christina,Manhattan,Harlem,40.816310,-73.958460,Private room,161,3,53,2026-07-22,1.38,2,220,20
882800080322962362,Cutie Studity. (Studio).,116596381,1468195176577105472,Suncerae,Manhattan,Washington Heights,40.837160,-73.941760,Entire home/apt,313,5,56,2026-07-20,1.44,2,365,19
882854676538619391,Private Bath | Elevator | 1 Block NYU Langone,512885422,1470306736623274092,Magen,Brooklyn,Sunset Park,40.645240,-74.017790,Private room,155,1,147,2026-07-20,3.71,1,59,47
860909296421311500,Near LGA airport + NYC Transit,76654550,1466939800666829916,Beatriz,Queens,Jackson Heights,40.752070,-73.881020,Private room,230,3,76,2026-07-20,1.87,1,135,18
861584964614132041,Comfy Home Near JFK- 5 minute drive,508387994,1470285302383263042,Sherwin,Queens,Springfield Gardens,40.665040,-73.772660,Private room,169,1,161,2026-07-20,4.03,1,355,30
862309799594851931,Luxe 1BR | River Views near Manhattan,9419684,1462813669805382028,Churchill Living,Bronx,Port Morris,40.809887,-73.930610,Entire home/apt,161,2,4,2026-07-06,0.10,13,364,1
862309807710272679,Close to NYC Studio Parking & Gym | Bronx,163251048,1463025977339310058,Global Luxury Suites,Bronx,Port Morris,40.810029,-73.930737,Entire home/apt,161,2,66,2026-07-26,1.73,8,364,47
862309850904527778,"Manhattan Studio with Balcony, near Subway",30283594,1465445680495565156,Global Luxury Suites I,Bronx,Port Morris,40.809887,-73.930610,Entire home/apt,176,1,11,2026-05-05,0.28,77,364,1
875426090400369943,"Beautiful, chic, apartment located in Brooklyn",160264095,1468558919546243886,Donnalyn,Brooklyn,East Flatbush,40.649530,-73.940900,Private room,202,3,52,2026-07-21,1.32,1,268,17
875944208628783437,Paradise,499393784,1470246200026879003,Bertie,Brooklyn,East New York,40.672550,-73.886200,Private room,235,2,61,2025-12-28,1.53,2,35,4
876664384815230551,Convenient JFK/LGA Airport Layover Suite: Sleeps 4,42814202,1462691752279979851,Irina,Queens,Fresh Meadows,40.741550,-73.786400,Private room,264,1,37,2026-06-11,0.93,6,266,8
876713339623757524,"Charming 2-Queen Suite, JFK/LaGuardia: Sleeps 4",42814202,1462691752279979851,Irina,Queens,Fresh Meadows,40.741700,-73.787190,Private room,274,1,43,2026-05-18,1.16,6,362,6
877589150859074278,Beautiful studio on first floor,346962043,1469687680891039736,Carlos,Brooklyn,Boerum Hill,40.687152,-73.987560,Shared room,302,3,3,2024-11-03,0.11,1,268,0
877621410232403938,Post Modern Room,2276965,1462590837619369014,Lee,Brooklyn,Williamsburg,40.710380,-73.956150,Private room,169,3,88,2026-08-07,2.20,1,41,35
877731639504424119,Cozy Private Bedroom in BedStuy,30588612,1462652098330317399,Nastya,Brooklyn,Bedford-Stuyvesant,40.692990,-73.945620,Private room,158,1,219,2026-08-07,5.71,2,223,65
878315907802192550,Studio Deluxe / Airbnb Monthly,176950173,1468713839790557670,AKA Central Park,Manhattan,Midtown,40.763380,-73.974480,Private room,335,29,0,,,28,362,0
883112096841319366,Sunny Bedroom with Full Bath NYC (one guest only),510810372,1470296876428180280,Michelle,Queens,Whitestone,40.785160,-73.808670,Private room,99,1,122,2026-07-26,4.91,2,19,50
883176015603021693,Spacious pad in fire Townhome,371806038,1469753361177655956,Shanna,Brooklyn,East New York,40.669860,-73.893790,Shared room,428,2,73,2026-07-17,1.94,1,174,14
883178181130435692,"Terrace Suite at Ink 48 Hotel, Pets Are Allowed!",501999278,1468058277289999419,RoomPicks,Manhattan,Hell's Kitchen,40.764580,-73.995950,Hotel room,593,1,0,,,147,333,0
883182374074172374,A quick walk away from the Times Square! W/Balcony,501999278,1468058277289999419,RoomPicks,Manhattan,Hell's Kitchen,40.764580,-73.995950,Hotel room,603,1,1,2024-05-28,0.04,147,333,0
883955753472122104,Elegant & Spacious  En-Suite Bedroom-Private Bath,307024780,1469568276500919034,Salvador,Brooklyn,Bedford-Stuyvesant,40.690460,-73.942770,Private room,270,1,139,2026-07-21,3.52,5,103,47
884114210754372592,"[Room 2] Private Room + Work Desk, 30 min from JFK",384892515,1463578720989637527,Elyse,Queens,Arverne,40.596580,-73.803150,Private room,147,1,78,2026-07-30,2.05,2,77,28
884661357873554269,Charming Hosted Apartment in the Heart of Brooklyn,513269601,1470308619842582218,Sherryl,Brooklyn,East Flatbush,40.643250,-73.944000,Private room,242,2,68,2026-08-10,1.72,1,339,21
884852367757897872,Comfortably close to everywhere,75129591,1466923731681831954,Omar,Staten Island,Shore Acres,40.613740,-74.064320,Private room,218,2,23,2024-11-03,0.58,1,266,0
886132465591212134,Queen-sized bed in Queens (Woodside to be exact),95021270,1467145585261194583,Valerie,Queens,Woodside,40.754690,-73.907300,Private room,195,1,129,2026-07-26,3.38,2,204,45
891379236454192350,"Modern NYC Stay:NearAirports,2 min walk to subway",488793365,1470199973973091429,Misbau,Brooklyn,East New York,40.665272,-73.893480,Private room,110,1,240,2026-07-23,7.59,7,344,82
892682416283989783,Staten Island Paradise,396153436,1469825434963422566,Sophia,Staten Island,New Dorp Beach,40.569020,-74.095980,Private room,181,1,138,2026-07-25,3.51,1,344,32
878323950122469426,Studio Accomodation with Wet Bar,176950173,1468713839790557670,AKA Central Park,Manhattan,Midtown,40.763340,-73.975310,Private room,385,7,6,2024-07-16,0.17,28,362,0
878324692505211060,Spacious Studio w/Wetbar,176950173,1468713839790557670,AKA Central Park,Manhattan,Midtown,40.763670,-73.974920,Private room,434,5,1,2024-10-25,0.05,28,362,0
878330334269238127,Private Suite at Cozy Hideaway. Stayed with Robin,505354789,1470271756082372809,Robin,Brooklyn,Flatbush,40.649700,-73.958170,Private room,275,3,69,2026-08-02,1.73,1,326,22
878331243461683150,Studio Deluxe - Accessible / Airbnb Monthly,176950173,1468713839790557670,AKA Central Park,Manhattan,Midtown,40.763440,-73.976710,Private room,335,29,0,,,28,357,0
878332173770248531,Studio Deluxe - Accessible / Airbnb Weekly,176950173,1468713839790557670,AKA Central Park,Manhattan,Midtown,40.764090,-73.974510,Private room,385,7,6,2026-02-23,0.16,28,356,1
878340008154504555,One Bedroom Deluxe Suite - Accessible,176950173,1468713839790557670,AKA Central Park,Manhattan,Midtown,40.764710,-73.976780,Private room,592,29,0,,,28,346,0
878341490265135146,One Bedroom Deluxe Suite - Accessible / Weekly,176950173,1468713839790557670,AKA Central Park,Manhattan,Midtown,40.763380,-73.976070,Private room,615,7,5,2025-05-09,0.13,28,346,0
878344866337191031,One Bedroom Deluxe Suite - Monthly Stay,176950173,1468713839790557670,AKA Central Park,Manhattan,Midtown,40.765440,-73.976510,Private room,419,29,1,2023-08-21,0.03,28,362,0
878345911258968289,One Bedroom Deluxe Suite / Airbnb Weekly,176950173,1468713839790557670,AKA Central Park,Manhattan,Midtown,40.765080,-73.976490,Private room,615,7,6,2025-03-23,0.16,28,362,0
878486010112549434,Chill in The Village,378853274,1469774127021881589,Lawrence,Manhattan,Chelsea,40.739020,-73.999740,Entire home/apt,474,2,46,2026-06-07,1.20,3,267,15
878489096899268968,West Village Wonder - Amazing Location,378853274,1469774127021881589,Lawrence,Manhattan,Chelsea,40.738867,-73.999722,Entire home/apt,462,2,70,2026-08-08,1.77,3,275,4
878493181649245779,Bedroom in Private Home Cypress Hills,511952222,1470302261639840023,Jency MonteroABB,Brooklyn,Cypress Hills,40.685470,-73.876750,Private room,117,1,145,2026-08-02,3.62,1,9,17
878578926841233712,bedroom studio in canarsie,494891626,1470227603968295183,Romel,Brooklyn,Canarsie,40.640850,-73.909970,Private room,264,1,176,2026-07-27,4.51,2,338,39
886310753075905123,Cozy bedroom 10min from Manhattan in a  shared apt,469317996,1463777087465850478,Elias,Queens,Long Island City,40.754390,-73.935280,Private room,130,4,81,2026-08-04,2.08,2,69,30
886856156430249385,Near Times Square | Boutique NYC Stay + Dining,513003509,1470307297723894122,Romer Hell's Kitchen New York City,Manhattan,Hell's Kitchen,40.764300,-73.986740,Private room,270,1,177,2026-08-03,5.03,2,130,76
886941255592981941,Transit Friendly Gem - 1min walk from bus stop,339012951,1469660478759737958,Fa Rui,Staten Island,Bull's Head,40.607970,-74.157790,Private room,144,1,144,2026-07-24,3.78,1,336,22
887752876011773990,Premier Studio Room at Ink 48 Hotel!,501999278,1468058277289999419,RoomPicks,Manhattan,Hell's Kitchen,40.764580,-73.995950,Hotel room,336,1,2,2025-01-03,0.06,147,359,0
887917763854717245,Suite in Hollis!,514014389,1470311995205780905,Ravendra,Queens,Hollis,40.708510,-73.767410,Private room,170,2,25,2026-06-08,0.68,1,345,7
888158663695997803,cat condo - modern botanical brooklyn loft,149245620,1468459784868038338,Hai,Brooklyn,Bedford-Stuyvesant,40.695790,-73.941840,Private room,275,1,86,2026-07-09,2.18,1,11,28
888268985092863449,Family Studio Midtown NYC Empire #2,343450886,1469676765865948471,Alberto,Manhattan,Midtown,40.746210,-73.987590,Entire home/apt,348,1,22,2026-06-27,0.58,4,291,6
888371361498172865,Guest Suite in a Renovated One Family Brownstone,8994123,1462792197324527261,Rick,Manhattan,Harlem,40.815120,-73.948070,Private room,279,3,61,2026-07-23,1.81,1,301,26
888955844898354270,Downtown Modern Amazing View,194310590,1469012159942109794,Robert,Manhattan,Lower East Side,40.718810,-73.985320,Entire home/apt,468,5,30,2026-07-26,0.81,1,32,9
892968676280864546,2 Bedroom Guest Suite - Bk Brick with a Backyard!,441084094,1469991080869703285,Isaac,Brooklyn,Flatbush,40.644090,-73.951850,Private room,345,2,91,2026-07-30,2.69,1,330,21
893419014177589726,Modern & Elegant,515207276,1470317492488590392,William,Brooklyn,East New York,40.663510,-73.893710,Entire home/apt,339,2,93,2026-06-29,2.41,1,270,17
893659289184810838,"Room in heart of Jackson heights,Queens.",515271070,1470317831875377622,Dawa,Queens,Jackson Heights,40.753120,-73.894740,Private room,192,2,43,2026-06-08,1.11,1,192,22
894060385873877940,Studio with Private Bathroom Midtown Manhattan #82,343381111,1469676414564931765,Alberto,Manhattan,Midtown,40.745930,-73.987100,Entire home/apt,302,1,40,2026-04-25,1.03,3,307,4
894195367256167429,"Space in cozy, modern Brooklyn home unit2",9795466,1462823632304937025,Jerrod,Brooklyn,Crown Heights,40.672520,-73.932240,Private room,275,2,102,2026-07-19,2.67,3,225,52
894783088681425080,Private Room Central Park West,515505231,1470318945298446460,Ruth,Manhattan,Upper West Side,40.798650,-73.960791,Private room,193,5,67,2026-07-22,1.72,1,252,24
895007080264023582,Serene Guest Space | 10 Min to JFK,515564646,1463863245750207033,Miad,Queens,Rosedale,40.656871,-73.749822,Private room,112,1,139,2026-08-05,3.82,1,188,29
896178972601608711,Home Near JFK,22699146,1463186235576866768,Michael Lee,Queens,Ozone Park,40.673700,-73.853040,Private room,1288,1,112,2025-03-15,3.04,3,365,0
896504117378380893,Modern suite In Brooklyn,137766708,1468368850880323474,Peterson,Brooklyn,East New York,40.673200,-73.885390,Entire home/apt,261,3,125,2026-08-04,3.42,1,152,37
897366772582089952,Oasis 4 - near Yankee Stadium,90930266,1467099725473055436,Julio,Bronx,Melrose,40.819270,-73.914500,Private room,187,2,75,2026-07-20,1.93,4,330,16
897441590874788617,HOME near JFK * Casino * Beach,469322297,1470116229174061779,Yu,Queens,Ozone Park,40.683980,-73.839170,Entire home/apt,290,1,291,2026-07-29,7.44,1,123,77
890578160748025477,Comfy Room in Central Brooklyn,39708273,1465592873026442055,Mo,Brooklyn,Crown Heights,40.678660,-73.961880,Private room,132,1,104,2026-07-26,2.64,3,311,30
891375932006569033,Live like a West Village local! (w/ washer/dryer!),23090343,1465268490961692063,Haven,Manhattan,West Village,40.738715,-74.004731,Entire home/apt,323,4,82,2026-07-05,2.10,1,4,11
897949174044168754,Best Large Private Room and Full Bathroom,23971401,1462627413426083918,Miao,Queens,Woodside,40.744170,-73.896790,Private room,216,1,99,2026-08-07,2.64,2,342,21
898425696243041784,Double Room w/ Desk & Workspace in Central NY,159355723,1468551253311441908,Outsite,Manhattan,Chelsea,40.744907,-73.999971,Private room,247,2,46,2026-07-25,1.30,6,353,31
898450531679969199,Solo Room w/ Desk & A/C | Stay Longer with Outsite,159355723,1468551253311441908,Outsite,Manhattan,Chelsea,40.744907,-73.999971,Private room,165,2,2,2026-01-11,0.10,6,336,1
898755613660028115,Cozy Upper West Side Room.,124855093,1468259617956548844,Julia,Manhattan,Upper West Side,40.799763,-73.969642,Private room,288,1,138,2026-07-21,3.88,2,281,31
899872776956071144,Bedroom in New York,207565828,1469082816860859701,Chris,Queens,Ditmars Steinway,40.777487,-73.913742,Private room,265,3,75,2025-07-06,1.96,1,36,0
902910536148547320,10 min Taxi LaGuardia SELF Check-in Private Room,204205146,1469065457723412960,Angel,Queens,Ditmars Steinway,40.773380,-73.904080,Private room,180,5,63,2026-07-25,1.77,1,239,17
903694272951730564,The Flat NYC - Bunk Bed with Shared Bathroom,30065089,1465442819279824269,The Flat Hotel,Manhattan,Flatiron District,40.742170,-73.990950,Private room,164,1,22,2026-06-28,0.75,8,313,16
903808034491004746,"Cozy Suite in Queens, NY",517605055,1470328761224969120,Juliet,Queens,Cambria Heights,40.702806,-73.728087,Private room,121,1,137,2026-08-03,3.57,1,199,40
904286092272787383,Private Suite 5 min from Casino,517704969,1470329214489600402,Peshla,Queens,South Ozone Park,40.664570,-73.810990,Private room,295,2,26,2026-07-19,0.67,1,365,6
904438966406791286,Cozy Brooklyn Townhouse,36209545,1465537761489390542,Kamilah,Brooklyn,Bedford-Stuyvesant,40.685510,-73.925180,Entire home/apt,639,1,79,2026-07-26,3.03,1,225,27
904540328722572681,1-Bedroom Hotel Suite - 2 beds,326084746,1469621839953159960,Jeanna,Manhattan,Battery Park City,40.715267,-74.015238,Private room,3320,1,0,,,46,119,0
904540367562348011,1-Bedroom Hotel Suite - 2 beds,326084746,1469621839953159960,Jeanna,Manhattan,Battery Park City,40.715267,-74.015238,Private room,3320,1,1,2024-08-31,0.04,46,119,0
904540799302575331,1-Bedroom Hotel Suite - 1 bed,326084746,1469621839953159960,Jeanna,Manhattan,Battery Park City,40.715267,-74.015238,Private room,1180,1,0,,,46,119,0
904541267271833455,1-Bedroom Hotel Suite - 1 bed,326084746,1469621839953159960,Jeanna,Manhattan,Battery Park City,40.715267,-74.015238,Private room,1180,1,0,,,46,119,0
904585380099402394,2-Joint Large Deluxe Rooms in Private House - NYC,517786178,1470329629783148134,Dave,Queens,Sunnyside,40.741710,-73.926440,Private room,151,1,131,2026-07-23,3.67,1,80,45
904997635657518046,1-Bedroom Hotel Suite - 1 bed,326084746,1469621839953159960,Jeanna,Manhattan,Battery Park City,40.715267,-74.015238,Private room,1370,1,0,,,46,119,0
904998041073180558,1-Bedroom Hotel Suite - 2 beds,326084746,1469621839953159960,Jeanna,Manhattan,Battery Park City,40.715267,-74.015238,Private room,1672,1,0,,,46,119,0
904999024053053483,Two Full Room - 2 beds,326084746,1469621839953159960,Jeanna,Manhattan,Battery Park City,40.715267,-74.015238,Private room,3320,1,0,,,46,119,0
904999753199429087,Two Full Room - 2 beds,326084746,1469621839953159960,Jeanna,Manhattan,Battery Park City,40.715267,-74.015238,Private room,3616,1,0,,,46,119,0
905154913221917061,Bustling: M & L Train AC Netflix WiFi Bushwick,416411139,1469893470672150534,Barrett,Brooklyn,Bushwick,40.697530,-73.922700,Private room,128,1,189,2026-07-27,4.88,2,365,62
905651319684253457,Relaxed & Comfy 4A,146132198,1468434988363242510,Corisha,Bronx,Wakefield,40.895760,-73.858630,Private room,91,2,106,2026-07-30,3.25,2,41,52
905998253119152699,Clean Relaxation 3A,146132198,1468434988363242510,Corisha,Bronx,Wakefield,40.893960,-73.857140,Private room,68,2,125,2026-07-20,3.75,2,50,41
906405971128285143,Cozy studio in NYC,196074179,1463121530107800414,Sebastian,Queens,Rego Park,40.719890,-73.860720,Private room,110,1,277,2026-08-06,9.53,1,281,106
915896747275039057,Penthouse Duplex Apartment NYC,96623913,1467164042332487873,Khizer,Queens,Woodside,40.745680,-73.899050,Entire home/apt,354,2,146,2026-07-23,3.81,1,248,46
917297550127335549,Luxury Home Nearby JFK (Private Suite),520841617,1470343558324292254,Michael,Queens,Laurelton,40.681250,-73.750170,Private room,323,2,135,2026-08-09,3.77,3,140,49
900210961874346857,My little Sanctuary,476314929,1470147024724422862,Cynthia,Brooklyn,East New York,40.661090,-73.897810,Private room,250,3,55,2026-07-24,1.41,1,346,15
900301067012439683,Stylish high-end Space,427274045,1463674583140184214,Daniel,Brooklyn,East New York,40.670690,-73.892540,Private room,371,2,128,2026-08-02,3.30,1,336,28
901353931813750670,Teeny Tiny Bunk Bed Studio in Midtown Manhattan,382617662,1469783733196945010,Jake,Manhattan,Midtown,40.747460,-73.988710,Entire home/apt,248,1,177,2026-07-17,4.57,7,144,50
901545811560679267,Mott Haven Townhouse,517029148,1470326014187479780,Compton,Bronx,Mott Haven,40.813740,-73.917780,Entire home/apt,211,4,67,2026-08-06,1.81,1,197,30
901609055054730360,Home away from home,514630902,1470314844029131414,Jessica,Bronx,Claremont Village,40.836251,-73.908657,Entire home/apt,209,2,177,2026-07-30,4.61,2,283,58
902141236113014829,Shared Modern 2 bedroom Brooklyn Apartment,517167221,1470326714069977245,Rohan,Brooklyn,Crown Heights,40.674490,-73.914040,Entire home/apt,277,4,72,2026-08-07,1.86,2,248,31
902208295121798734,Best Manhattan Deal Strivers Row Townhouse,80125146,1466977249035574746,Charles,Manhattan,Harlem,40.818363,-73.942752,Private room,174,1,87,2026-07-20,2.26,1,52,36
906795104264452299,Polkadot Twistedvintage hottub JFK beach surfNy,168054716,1468625586267518143,Nanonte,Queens,Rockaway Beach,40.588340,-73.812920,Private room,241,2,25,2026-06-22,0.72,4,265,5
907088727200673307,Shu's House (3 BR),518350160,1470332180981678445,Shu Piao,Staten Island,Arrochar,40.593180,-74.076620,Entire home/apt,280,2,96,2026-07-25,2.74,1,77,25
907422652648858189,"Elegant Private Room in Eastern Parkway, Brooklyn",514336590,1470313441502999132,Reservation,Brooklyn,Crown Heights,40.668595,-73.936079,Private room,85,1,0,,,29,344,0
908678306945938969,Cozy Modern Stay | Ferry to Manhattan | Quiet,464658136,1463766286239234585,Yira Vargas,Bronx,Castle Hill,40.814490,-73.849080,Private room,177,2,104,2026-07-27,4.08,4,358,30
908902110868808889,Apartment near Empire State Building,518713594,1470333966482655736,Soli,Manhattan,Murray Hill,40.749785,-73.979254,Entire home/apt,587,2,139,2026-07-26,3.73,1,201,44
909492443054363122,Surburban Comfort in the Heart of Brooklyn,30279979,1465445652388668582,Muhan,Brooklyn,Bushwick,40.698911,-73.920015,Private room,280,2,44,2026-05-22,1.21,1,88,13
909636006692373784,Stay by The High Line – Private Room,514336590,1470313441502999132,Reservation,Manhattan,Chelsea,40.751170,-73.998420,Private room,166,1,38,2026-07-21,3.49,29,265,38
910028509989680036,Newly Renovated | 3 Bedroom  | Near Subway,519069318,1470335683257374567,Mendel,Brooklyn,Crown Heights,40.667688,-73.947756,Entire home/apt,457,2,53,2026-08-03,1.40,1,299,22
910836081162496898,Canarsie's Finest Room Awaits you!,74804084,1466920400443166960,Josy,Brooklyn,Canarsie,40.632960,-73.894740,Shared room,164,3,37,2026-06-10,0.97,1,365,8
918130735715171123,Chic and Modern Bed Stuy 2br,5199109,1462675170868025980,Torbitt,Brooklyn,Bedford-Stuyvesant,40.680720,-73.931540,Entire home/apt,446,2,114,2026-08-03,4.17,1,255,45
918299351414917573,"15 mins to Manhattan from Woodside, Queens.",521117331,1470344910803967807,Uma,Queens,Maspeth,40.739394,-73.905274,Private room,129,1,176,2026-08-06,4.70,1,287,36
919383845592883891,Bo Better Blues Bed-Stuy Brownstone,147500609,1468446324129632169,Duane,Brooklyn,Bedford-Stuyvesant,40.684140,-73.935500,Entire home/apt,292,2,107,2026-07-20,2.90,1,184,33
919539730227533043,Experience Furnished Studio on West 30th Street,514336590,1470313441502999132,Reservation,Manhattan,Chelsea,40.751370,-73.998650,Private room,175,1,5,2026-05-01,0.59,29,109,5
919539874798990303,Charming Room with Mini Kitchenette,514336590,1470313441502999132,Reservation,Manhattan,Chelsea,40.751550,-73.998130,Private room,216,1,32,2026-07-26,1.36,29,236,23
920103826004223083,King Premier Room at Ink 48 Hotel,501999278,1468058277289999419,RoomPicks,Manhattan,Hell's Kitchen,40.764580,-73.995950,Hotel room,324,1,0,,,147,359,0
920109301244982385,Spacious Suite with River Views! Pets Allowed!,496944100,1470236008567071749,RoomPicks,Manhattan,Hell's Kitchen,40.764572,-73.995984,Hotel room,339,1,1,2026-03-19,0.21,28,336,1
920109678115048743,Charming Studio close Empire State & 5th Ave #54,343450886,1469676765865948471,Alberto,Manhattan,Midtown,40.748130,-73.988710,Entire home/apt,343,1,34,2026-04-26,0.90,4,256,7
920192085939852814,Family Studio With 3 Beds close Empire State #29,438550739,1469981338374797322,Alberto,Manhattan,Midtown,40.748160,-73.986810,Entire home/apt,389,1,77,2026-07-28,2.04,4,296,27
920320559323406807,Standard Single Comfort – West 30th St,514336590,1470313441502999132,Reservation,Manhattan,Chelsea,40.749740,-73.998310,Private room,187,1,26,2026-07-23,2.79,29,139,26
920322352062480991,Charming Room on West 30th – Midtown NY,514336590,1470313441502999132,Reservation,Manhattan,Chelsea,40.750660,-73.999640,Private room,224,1,14,2026-07-15,0.39,29,214,13
921243805509585892,Cypress Hills cosy room 1,501323440,1470254380114727253,Romulo & Vicky,Brooklyn,Cypress Hills,40.686630,-73.871631,Private room,131,2,97,2026-08-02,2.58,6,35,31
921673175182304339,Small Furnished Single – West 30th St,514336590,1470313441502999132,Reservation,Manhattan,Chelsea,40.750050,-73.998640,Private room,196,1,29,2026-07-26,0.83,29,245,28
929478160790239391,Near Madison Square Garden + Free Breakfast & Gym,499064731,1470244815399025588,Chelsea New York City,Manhattan,Chelsea,40.744690,-73.992600,Private room,344,1,255,2026-08-09,6.96,2,118,100
929584624748362659,Pelton Private Suite With Pool,510312814,1470294420073725231,Duane,Staten Island,Randall Manor,40.641520,-74.111770,Private room,149,1,282,2026-08-09,7.50,1,311,81
929679138005881467,Private Brooklyn Suite w/ Separate Entrance,7878911,1462743563582460987,Summer,Brooklyn,Flatbush,40.635502,-73.956023,Private room,194,2,70,2026-07-24,4.40,1,232,47
931216252915282640,A comfy room away from home.,183573814,1468948706967740660,Angella,Queens,St. Albans,40.692680,-73.767370,Private room,101,1,348,2026-08-02,9.60,2,340,111
931346599700737114,Convenience Meets Chic: You Deserve This Retreat,6105375,1462698052703962102,Shana,Brooklyn,Bedford-Stuyvesant,40.679710,-73.913380,Entire home/apt,454,2,112,2026-07-13,3.03,3,312,30
932099943499845547,"Spacious, Comfy Room.",12603113,1462891531983606828,Linda,Brooklyn,Kensington,40.641110,-73.971780,Private room,110,5,16,2026-07-30,0.62,3,152,12
932509525705477060,Superior King Room with City View,314151200,1469591667221050708,The Wall Street Inn,Manhattan,Financial District,40.704645,-74.010319,Private room,218,1,6,2026-01-01,0.19,8,356,2
932513881802567497,Superior Queen Room City View,314151200,1469591667221050708,The Wall Street Inn,Manhattan,Financial District,40.704645,-74.010319,Private room,168,1,90,2026-07-27,2.46,8,319,17
932517702484463490,Superior King Corner City View,314151200,1469591667221050708,The Wall Street Inn,Manhattan,Financial District,40.704645,-74.010319,Private room,271,1,61,2026-07-26,1.65,8,359,6
932519451454057903,Deluxe Queen City View,314151200,1469591667221050708,The Wall Street Inn,Manhattan,Financial District,40.704645,-74.010319,Private room,310,1,7,2024-10-21,0.20,8,248,0
932522047518865082,Deluxe King with Sofa City View,314151200,1469591667221050708,The Wall Street Inn,Manhattan,Financial District,40.704645,-74.010319,Private room,318,1,2,2024-08-04,0.08,8,256,0
932523901255607390,Deluxe Two Queens Sofa City View,314151200,1469591667221050708,The Wall Street Inn,Manhattan,Financial District,40.704645,-74.010319,Private room,371,1,86,2026-07-01,2.35,8,232,17
932526628996295140,Deluxe King City View,314151200,1469591667221050708,The Wall Street Inn,Manhattan,Financial District,40.704645,-74.010319,Private room,330,1,0,,,8,252,0
932858332755738272,Modern Harlem Escape,524962782,1470361440714795529,Scarlet,Manhattan,East Harlem,40.801109,-73.944880,Private room,207,2,16,2026-08-07,0.47,2,202,11
932893071035345056,Private Room in Beautiful Bushwick Duplex,171636572,1468666981887892465,Keegan,Brooklyn,Bushwick,40.686800,-73.917210,Private room,153,2,108,2026-08-01,3.64,1,318,38
933199939452228087,Beauty In the Heart of the Village!,482330811,1470172058592798041,Law,Manhattan,West Village,40.731200,-74.009060,Entire home/apt,548,2,30,2026-07-25,0.90,1,277,22
933915462295022784,Manhattan room with perfect location,15649508,1462967347263590754,Teresa,Manhattan,Midtown,40.747790,-73.986490,Private room,176,22,20,2026-03-27,0.87,2,56,1
934100065088277596,Entire Floor - private 2bedroom,4350586,1462654503361551107,Joanna,Brooklyn,Bushwick,40.687260,-73.913230,Entire home/apt,440,1,143,2026-07-27,3.97,2,327,25
934107469692156357,King Bed at Holiday Inn Express Times Square,470044717,1470119862548261510,Holiday Inn Express Times Square NYC,Manhattan,Hell's Kitchen,40.755460,-73.992650,Private room,214,1,556,2026-08-09,16.21,2,224,378
935632781765410277,A welcoming travelers home with Free movie Tickets,31796537,1465467157990785989,James,Brooklyn,Canarsie,40.638530,-73.912630,Private room,142,2,91,2026-07-20,2.45,2,344,25
935839383979445801,Stylish studio near Times Square,16596181,1462990412041074658,Elena,Manhattan,Hell's Kitchen,40.762540,-73.989050,Entire home/apt,433,3,102,2026-07-09,2.90,1,91,32
936959756283937973,New York Times Square Sleeps 2,296130757,1463404912423966699,Jay,Manhattan,Midtown,40.756008,-73.982280,Entire home/apt,1318,2,0,,,2,364,0
912003079437996551,"Cozy one bedroom suite in Queens, NYC",258200656,1469364214806180865,Zhiqin,Queens,Woodhaven,40.689220,-73.849530,Private room,170,1,182,2026-08-02,4.77,1,156,48
912158210133915666,"Tessy’s Place suite w/ priv. bath, kitchen & entry",519568267,1470337847073833682,Dexter,Brooklyn,East Flatbush,40.651500,-73.911770,Private room,200,2,44,2026-07-30,1.15,1,257,11
912839143978682230,Newly-Designed BK Penthouse 20 Mins to Manhattan!,12869191,1462897505700672623,Christopher,Brooklyn,Crown Heights,40.676528,-73.925867,Entire home/apt,355,1,169,2026-07-27,4.60,1,297,43
922748405120763971,Bedroom bk Minimalist 2,266577166,1463340955185806687,Jhoan,Brooklyn,Bushwick,40.696560,-73.917030,Private room,103,2,71,2026-07-27,1.92,11,7,28
923815513633030246,Historic Townhome Nr. Meatpacking District,269144933,1469422295768632914,Illy,Manhattan,Chelsea,40.743400,-74.003700,Entire home/apt,1634,2,113,2026-07-26,3.00,1,355,20
923932984833086904,Near the UN and midtown,513252528,1470308477931770543,Susan,Manhattan,Midtown,40.752250,-73.971390,Private room,339,2,48,2026-05-19,1.28,1,56,5
924755008538247849,Private room with Shared bath on Union Square 12,408979935,1463633576430998493,The Village House,Manhattan,Gramercy,40.734721,-73.986974,Entire home/apt,207,1,79,2026-07-19,2.61,39,120,30
924768162233456430,Near JFK Airport,22699146,1463186235576866768,Michael Lee,Queens,Ozone Park,40.673380,-73.853060,Private room,1199,1,85,2025-02-16,2.32,3,365,0
925332909222963253,Kasa Lantern LES | Studio with Deep-Soak Bathtub,88566861,1462844731192258239,Kasa,Manhattan,Lower East Side,40.720250,-73.990490,Entire home/apt,230,1,136,2026-07-21,3.68,4,297,23
926108401326308497,Live like a local! 1st floor 1 bed w/ washer/dryer,522955888,1470352961594182651,Mary,Manhattan,West Village,40.738699,-74.004924,Entire home/apt,365,3,35,2024-12-30,0.93,1,120,0
926312864566891761,Modern house in Staten Island,222789625,1463212430987389600,Suet Man,Staten Island,Clifton,40.621190,-74.072050,Private room,361,1,113,2026-07-29,3.00,1,294,40
948073089435542820,Exclusive Studio 1106 | Private Bathroom,401202937,1469841047362978348,Eliza,Manhattan,Midtown,40.747420,-73.988720,Entire home/apt,293,1,79,2026-07-30,2.21,70,113,29
948380746612788025,Cozy | By 2/5/Q Trains | Washer Dryer | 333Mb WiFi,39875238,1465595248958680196,Lucas,Brooklyn,Midwood,40.622280,-73.946310,Private room,185,1,112,2026-08-01,3.13,2,335,41
948462394579193682,Blue Horizon Private bedroom+Bathroom,30125155,1462650491227129621,Ryan,Brooklyn,Dyker Heights,40.625490,-74.004770,Private room,170,2,89,2026-07-26,2.48,4,130,22
948825420401862130,Modern Brownstone Duplex with Backyard Terrace,70564771,1466873607419324003,Karen,Brooklyn,Bedford-Stuyvesant,40.685540,-73.925790,Entire home/apt,343,2,107,2026-08-05,2.91,2,320,46
949203092352821304,Julie's Modern Jewel - Guest Suite - Canarsie,529436268,1470379440261878426,Julieta,Brooklyn,Canarsie,40.632530,-73.910530,Private room,250,2,82,2026-07-27,2.63,1,306,25
949486536388006369,Cozy new restful bedroom,347497076,1469688926402623660,Vincent,Queens,Jackson Heights,40.748710,-73.889260,Private room,176,4,83,2026-05-19,2.32,3,174,21
950088048554818503,Studio with shower and kitchen 14 <Shared Toilet>,408979935,1463633576430998493,The Village House,Manhattan,Gramercy,40.734720,-73.986970,Entire home/apt,267,1,83,2026-07-20,2.69,39,104,23
950316243638576156,A Charming Clinton Hill Haven,202150745,1469054886077844243,Jacqueline,Brooklyn,Fort Greene,40.687780,-73.968990,Entire home/apt,317,1,118,2026-08-03,3.26,1,197,46
953082621778685235,5Bdrm Midtown Penthouse Apartment/Corporate Rental,45955499,1465686387921475296,Lauren,Manhattan,Midtown,40.756338,-73.982217,Entire home/apt,3461,2,55,2026-07-29,1.66,9,331,28
953391145939365107,Stay in traditional Brownstone | Manhattan,17505956,1463011723452745376,Monica,Manhattan,Harlem,40.803395,-73.945398,Private room,426,2,109,2026-08-03,3.11,1,239,29
954215732943587985,Cozy Room next to columbia & Central Park 3,504353612,1470267346183247764,Nieves,Manhattan,Upper West Side,40.797790,-73.965920,Private room,173,1,98,2026-07-23,3.42,5,106,40
954283379414654919,Well Design Studio with King Bed & Bath in Midtown,520207720,1470340800243271971,Shkedy,Manhattan,Midtown,40.750530,-73.970280,Private room,285,1,99,2026-05-24,2.75,8,317,12
954298098284771504,Majestic Studio Queen Size Bed&Bath in Midtown 202,520207720,1470340800243271971,Shkedy,Manhattan,Midtown,40.752230,-73.970140,Private room,320,1,14,2025-08-05,0.40,8,318,0
954299772270320483,Well Design Studio with King Bed & Bath in Midtown,520207720,1470340800243271971,Shkedy,Manhattan,Midtown,40.750670,-73.971480,Private room,310,1,93,2026-02-09,2.72,8,290,17
954300939099227966,Elegant Studio with Full-Size Bed&Bath in Midtown,520207720,1470340800243271971,Shkedy,Manhattan,Midtown,40.750970,-73.972360,Private room,230,1,8,2026-01-08,0.23,8,307,2
954305781860517709,Private Studio with Twin Bed & Bath in Midtown,520207720,1470340800243271971,Shkedy,Manhattan,Midtown,40.751290,-73.970020,Private room,245,1,5,2025-05-01,0.14,8,268,0
954307423551946038,Elegant Studio with Full-Size Bed&Bath in Midtown,520207720,1470340800243271971,Shkedy,Manhattan,Midtown,40.752400,-73.972320,Private room,300,1,26,2025-05-19,0.74,8,313,0
954322057643536426,Room A1 Queen (Accessible),520207720,1470340800243271971,Shkedy,Manhattan,Midtown,40.750740,-73.970650,Private room,245,1,18,2025-11-10,0.51,8,278,1
954376322754844300,Room A2 Double Queen,520207720,1470340800243271971,Shkedy,Manhattan,Midtown,40.752840,-73.971850,Private room,427,1,13,2025-03-08,0.39,8,280,0
954529486274639312,Chelsea Luxury 3BR w/ Private Elevator & Balcony,59093602,1466711666879892374,Ivan,Manhattan,Chelsea,40.740260,-73.999400,Entire home/apt,891,1,56,2026-07-28,1.56,1,255,39
955842473362618091,Amazing Views & Rooftop Deck - Safe - Parking Incl,68417473,1466845498084417107,Bnb Official,Brooklyn,Sunset Park,40.634930,-74.012320,Entire home/apt,283,2,222,2026-08-09,6.38,1,241,75
955899560315923046,Cozy private Room,531304111,1470386467942472508,Toyin,Brooklyn,Brownsville,40.656399,-73.905207,Private room,108,2,51,2026-08-02,1.53,1,316,20
927751966043550944,Trendy Chelsea Studio on a Tree-lined Street,407939379,1469863991149899934,Alex,Manhattan,Chelsea,40.744270,-73.997570,Entire home/apt,484,3,46,2026-07-10,1.42,3,234,10
928143028684103281,Windsor Palace Architectural Gem,1388987,1462544479889240866,Phil,Brooklyn,South Slope,40.660144,-73.981130,Entire home/apt,487,2,134,2026-07-26,3.61,1,240,50
928358388994326377,Quaint Cozy NY Studio Apartment Legal Daily Rental,4852748,1462537576652086555,Michelle,Manhattan,Harlem,40.806860,-73.946990,Entire home/apt,243,2,50,2026-07-21,1.43,10,347,18
929040557409885468,Nestled In The Heart of Brooklyn! Pets Allowed!,501999278,1468058277289999419,RoomPicks,Brooklyn,Williamsburg,40.715480,-73.952760,Private room,322,1,1,2023-10-10,0.03,147,281,0
929041589928050032,Pet-friendly Sleeper Queen at Penny Willamsburg!,501999278,1468058277289999419,RoomPicks,Brooklyn,Williamsburg,40.715480,-73.952760,Hotel room,310,1,0,,,147,267,0
929287811121217114,Big room in Central Brooklyn,523760774,1470356370106877703,Haydar,Brooklyn,Prospect-Lefferts Gardens,40.656075,-73.954165,Private room,176,1,73,2026-06-28,2.04,3,358,20
937708024938552088,"Chelsea: Private 2BR, 2Bath + Massive Yard",526312424,1470366964013070657,Mona,Manhattan,Chelsea,40.746060,-74.002590,Entire home/apt,593,2,124,2026-07-26,3.37,3,269,39
937873431653897161,Brooklyn 15 minutes from JFK/LGA Newly renovated,483609834,1470177464564800040,Rafael,Brooklyn,East New York,40.667649,-73.857309,Private room,323,2,84,2026-07-05,2.26,1,206,22
938426319639302623,Private Guest Floor of Carroll Gardens townhouse,7259859,1462727401009679426,Olivia,Brooklyn,Carroll Gardens,40.677822,-73.998695,Private room,365,1,123,2026-08-02,3.46,2,299,47
938652341400092973,Private large room with king size bed & work area,470174701,1470120381605908242,CorDelia,Bronx,Van Nest,40.847560,-73.868030,Private room,178,2,28,2026-07-07,1.01,2,128,9
939074435097007573,Beautiful 3 bedroom Near Subway!,526705559,1470368396300315527,Yaakov,Brooklyn,Prospect-Lefferts Gardens,40.658951,-73.949187,Entire home/apt,444,2,80,2026-08-03,2.18,2,132,21
939751910723746071,Family Studio 5 people close to Times Square #68,343381111,1469676414564931765,Alberto,Manhattan,Midtown,40.746280,-73.988210,Entire home/apt,400,1,32,2026-06-17,0.89,3,299,5
940156629413345648,"Spotless 1BR Midtown West |Near Broadway, Times Sq",87215632,1462841759087099047,Adel,Manhattan,Hell's Kitchen,40.762990,-73.992570,Entire home/apt,514,1,93,2026-07-13,2.52,3,273,37
940279919668139029,CrashPad: M and L Train WiFi Netflix AC Bushwick,527022914,1470369882835555672,Roderick,Brooklyn,Bushwick,40.697630,-73.924020,Private room,122,1,155,2026-07-29,4.19,4,361,52
940393249080250223,Designer Victorian Gem Prospect Park - 2BR w/Porch,2990705,1462614329521807117,Nana And Timo,Brooklyn,Flatbush,40.645590,-73.967980,Entire home/apt,379,2,14,2026-08-01,3.33,2,159,14
941268454474275765,Private Guest Floor in Brownstone Near Manhattan,201390,1462512494541256992,Meggie,Brooklyn,Carroll Gardens,40.677020,-73.999890,Private room,241,2,100,2026-07-09,2.80,1,262,22
942866549062627160,"Cozy, Private Entry Room w/ Bath Near JFK",345043452,1469682006731130702,Chelsea,Queens,St. Albans,40.698570,-73.758480,Private room,99,3,58,2026-07-14,2.08,1,28,22
943371238701435307,Cozy 2BR in Manhattan/near 6 train-walk to all,527827931,1470373174710259916,Taylor,Manhattan,Kips Bay,40.742150,-73.981810,Entire home/apt,411,1,64,2026-07-19,1.86,2,249,27
956572242219688781,"Spacious Room, Natural Light, Vibrant Neighborhood",12898987,1462898188909619510,Johan,Queens,Ditmars Steinway,40.774810,-73.904130,Private room,120,5,50,2026-08-02,1.45,1,155,20
956637921456579090,Cozy quiet Room Canarsie - Stay with Rufina,337452975,1469655122505756186,Rufina,Brooklyn,East Flatbush,40.650490,-73.920910,Private room,182,1,75,2026-07-11,2.54,1,261,25
957128607791184257,Bright & Beachy Space in Rockaway!,39078221,1465583572337853212,Alexa,Queens,Arverne,40.598420,-73.796380,Private room,499,2,0,,,2,343,0
957270452215143039,@the Chillspot Duplex ( KNG sz Bds) 3  bathrooms,531641326,1470387783163368388,Cubyson,Brooklyn,Bedford-Stuyvesant,40.689750,-73.938460,Entire home/apt,916,1,116,2026-07-15,3.58,1,295,43
957324954611448247,"Private APT, Renovated Bathroom, Recessed Lights",10727796,1462575551157889968,Eldar,Manhattan,Harlem,40.810160,-73.947320,Private room,416,1,25,2026-07-27,0.97,2,81,21
957362915117972428,Bright Sunny Apt with 1.5 bath  King Bed,147791016,1468448611806302991,Corey,Brooklyn,Bedford-Stuyvesant,40.693740,-73.947790,Entire home/apt,656,4,71,2026-07-07,2.24,1,145,21
957425381814766097,"Luxury on a budget! 
8 mins - JFK
15 mins - LGA",531692748,1470387943020890320,G.S. Experience,Queens,Jamaica,40.676860,-73.794190,Private room,174,2,55,2026-08-03,3.14,1,302,33
957484574310360183,High Ceiling 2Br Apt in Brooklyn,2250778,1462590169790549187,Peter,Brooklyn,Bedford-Stuyvesant,40.683920,-73.916420,Private room,299,2,104,2026-07-22,3.24,1,224,37
957818857975204814,ONE bdrm in my TWO bdrm apt in Chelsea (23/7),1895793,1462581159217059147,Eduardo,Manhattan,Chelsea,40.744129,-73.995192,Private room,475,1,30,2025-12-09,1.24,2,105,5
957945358641843537,Neat Room in Bed-Stuy/Bushwick,10946643,1462853330166759962,Han,Brooklyn,Bedford-Stuyvesant,40.681006,-73.912597,Private room,138,1,124,2026-07-26,3.41,1,82,46
957997561762518256,Charming Astoria Cozy Urban Retreat,7133387,1462724292500341244,Brandon,Queens,Astoria,40.760730,-73.926190,Entire home/apt,341,2,141,2026-07-19,3.98,1,19,41
958019510453136553,Downtown Sanctuary w/ Comfy King Bed,17647550,1463015015871880081,Indo,Manhattan,Lower East Side,40.720730,-73.992650,Entire home/apt,764,2,40,2026-07-13,1.14,1,26,18
958556618665753499,Near LaGuardia Airport + Free Shuttle. Café. Gym.,530533440,1470383460447044595,Indigo Flushing New York City,Queens,Flushing,40.763320,-73.833140,Private room,167,1,123,2026-07-19,3.47,2,160,48
958558125469831900,Close to Citi Field + Airport Shuttle. Café. Gym.,530533440,1470383460447044595,Indigo Flushing New York City,Queens,Flushing,40.762830,-73.831870,Private room,208,1,255,2026-08-09,7.18,2,157,37
958837479129022722,"3 Bed in Williamsburg, Minutes from Manhattan",511578464,1470300437016135290,Mel,Brooklyn,Williamsburg,40.713040,-73.956170,Entire home/apt,637,1,65,2026-07-29,5.43,1,219,65
958891583704104591,Brownstone 2 Bedroom Guest Suite with Privacy,41602405,1465618228435324618,Maria,Brooklyn,Bedford-Stuyvesant,40.691420,-73.939990,Private room,326,1,87,2026-07-27,2.70,2,19,21
959209642509325824,Comfortable hotel style bed/bath above art gallery,532160078,1470389804627316246,Luis,Manhattan,Marble Hill,40.876270,-73.908780,Private room,289,1,47,2026-03-25,1.34,1,313,16
963888047601554678,Cloud Suite,374081944,1469760572736248234,Cloud,Manhattan,West Village,40.730590,-74.003330,Entire home/apt,325,2,113,2026-07-27,3.34,1,92,39
963914944993129500,Luxurious Modern Executive Retreat,5744305,1462688374535679829,Mike,Queens,Jamaica,40.707230,-73.786560,Private room,165,1,135,2026-07-26,4.19,1,365,53
964283364413802877,Cozy ROOMS available for Rent in Staten Island,145175291,1468427446428419046,Kaitia,Staten Island,"Bay Terrace, Staten Island",40.563230,-74.144840,Private room,103,2,1,2023-11-05,0.03,1,127,0
943532117931729388,Private room with Shared bath on Union Square 10,408979935,1463633576430998493,The Village House,Manhattan,Gramercy,40.734720,-73.986970,Entire home/apt,253,1,90,2026-07-12,2.52,39,70,30
943660068183737896,Bronx Beauty (off Pelham Parkway),286894464,1469497499293333157,Angelica,Bronx,Morris Park,40.854065,-73.855747,Entire home/apt,402,2,9,2024-01-01,0.25,1,144,0
944241745269749895,Perfectly Located in the Lower East Side,70017586,1466866901820230228,Mia,Manhattan,Chinatown,40.717380,-73.993010,Private room,461,2,139,2026-08-02,3.79,1,243,41
944831938640547421,"Modern NYC Stay:NearAirports,2 min walk to subway",488793365,1470199973973091429,Misbau,Brooklyn,East New York,40.666098,-73.893198,Private room,115,1,242,2026-07-31,7.45,7,324,76
946447856386514031,Shared Home Close to all Bus Lines,352933248,1487966354364928910,Jeanne,Staten Island,Castleton Corners,40.625570,-74.130790,Private room,286,1,83,2026-08-09,2.29,1,354,27
947101073823190038,Queens Chateau,514591965,1463862872829690698,Anthony,Queens,Jamaica,40.669660,-73.769680,Private room,232,2,1,2025-11-30,0.12,1,72,1
959308487644032372,Home Away from Home:Cozy,347560493,1469689135188546023,Tracey,Queens,East Elmhurst,40.762370,-73.872530,Private room,262,1,18,2026-07-20,0.53,3,360,5
959344147221723685,Garden Level Apt in Brownstone,22088164,1463171239699065893,Chris,Manhattan,East Harlem,40.808116,-73.939863,Entire home/apt,326,3,138,2026-07-28,4.23,2,242,52
959487132458696940,Stylish Brownstone in the heart of Manhattan,244356132,1469296665181964110,Douglas,Manhattan,Harlem,40.803395,-73.945395,Private room,616,1,115,2026-07-31,3.44,1,300,37
959667125949545689,Midtown Garden Oasis: Private Bath + Laundry,517568992,1470328621131047781,Jing,Manhattan,Hell's Kitchen,40.759660,-73.994530,Private room,859,2,107,2026-05-28,2.97,10,4,16
960170192680619491,NYC Spacious Studio Legal Daily Rental,4852748,1462537576652086555,Michelle,Manhattan,Harlem,40.805250,-73.947160,Entire home/apt,295,3,26,2026-07-19,0.74,10,161,8
960258169135210648,Cj's Travel Professional's Pad near JFK Airport,532451793,1470390961507156363,Chijioke,Queens,Laurelton,40.678467,-73.743633,Private room,150,1,169,2026-07-22,4.86,1,219,27
961527622157301522,Designer 2 Bedroom Guest Suite,68134012,1462786824402690877,Andrew,Brooklyn,Bushwick,40.700770,-73.937700,Entire home/apt,487,1,126,2026-08-03,3.81,1,242,55
961836418495370418,Private Private Room in Brooklyn,382918364,1469784604084515249,Mohammad,Brooklyn,Bath Beach,40.607120,-74.007610,Private room,168,1,75,2026-07-20,2.08,1,308,33
964490043156249684,Room ChelseaTownhouse 1st Floor~Midcentury Modern,10590692,1462844606395853198,Wade,Manhattan,Chelsea,40.743750,-74.002000,Private room,308,3,95,2026-07-26,3.27,1,59,40
965505333713118531,Home-feel New Bedroom,347497076,1469688926402623660,Vincent,Queens,Jackson Heights,40.747790,-73.888170,Private room,134,1,78,2026-08-04,2.18,3,209,29
965836734967050413,"Bedroom in brownstone near subway,private bathroom",11376150,1462863416502334403,Laurent,Brooklyn,Bedford-Stuyvesant,40.682380,-73.936720,Private room,164,2,71,2026-07-20,2.20,1,50,38
965972728839907811,"Private Bathroom+Own Balcony, 15 mins to Manhattan",217844544,1469145852968980521,Mia,Brooklyn,Bushwick,40.692310,-73.925440,Private room,190,2,145,2026-07-26,4.19,2,223,48
965995992034672989,Own Entrance | Private Bath + 15 mins to Manhattan,217844544,1469145852968980521,Mia,Brooklyn,Bedford-Stuyvesant,40.691010,-73.925970,Entire home/apt,185,2,134,2026-07-30,3.98,2,243,52
966015814531483475,Private Bath | Own Entrance + 15 mins to Manhattan,228473476,1469217088850490711,Mia,Brooklyn,Bedford-Stuyvesant,40.692220,-73.927490,Entire home/apt,210,2,134,2026-07-18,3.97,1,237,46
966075614879803673,One Bedroom Gem — private bath and kitchen,116768246,1468196500124090728,Sara,Brooklyn,Flatbush,40.644310,-73.965450,Private room,232,3,86,2026-07-20,2.78,1,115,27
966077154092000207,Regal Inn & Suites NY 1 King Bed,533882925,1470396413619921510,Regal,Queens,Flushing,40.761422,-73.833197,Private room,152,1,89,2026-07-29,2.48,2,352,40
966141894035636477,Regal Inn & Suites NY 2 Double Bed,533882925,1470396413619921510,Regal,Queens,Flushing,40.761422,-73.833197,Private room,174,1,25,2026-06-26,0.70,2,359,15
967572040503577303,"Cozy Canarsie Getaway, Brooklyn",534223571,1470397628804904658,Michelle,Brooklyn,Canarsie,40.643114,-73.890202,Private room,197,1,96,2026-08-09,2.69,1,276,32
968052518875387461,King Bed| Up to 4| Walk to Times Square & Broadway,481431731,1470168024517659738,Adel & Katie,Manhattan,Hell's Kitchen,40.765320,-73.991290,Entire home/apt,554,2,66,2026-07-18,2.09,2,299,24
968090367625068114,Mulzac's Cozy Modern Brooklyn Apartment w/ Balcony,209164123,1469091155960527646,Justina,Brooklyn,Bedford-Stuyvesant,40.683450,-73.918910,Private room,298,1,83,2026-07-27,2.96,1,281,25
968117958661367161,Flat with an amazing view!,2772230,1462607806668525863,J J,Manhattan,Hell's Kitchen,40.758649,-73.998816,Entire home/apt,632,1,110,2026-06-21,3.08,1,11,39
968158472503477954,Private Renovated Industrial Style Guest Suite,30777013,1465453099490538118,Jean,Queens,Forest Hills,40.710550,-73.855820,Private room,383,2,111,2026-07-01,3.80,3,237,28
968232639190407327,Fam-friendly duplex w parking ~ steps to train!,3559865,1462632557842134819,Sarah,Brooklyn,Bedford-Stuyvesant,40.689190,-73.949780,Entire home/apt,425,2,83,2026-07-20,3.13,1,261,39
968356497739578739,Charming studio in heart of SoHo,534416056,1470398420168024563,Ana,Manhattan,SoHo,40.726500,-74.005890,Entire home/apt,308,3,98,2026-07-06,2.99,2,182,37
968796501661082781,Manhattan Brownstone - 2+ bedroom,22088164,1463171239699065893,Chris,Manhattan,East Harlem,40.808116,-73.939863,Private room,250,3,110,2026-08-09,3.39,2,195,48
968819722669063441,Queens Getaway Perfect Location,421062905,1463659463151237246,Anthony,Queens,Cambria Heights,40.688434,-73.731214,Private room,195,1,58,2026-08-02,2.06,6,354,19
968982002561156213,Large cozy and spacious room w/ private bathroom!,473377607,1470134863818367326,Damian,Queens,Jamaica,40.684310,-73.761620,Private room,187,1,44,2026-07-20,1.33,2,270,12
969037168119524983,A Stay At Saints,213755069,1463191487353967820,George,Brooklyn,Cypress Hills,40.676320,-73.892970,Private room,507,1,80,2026-08-09,2.85,1,230,31
969127796395247392,NEW 1 BED Cozy Apt in Astoria,534593981,1470399169845450746,Hazira,Queens,Ditmars Steinway,40.781390,-73.916010,Private room,287,1,35,2026-07-25,0.98,1,267,19
976090280444244992,Garden Suite | Park House at Astoria,40997405,1465610106074504681,Hanna,Queens,Ditmars Steinway,40.783290,-73.918520,Entire home/apt,586,1,14,2026-07-25,1.21,1,247,14
976134439875101380,Cozy and bright bedroom Astoria,229087746,1469220806293354232,Aleks Dar,Queens,Astoria,40.773740,-73.922290,Private room,121,1,154,2026-07-19,4.36,4,335,40
976190720830064747,"Family Brownstone w/ Private Backyard, Train",535500187,1463870123727336997,Lisa,Manhattan,Harlem,40.806554,-73.956802,Entire home/apt,818,1,159,2026-07-28,4.50,4,184,56
976290086007012652,"Historic 3-Bed Brownstone, near Trains",535500187,1463870123727336997,Lisa,Manhattan,Harlem,40.806554,-73.956802,Entire home/apt,688,1,150,2026-07-30,4.23,4,220,52
976766563716249181,"Cozy Duplex Brownstone in Brooklyn, close to city",7911752,1462744388148885432,Archana,Brooklyn,Bedford-Stuyvesant,40.681710,-73.939410,Private room,492,1,114,2026-07-27,3.58,1,221,49
976898757702361060,Large sunny and clean private bedroom is Astoria,229087746,1469220806293354232,Aleks Dar,Queens,Astoria,40.772250,-73.922070,Private room,114,1,163,2026-07-21,4.60,4,345,42
977732692492896948,Great Value 3 beds~ 12 min to Yankees,354988446,1463515781497532760,Johan Kramer,Manhattan,Harlem,40.825420,-73.948450,Entire home/apt,318,3,107,2026-07-22,3.35,2,219,33
977754993026073103,Steps to Madison Square Garden + Breakfast & Gym,446770142,1470012338832828232,Madison Square Garden New York City,Manhattan,Midtown,40.746950,-73.989410,Private room,147,1,190,2026-08-09,5.36,2,194,87
978281778523334764,Cozy Artist 1 Bedroom in Soho,433550048,1469962331172024663,Barb,Manhattan,SoHo,40.726060,-74.004750,Entire home/apt,210,1,134,2026-07-24,3.87,1,4,44
978360232982713232,Brownstone Near Subway & Columbia Uni,535500187,1463870123727336997,Lisa,Manhattan,Harlem,40.806554,-73.956802,Entire home/apt,504,1,139,2026-07-19,3.95,4,242,45
978390068201449135,Cozy private bedroom super close to Manhattan,536643809,1470407556957537145,David And Mila,Queens,Astoria,40.768050,-73.927010,Private room,124,1,147,2026-07-18,4.28,3,325,60
978403972159622065,Large private bedroom 15 min from Manhattan,536643809,1470407556957537145,David And Mila,Queens,Astoria,40.768500,-73.927320,Private room,107,1,127,2026-07-15,3.65,3,309,40
978996864491722615,Luxury Brooklyn Guest Suite,163829123,1468593983581939248,Elizabeth,Brooklyn,Bushwick,40.701080,-73.939400,Entire home/apt,283,1,125,2026-08-01,3.96,1,283,41
979559714970976139,Spacious Apartment NYC Views for 7 p # 10,345231956,1469682626840654976,Alberto,Manhattan,Midtown,40.746130,-73.988600,Entire home/apt,385,1,58,2026-07-18,1.69,4,293,18
980408563480059112,LGA Modest Private Room Near LaGuardia Airport,537121727,1470409532540870646,Angela,Queens,East Elmhurst,40.767460,-73.877240,Private room,162,1,244,2026-07-29,8.22,1,266,80
962347440691906029,Near Broadway | Gym. On-Site Dining. Skyline Views,495061716,1470228299374941307,Hyatt Regency Time Square,Manhattan,Theater District,40.760507,-73.985094,Private room,292,1,136,2026-06-04,3.81,2,238,5
962806116621078911,A private room w/dedicated bath & laundry by BAM,64889149,1462767700367239383,Chieko,Brooklyn,Fort Greene,40.687160,-73.978210,Private room,412,3,12,2026-07-20,0.34,2,361,6
963116369097877691,Stylish 3 Bedroom Walk To Subway,526705559,1470368396300315527,Yaakov,Brooklyn,Prospect-Lefferts Gardens,40.658951,-73.949187,Entire home/apt,416,2,80,2026-08-03,2.23,2,173,26
963371797604061344,Spacious 2BR Suite •Easy St Parking,305089539,1469562132355269930,Reginald,Brooklyn,Canarsie,40.638040,-73.886030,Private room,256,1,88,2026-08-06,3.19,2,305,37
963696212258651543,Exclusive Apartment  428 | Shared Bathroom,401202937,1469841047362978348,Eliza,Manhattan,Midtown,40.746500,-73.988980,Entire home/apt,209,1,51,2026-07-18,1.46,70,148,19
963771864938788099,Chic Private Suite,133216852,1468331243408681463,Meg,Bronx,Longwood,40.818490,-73.908480,Private room,211,2,67,2026-08-08,2.92,1,196,28
969521494667176747,Private Cozy Apartment,534677610,1470399504645171132,Mohammed,Queens,Bellerose,40.727380,-73.730320,Entire home/apt,224,1,69,2026-06-18,2.40,1,355,13
969639647663628867,Beautiful One Bedroom Condo in Soho,23219783,1462624353886227164,Rob,Manhattan,SoHo,40.726140,-74.004710,Entire home/apt,467,2,38,2026-07-03,1.17,2,229,23
969672999368896556,Narnia of Soho / West Village Two bedroom,23219783,1462624353886227164,Rob,Manhattan,SoHo,40.726100,-74.006740,Entire home/apt,481,3,71,2026-07-28,2.00,2,240,26
970213432972312352,Sunny Room + Rooftop Views • Quick NYC Access,116559204,1462909760388443638,Tako,Brooklyn,Bedford-Stuyvesant,40.692280,-73.942780,Private room,337,1,29,2026-07-12,1.10,2,343,6
970214510559318172,Single Private Room 15 Minutes (7) Subway to City,534833529,1470400219134947516,Qing,Queens,Sunnyside,40.748630,-73.912850,Private room,282,1,0,,,1,269,0
970318365895422240,Modern Greenpoint Guesthouse,172649624,1468675798617652819,Jakir,Brooklyn,Greenpoint,40.729790,-73.958950,Entire home/apt,338,2,52,2026-07-23,3.16,1,137,32
970394774041225066,Modern 1BR Exclusive Space in Historic Brooklyn,70564771,1466873607419324003,Karen,Brooklyn,Bedford-Stuyvesant,40.685290,-73.927680,Entire home/apt,307,2,110,2026-07-24,3.08,2,313,44
970956880456551340,Cozy Abode In Brooklyn,534996032,1470400831410830575,Tracy,Brooklyn,Canarsie,40.631090,-73.889220,Private room,119,2,71,2026-07-19,1.99,1,150,32
971014919312107685,Urban Retreat(new listing experienced host),535013029,1470400898144592770,Dawa,Queens,Jackson Heights,40.755150,-73.887700,Private room,135,2,59,2026-06-29,1.96,1,334,21
971017228077053672,Cozy 1BR in Central Astoria – Near LGA & Subway,210547384,1469098537060714359,Robert,Queens,Astoria,40.767990,-73.927350,Entire home/apt,235,1,120,2026-07-23,3.36,1,331,34
971101887044988474,Cozy Sunlit Room + Bath • Easy NYC Access”,116559204,1462909760388443638,Tako,Brooklyn,Bedford-Stuyvesant,40.693700,-73.941410,Private room,353,1,21,2026-02-20,0.85,2,248,3
971574348597854706,Medical Professional Housing V,9130040,1462795647315742292,Candace,Brooklyn,East Flatbush,40.663090,-73.934400,Private room,318,1,14,2025-09-13,0.49,6,365,2
971930833189858191,Cozy Room in the Heart of NYC!,31154454,1465458439622705621,Elliot,Manhattan,Kips Bay,40.741480,-73.982590,Private room,122,1,134,2026-07-22,3.80,1,46,44
971985344645165863,Entire 3BR apt | Central Park | Columbus Circle,269264973,1469422922870206367,Dima,Manhattan,Hell's Kitchen,40.767570,-73.986830,Entire home/apt,543,2,52,2026-08-08,1.47,2,169,19
972573127714248461,High Ceilings Central 1-bed Loft/Washer&Dryer,217852396,1469145920422073160,Evgeniy,Manhattan,Midtown,40.765610,-73.979320,Entire home/apt,446,3,64,2026-07-20,1.81,2,182,23
972617212028384644,Upper Manhattan 3 Bedrooms,534149935,1470397376679989985,Trong,Manhattan,Harlem,40.820720,-73.946960,Entire home/apt,433,1,98,2026-07-25,2.75,2,26,52
972740017700582747,Cuencanita Rooms,130314818,1468305943137218294,Angel,Queens,East Elmhurst,40.760160,-73.888150,Private room,50,1,137,2026-07-31,3.86,3,220,47
972805172969056732,Cuencanita Rooms,130314818,1468305943137218294,Angel,Queens,East Elmhurst,40.760130,-73.885930,Private room,63,1,129,2026-08-10,3.63,3,187,50
973202272068906394,Casa Erika,491281426,1470212055171094027,Sandra,Brooklyn,Cypress Hills,40.687484,-73.875467,Entire home/apt,417,3,39,2026-07-27,1.79,1,19,16
980616234786854392,3BR Penthouse with Massive Private Rooftop,537135281,1470409588267710994,The Sixty Two,Manhattan,Upper East Side,40.760130,-73.958240,Entire home/apt,1703,1,105,2026-07-24,3.25,8,317,43
986771708420366603,Cozy Studio -Downtown Prime Location,148812441,1468456539756256372,Emily,Manhattan,East Village,40.726470,-73.985960,Entire home/apt,371,1,105,2026-05-28,3.09,2,301,38
987082797213735421,Luxury apt near Midtown,538591650,1470415248697771849,Steven,Manhattan,Hell's Kitchen,40.761210,-73.999140,Entire home/apt,584,2,98,2026-08-05,2.93,3,129,25
987157188477759486,"New: Studio Living, The Brooklyn Way!",537469023,1470410915036414493,Hugo,Brooklyn,Gowanus,40.666780,-73.991930,Entire home/apt,368,2,119,2026-07-28,3.45,5,305,43
987496705890384286,The Disco House - Sister Spot,331408793,1469638148379177684,Jesse,Manhattan,Chelsea,40.748180,-74.003890,Entire home/apt,544,1,84,2026-07-26,2.45,1,335,31
987646116404974436,Ultra modern by Riverside,538591650,1470415248697771849,Steven,Manhattan,Hell's Kitchen,40.768600,-73.985890,Entire home/apt,770,2,101,2026-07-31,2.93,3,90,39
987767833411348082,Williamsburg Garden Getaway,184511593,1468953649872432710,Jonathan,Brooklyn,Williamsburg,40.717580,-73.946960,Entire home/apt,493,1,69,2026-08-08,4.44,1,85,61
987909203001078451,New: Charming Bklyn Studio: Pvt yard,537469023,1470410915036414493,Hugo,Brooklyn,Sunset Park,40.664710,-73.992260,Entire home/apt,335,2,115,2026-07-27,3.34,5,284,35
988345754563311046,Charming Harlem Brownstone,339927331,1469664095872947514,Leslie,Manhattan,Harlem,40.817330,-73.945240,Entire home/apt,212,4,57,2026-06-16,1.86,1,145,20
988441125143566860,1 Bedroom heart of Manhattan/steps from subway,538899413,1470416328401334881,Matthew,Manhattan,Midtown,40.742816,-73.983123,Entire home/apt,343,1,87,2026-07-22,2.53,2,274,33
988562668068145519,3 Bed 2 Bath Apartment | Wi-Fi & Linens- 5 to LGA,420975523,1469911216629100365,Will,Queens,Elmhurst,40.736970,-73.885370,Entire home/apt,190,1,39,2026-01-23,1.17,6,308,5
988565130972118914,Guest suite in Crown Heights brownstone,5773254,1462689208977322475,Adam,Brooklyn,Crown Heights,40.676920,-73.955980,Private room,292,2,104,2026-08-01,3.49,1,99,49
988627190607740969,Big 5BR 2BA near Trains in Brooklyn,438371312,1469980685647706331,Brooklyn,Brooklyn,East New York,40.676110,-73.885150,Entire home/apt,656,2,29,2026-06-30,0.86,4,91,6
988687066020965190,BIG 4BR 2BA near Trains in Brooklyn,438371312,1469980685647706331,Brooklyn,Brooklyn,East New York,40.676049,-73.885390,Entire home/apt,673,2,26,2026-06-23,0.79,4,85,7
989037008922411531,Luxury in the Heart of Brooklyn,136024214,1468354945219171568,"Your Space, LLC",Brooklyn,Cypress Hills,40.679570,-73.894650,Entire home/apt,432,1,130,2026-07-12,3.77,7,359,20
989038927149794222,Bed Stuy Brownstone,40533500,1465604011460314538,Michele,Brooklyn,Bedford-Stuyvesant,40.684050,-73.940280,Entire home/apt,120,1,17,2026-08-01,0.54,1,97,7
989041394420392868,Flushing Garden Hotel.,539038184,1470416882610936458,Wenxin,Queens,Flushing,40.769570,-73.833810,Private room,208,1,0,,,1,68,0
989145105968736289,Manhattan 3BR/2BA Near all /steps from subway,539071268,1470417006284900995,Matt,Manhattan,Midtown,40.743970,-73.984210,Entire home/apt,956,1,89,2026-07-27,2.62,1,246,34
989188722816855766,Luxury Oasis in the Heart of Brooklyn,136024214,1468354945219171568,"Your Space, LLC",Brooklyn,Cypress Hills,40.677470,-73.892780,Entire home/apt,432,1,114,2026-07-14,3.29,7,357,23
989225979064990280,"Elegant Retreat, 3 Min to J Train, Near Park",136024214,1468354945219171568,"Your Space, LLC",Brooklyn,Cypress Hills,40.677200,-73.894510,Entire home/apt,1100,1,20,2026-05-31,0.73,7,356,7
989229659443295920,3 Bedrooms near Trains with Laundry,438371312,1469980685647706331,Brooklyn,Brooklyn,Cypress Hills,40.677797,-73.885539,Entire home/apt,530,2,19,2026-01-06,0.56,4,91,3
989273077282515810,1BR Artsy Attic near Trains in Brooklyn,438371312,1469980685647706331,Brooklyn,Brooklyn,East New York,40.676117,-73.885086,Entire home/apt,308,2,19,2025-12-07,0.55,4,59,3
989328318542771011,BIG 4BR 5Beds in Brooklyn near Trains and JFK,483976430,1470178895636323063,Emma,Brooklyn,East New York,40.672570,-73.893270,Entire home/apt,625,2,31,2026-07-17,0.91,3,83,7
989390687371386754,Large 3BR 4Beds in Brooklyn near Trains and JFK,483976430,1470178895636323063,Emma,Brooklyn,East New York,40.675340,-73.893330,Entire home/apt,544,2,35,2026-06-29,1.04,3,91,10
989441394547587311,Luxury in FiDI near Tribeca,538591650,1470415248697771849,Steven,Manhattan,Financial District,40.705980,-74.009360,Entire home/apt,613,2,51,2025-03-15,1.52,3,6,0
989716756428423660,Exclusive Apartment 723 | Shared Bathroom,401202937,1469841047362978348,Eliza,Manhattan,Midtown,40.746780,-73.988910,Entire home/apt,192,1,40,2026-07-09,1.19,70,86,12
989939161066242708,Beautiful Apartment in the heart of Bushwick,539264700,1470417747885830596,Rudee,Brooklyn,Bushwick,40.705316,-73.917531,Private room,369,1,63,2026-07-23,2.16,1,107,16
990420260648778710,"Lovely Apt: Queen Bed, Quiet A/C, Close to Subway",21315876,1463152149469854338,Helen,Manhattan,East Village,40.723535,-73.987346,Entire home/apt,399,2,123,2026-08-08,3.75,1,24,49
990528204399198792,Mott Haven Space,357257077,1469714585693159834,Clarissa,Bronx,Mott Haven,40.807447,-73.914408,Entire home/apt,303,3,40,2026-07-14,1.44,1,86,11
990544420615365923,2 Bedroom retreat/ Near all/ Steps from Subway,539392095,1470418214182744930,Jasmine,Manhattan,Kips Bay,40.741910,-73.982400,Entire home/apt,454,1,76,2026-07-27,2.25,1,258,23
991236862659991689,Bedstuy 3 Bedroom Apartment,664132855,1470666804852955368,Naftali Shneor Zalmen,Brooklyn,Crown Heights,40.676730,-73.942630,Entire home/apt,403,3,78,2026-07-19,2.29,2,335,10
973677543407116406,Private Bathroom. Near Subways. Share with Host,161791702,1468574726933705924,Evelyn,Brooklyn,Brownsville,40.663760,-73.901890,Private room,137,1,44,2026-08-09,3.58,2,203,43
973925725405824793,"Room in New York City, NY near JFK",435413480,1469969615171711452,Anetra,Queens,Jamaica,40.687630,-73.805540,Private room,257,1,0,,,1,248,0
974036792425507586,Private apartemnt 20 min to Manhattan and 15 toLGA,229087746,1469220806293354232,Aleks Dar,Queens,Astoria,40.771300,-73.925020,Entire home/apt,255,1,71,2026-07-20,1.99,4,247,31
974067561235430226,"Spacious 3-Bed Brownstone, near Columbia Uni",535500187,1463870123727336997,Lisa,Manhattan,Harlem,40.806554,-73.956802,Entire home/apt,556,2,167,2026-07-31,4.81,4,221,66
974106237995487073,Modern Apt near Central Park | Family-Friendly,429701112,1469946607271741129,Taylor L,Manhattan,Hell's Kitchen,40.768700,-73.988740,Entire home/apt,870,5,37,2026-07-05,1.33,5,179,8
974111912547734871,Near Central Park | Family-Friendly | 2 Bath,429701112,1469946607271741129,Taylor L,Manhattan,Hell's Kitchen,40.769310,-73.988790,Entire home/apt,1057,3,28,2026-05-28,1.29,5,157,9
974119318572120161,Renovated 1 Bed | In-Unit Laundry | Quiet,429701112,1469946607271741129,Taylor L,Manhattan,West Village,40.732490,-74.004060,Entire home/apt,605,1,36,2026-05-10,1.35,5,125,9
974125072212125485,Near Central Park | Modern | Family-Friendly,429701112,1469946607271741129,Taylor L,Manhattan,Hell's Kitchen,40.767700,-73.986790,Entire home/apt,781,3,38,2026-07-13,1.60,5,158,10
974227248765395489,"Luxury 2 Br 3 Beds 2 Full baths, near JFK Airport.",416794272,1469894922213536127,Yande,Queens,South Ozone Park,40.667730,-73.791795,Private room,350,1,87,2026-08-04,2.95,1,138,32
974595688545830503,Cozy private and quiet bedroom in heart of Astoria,229087746,1469220806293354232,Aleks Dar,Queens,Astoria,40.771410,-73.924350,Private room,96,1,144,2026-07-27,4.06,4,353,47
974927953560232331,Spacious Private Cozy Room 15 minutes to Manhattan,535903730,1470404565891692028,Constantin,Queens,Sunnyside,40.748780,-73.914890,Private room,238,1,8,2026-05-18,0.41,1,179,4
975271247522709915,Charming Meatpacking District Getaway,146181324,1468435394628291087,Anna,Manhattan,West Village,40.740230,-74.008780,Entire home/apt,718,2,57,2026-08-06,1.65,1,83,33
975282423991954507,Suite Dreams - Mulzac Condo w/ Park Views,120625499,1468226999860768620,Thomas,Brooklyn,Bedford-Stuyvesant,40.685080,-73.920900,Private room,172,1,151,2026-07-26,4.68,3,292,26
980616260826796990,3BR Penthouse Suite with Massive Private Rooftop,537135281,1470409588267710994,The Sixty Two,Manhattan,Upper East Side,40.762080,-73.961400,Entire home/apt,798,1,108,2026-07-11,3.11,8,334,29
980617449810787175,Luxury 3BR Duplex w Private Patio in Upper East,537135281,1470409588267710994,The Sixty Two,Manhattan,Upper East Side,40.762080,-73.961400,Entire home/apt,1273,1,94,2026-07-12,2.72,8,319,38
980619691545526997,Top Notch 2-Bed/2-Bath in UES Mins to Central Park,537135281,1470409588267710994,The Sixty Two,Manhattan,Upper East Side,40.762080,-73.961400,Entire home/apt,731,1,268,2026-08-02,7.69,8,355,167
980767574007808177,Upscale Luxury Designer Loft Manhattan,499983688,1470248582372002756,Cam,Manhattan,Tribeca,40.711830,-74.009220,Entire home/apt,550,2,19,2026-06-20,0.55,1,365,10
981183733840544000,"Clean and cozy room in Astoria, steps from train",536643809,1470407556957537145,David And Mila,Queens,Astoria,40.770220,-73.926860,Private room,113,1,155,2026-07-15,4.39,3,349,54
981215096714560429,Downtown Two Bedroom,537297486,1470410111828246175,Raz,Manhattan,Financial District,40.707420,-74.010020,Entire home/apt,711,2,116,2026-08-02,3.35,1,262,27
982130899713091667,Private two bdrm w/ Rooftop Prime Park Slope,537469023,1470410915036414493,Hugo,Brooklyn,Gowanus,40.678530,-73.985120,Entire home/apt,898,2,107,2026-07-23,3.08,5,310,37
982172393543000727,ParkSlope Private Skyline Rooftop | 10 Min to NYC,537469023,1470410915036414493,Hugo,Brooklyn,Gowanus,40.676220,-73.984490,Entire home/apt,920,1,127,2026-08-01,3.65,5,207,51
982809251824941366,Entire floor with private entrance and bathroom.,129864772,1468302010718801922,Miki,Brooklyn,Gowanus,40.670360,-73.993810,Private room,174,1,191,2026-07-27,6.32,1,88,81
982893705254038962,Balcony Private 2 Beds 1 Bath 15 Mins to Manhattan,482505101,1470172760440041557,Gigi,Queens,Woodside,40.744120,-73.911430,Entire home/apt,356,1,31,2026-06-30,0.95,2,347,8
982900189767439245,BLUE room near JFK | UBS arena,71402182,1466883059786255379,Francisco,Queens,Cambria Heights,40.693400,-73.726360,Entire home/apt,174,1,130,2026-08-06,3.70,1,49,51
983167691286253890,Renovated Chelsea Studio,407939379,1469863991149899934,Alex,Manhattan,Chelsea,40.744430,-73.998990,Entire home/apt,474,5,35,2026-05-03,1.12,3,247,12
984206531397675136,"Private room in Queens, NYC",138415206,1468374075270052720,Viviana,Queens,Flushing,40.765740,-73.800740,Private room,186,2,21,2026-06-28,0.74,2,46,4
984547070140734431,Beautiful Private abode with public shared space,97537906,1467175066727266730,Rosalind,Queens,South Ozone Park,40.675376,-73.817651,Private room,253,1,3,2026-06-21,0.15,1,174,2
991257665855152119,Share this Comfy Guest Suite with Host + parking,492703957,1470218500382458582,Zuhro,Brooklyn,Sheepshead Bay,40.586820,-73.942920,Entire home/apt,347,1,60,2026-07-06,1.79,1,256,20
991297220927356270,Midtown NYC Apartment!,15718962,1462969057844775358,Mira,Manhattan,Murray Hill,40.750510,-73.977060,Entire home/apt,396,1,85,2026-08-03,2.56,1,81,22
991327800721394622,Bedstuy 2 bedrooms private patio,436311597,1469973160060591239,Devora,Brooklyn,Crown Heights,40.676430,-73.944590,Entire home/apt,561,1,70,2026-05-17,2.02,7,344,8
991329695425304733,Single Pod - Shared Bath,539563505,1470418905394068882,Pod Hotel,Manhattan,Midtown,40.755698,-73.969160,Private room,309,1,42,2025-09-20,1.48,1,106,6
991331083909142924,2 Bedroom Apartment w laundry,436311597,1469973160060591239,Devora,Brooklyn,Crown Heights,40.676550,-73.943540,Entire home/apt,372,1,70,2026-06-14,2.04,7,352,15
992970965790772607,Steps to Times Square | Full Kitchen. Pet-Friendly,470044067,1470119860314434814,Candlewood Suites Times Square,Manhattan,Hell's Kitchen,40.755520,-73.992000,Private room,183,1,1821,2026-08-10,53.30,1,184,755
992974980287590415,Central Park 4 Bedroom Gem -Rare,539053684,1470416942258925314,Arthur,Manhattan,Upper East Side,40.767320,-73.964820,Entire home/apt,824,2,133,2026-07-19,3.85,1,253,43
992984861561770950,Welcome home,539903195,1470420143249875469,Ligia,Manhattan,Harlem,40.804390,-73.953777,Private room,111,1,17,2026-07-22,3.57,2,158,17
992989780812562339,Vibrant Bed-Stuy Hidden Gem: 2BR,539907102,1470420156176932550,German,Brooklyn,Bedford-Stuyvesant,40.689900,-73.939970,Entire home/apt,505,2,113,2026-07-27,3.38,3,317,39
993376816759109537,Modern NYC Brownstone | Private Room Near Subway,302400370,1469549957012158296,Night Away,Bronx,Mount Hope,40.847540,-73.906900,Private room,139,1,63,2026-07-31,2.11,2,56,10
993465561394161427,Fantastic Flat in a Prime Location!. Shared Unit,374968989,1463557256153154542,Yayel,Brooklyn,East Flatbush,40.637390,-73.936358,Private room,216,1,82,2026-06-10,2.48,1,346,15
993563148062414056,Cozy 2 Bedrooms Brooklyn Retreat,436311597,1469973160060591239,Devora,Brooklyn,Bedford-Stuyvesant,40.678640,-73.944480,Entire home/apt,412,1,64,2026-06-22,1.88,7,360,12
993647929569558279,2 Bedroom w laundry,436311597,1469973160060591239,Devora,Brooklyn,Bedford-Stuyvesant,40.678290,-73.944590,Entire home/apt,373,1,89,2026-07-20,2.61,7,357,28
993701958252290515,Room/office  queens,22699146,1463186235576866768,Michael Lee,Queens,Ozone Park,40.674330,-73.854980,Private room,1198,1,47,2025-01-02,1.44,3,270,0
993726764319807393,Cozy Place in Bushwick/Ridgewood!,86979892,1467046604064812890,Kendrin Peña,Queens,Ridgewood,40.703800,-73.910480,Private room,387,2,88,2026-08-01,3.61,1,106,50
993740332378198800,Affordable Private Room Manhattan | Blue Echo,243489304,1469292343003851680,Jack,Manhattan,Chinatown,40.713880,-73.994390,Private room,148,1,139,2026-07-26,4.20,7,3,48
993753874316344578,Affordable Private Room in Manhattan | Bluebird,243489304,1469292343003851680,Jack,Manhattan,Lower East Side,40.714830,-73.986630,Private room,124,1,152,2026-07-27,4.64,7,5,58
993759176942173865,Central Upper West Side Room,124855093,1468259617956548844,Julia,Manhattan,Upper West Side,40.799763,-73.969642,Private room,298,1,113,2026-08-03,3.28,2,301,43
994196359630313253,Panoramic Water & City Views | Luxury High-Rise,385091169,1469790880323114774,Lane,Manhattan,Financial District,40.709030,-74.011920,Entire home/apt,161,14,15,2026-04-20,0.45,3,252,5
984725303384646166,Cute studio apartment,43823149,1465650913521990867,Lisa,Manhattan,Midtown,40.756110,-73.970000,Entire home/apt,377,1,78,2026-07-17,2.40,1,165,30
985020705862714485,Empire State Studio,538139684,1470413485631258645,Jay,Manhattan,Kips Bay,40.742990,-73.982190,Entire home/apt,257,2,94,2026-07-27,3.49,1,284,41
985029421339482762,New 3Bedroom 2Bath Central Bklyn,538141506,1470413490300790452,Janyce,Brooklyn,Brownsville,40.657676,-73.908395,Private room,413,3,39,2025-12-30,1.30,1,87,6
985049551291889004,Modern and beautiful apt on the Upper West Side,538145202,1470413502599136296,Steven,Manhattan,Upper West Side,40.792260,-73.971900,Entire home/apt,525,2,14,2026-07-20,0.40,4,78,6
985167005975036518,"Big Room near EVERYthing, 20 min Away from Airport",454520414,1463741943245357386,Mondell,Queens,Jamaica,40.685195,-73.776066,Private room,242,1,101,2026-01-01,3.20,2,179,22
985326372803136953,Quite&cozy Room at Brooklyn,503539393,1463852216295504741,Bin,Brooklyn,Bensonhurst,40.613880,-74.001290,Private room,267,2,10,2026-07-19,0.44,1,147,5
985390832322641472,Studio Apartment on Upper East Side,391726245,1469811576987815806,Briken,Manhattan,Upper East Side,40.775410,-73.953280,Entire home/apt,222,1,53,2026-07-29,1.66,1,178,31
985398033818297264,Cozy 1BR in Manhattan/steps from subway,527827931,1470373174710259916,Taylor,Manhattan,Kips Bay,40.741970,-73.982650,Entire home/apt,255,1,57,2026-07-22,1.75,2,260,19
985688634102569248,Historic Bklyn Brownstone Apt #2,419542964,1469905620457505060,Ken,Brooklyn,Bedford-Stuyvesant,40.684150,-73.944330,Shared room,331,1,100,2026-07-21,2.96,1,147,35
985737880167295343,Flushing 1 Bed 1 Bath Apartment,522559910,1470351213697643641,Will,Queens,Flushing,40.759230,-73.819880,Entire home/apt,252,2,12,2026-03-20,0.34,2,224,4
986263425862656510,Gorgeous space near Hells Kitchen and Midtown West,538145202,1470413502599136296,Steven,Manhattan,Hell's Kitchen,40.759620,-73.994680,Entire home/apt,674,3,86,2026-08-02,2.51,4,120,28
986267218100121538,Master suite in Brooklyn!,87036856,1467047176116748252,Ricardo,Brooklyn,Bergen Beach,40.623820,-73.913490,Private room,195,2,25,2026-07-27,0.92,1,266,14
999820797694613492,Cozy Studio 6 people in the Heart Of Manhattan#7,343450886,1469676765865948471,Alberto,Manhattan,Midtown,40.748060,-73.988610,Entire home/apt,369,1,14,2026-07-12,0.41,4,312,1
999964466102080007,Exclusive Apartment 519 | Shared Bathroom,401202937,1469841047362978348,Eliza,Manhattan,Midtown,40.746340,-73.987490,Entire home/apt,220,1,66,2026-08-01,1.97,70,148,23
1000041661179181846,Convenient Apartment Upper East,266818709,1469410914413079817,Nathan,Manhattan,Upper East Side,40.771850,-73.959740,Entire home/apt,330,1,102,2026-07-21,2.97,1,235,35
1000637914058448005,Charming 3 BR Escape in prime Manhattan location,541397825,1470426092201102724,Tusnoda,Manhattan,Midtown,40.743820,-73.982590,Entire home/apt,946,1,70,2026-06-26,2.18,1,264,29
1000691832643780415,Cozy Pre-War Harlem Studio Apartment,10806025,1462575910186597133,Christina,Manhattan,Harlem,40.818540,-73.943410,Entire home/apt,240,1,109,2026-06-15,3.25,2,206,22
1000697739867775924,Spacious 3BR Home w/ Backyard & Private Parking,185784030,1468960950603161515,Gershon,Brooklyn,East Flatbush,40.657050,-73.927190,Entire home/apt,596,2,78,2026-07-30,2.28,2,320,23
1001166370551563656,Modern 3BR Home w/ Private Backyard,185784030,1468960950603161515,Gershon,Brooklyn,East Flatbush,40.658650,-73.926820,Entire home/apt,661,1,101,2026-07-26,3.02,2,295,32
1001343758334590824,Townhome Garden Sanctuary,6368396,1462704679153956359,Timothee,Brooklyn,Crown Heights,40.676657,-73.945631,Private room,314,5,33,2026-07-22,1.27,1,154,3
1001442118570469957,Cypress Hills Cozy BK pvt 2 bedroom,405662122,1469856187616544771,Janine,Brooklyn,Cypress Hills,40.685260,-73.867810,Entire home/apt,428,2,91,2026-07-06,2.66,2,315,30
1001533760739742081,Private Cozy Bohemian,3818314,1462640144486496781,Levi,Brooklyn,Crown Heights,40.664090,-73.930370,Entire home/apt,197,1,198,2026-08-07,5.78,5,85,52
1001535719995297015,Entire Apartment 3 BR | 2 baths | Steps to Soho,269837702,1469425685801777222,Андрей,Manhattan,Civic Center,40.716190,-74.000410,Entire home/apt,632,2,37,2026-06-08,1.10,1,193,19
1001598392441206590,Private Bedroom Suite in Modern Townhome,15185649,1462956239502029325,Beebe,Brooklyn,Bedford-Stuyvesant,40.682800,-73.924320,Private room,216,1,145,2026-08-01,4.71,1,238,62
1001730138556048837,"Entire unit 3BR near LGA, 7Train Citifield, Food",72904238,1466899688633050902,Keqing,Queens,College Point,40.779100,-73.841700,Entire home/apt,342,5,71,2026-07-17,2.08,2,257,12
1002825899474348002,Crown Heightes 4 bedrooms full kitchen,664132855,1470666804852955368,Naftali Shneor Zalmen,Brooklyn,Crown Heights,40.676650,-73.944920,Entire home/apt,570,1,59,2026-06-29,1.74,2,279,11
1003185235835253133,4 beds Lic queens condo 5 minutes to Manhattan,396845074,1469827548392773779,Ally,Manhattan,East Village,40.721590,-73.975170,Entire home/apt,527,5,30,2026-07-25,0.92,9,215,15
1003437049851150279,Sabrina’s Place,508344539,1470285106002404895,Sabrina,Manhattan,Harlem,40.827957,-73.942855,Private room,90,1,181,2026-08-02,5.30,1,230,73
994482767079610455,A sweet escape,390560570,1469807988665654095,Alvin,Queens,Cambria Heights,40.701060,-73.742400,Entire home/apt,277,1,22,2026-06-07,1.06,5,255,6
994873849149042851,Family Studio/ no window by Empire State Building,2450827,1462595435001441983,Nestle,Manhattan,Midtown,40.748200,-73.988620,Entire home/apt,298,1,46,2026-07-24,2.36,3,211,25
995516149051503639,Spacious Apartment w/ Private Bedroom and Bathroom,38653248,1465577953464394336,Michael,Brooklyn,Flatbush,40.652130,-73.963210,Private room,226,2,49,2026-07-20,1.68,1,224,22
995683781967427706,Greenwood Heights Delight - 3BR,540531448,1470422561401020119,Raymond,Brooklyn,Sunset Park,40.659420,-73.994280,Entire home/apt,538,3,118,2026-08-07,3.45,3,303,45
996349061926855284,Exclusive Apartment 820 | Shared Bathroom,401202937,1469841047362978348,Eliza,Manhattan,Midtown,40.746170,-73.988240,Entire home/apt,209,1,24,2026-08-04,0.75,70,141,13
996361712072301966,Exclusive Apartment  219 | Shared Bathroom,401202937,1469841047362978348,Eliza,Manhattan,Midtown,40.746960,-73.988720,Entire home/apt,213,1,41,2026-07-22,1.23,70,174,14
996688489279727538,Ultra modern 1-bdr with Stunning views,46167132,1465690236254511173,NYC Rentals,Manhattan,Hell's Kitchen,40.753000,-73.994450,Entire home/apt,748,2,63,2026-07-24,1.88,4,87,30
997175010827752885,Modern Comfort Near Central Park's Beauty,13444006,1462586394166431663,Nana Boateng,Manhattan,East Harlem,40.799890,-73.940460,Entire home/apt,953,2,22,2024-12-07,0.64,1,156,0
997432199888717593,The Greenwood Gem - 3BR,540531448,1470422561401020119,Raymond,Brooklyn,Sunset Park,40.659790,-73.995590,Entire home/apt,538,2,107,2026-08-02,3.15,3,285,38
997837698254182166,Urban Luxe Hideout – 1 Min to Subway5-Star Comfort,540951976,1470424207835986907,Avinash,Brooklyn,Borough Park,40.646230,-73.997050,Private room,380,1,10,2026-06-06,0.49,1,316,4
997986353932503170,New Apartment in the heart of Upper East Side,391726093,1469811576433338984,Melisa,Manhattan,Upper East Side,40.770560,-73.958550,Entire home/apt,571,1,79,2026-07-20,2.32,6,182,41
998048498640584631,Apartment in NY,110351892,1467334596059244420,Eddie,Bronx,Morrisania,40.829435,-73.900766,Private room,328,3,9,2024-10-24,0.32,1,268,0
998088361998367565,Luxury Penthouse! 2 Bed / 2 Bath + Private Balcony,1462483,1462546505374597813,Danny,Manhattan,Chinatown,40.714440,-73.991550,Entire home/apt,1103,1,77,2026-07-27,2.28,1,150,49
998131337513068593,New: BK Bed-Stuy Charm - 3Bed,539907102,1470420156176932550,German,Brooklyn,Bedford-Stuyvesant,40.689320,-73.940210,Entire home/apt,505,2,102,2026-07-27,2.97,3,318,32
999369329537073695,Master bedroom in great Brooklyn neighborhood,195280273,1469017702300632336,Jacob,Brooklyn,Sunset Park,40.659300,-73.992150,Private room,118,3,99,2026-08-03,3.34,1,220,36
999627702195973740,Greenwood Haven- 1B w/ Pvt Yard,540531448,1470422561401020119,Raymond,Brooklyn,Sunset Park,40.659670,-73.993880,Entire home/apt,348,2,107,2026-08-07,3.11,3,312,34
1011503182332783001,Exceptional space in charming home with bathroom,346024328,1469684923991072989,Agathe,Brooklyn,Windsor Terrace,40.657920,-73.976970,Private room,210,2,11,2026-05-25,0.63,1,57,5
1011653407610821403,Private and quiet bedroom in heart of Astoria,284110817,1469487704694723823,Lucas And Natasha,Queens,Astoria,40.771170,-73.920690,Private room,105,1,142,2026-07-18,4.22,2,350,48
1011664069029780820,LARGE bedroom close to Manhattan and LGA airport,284110817,1469487704694723823,Lucas And Natasha,Queens,Astoria,40.770660,-73.921030,Private room,103,1,163,2026-07-21,4.86,2,324,57
1012337632157511148,Safe & Peaceful Stay in a Clean Home,112776136,1462901665799045711,Miguel,Queens,Springfield Gardens,40.673230,-73.757560,Entire home/apt,293,1,82,2026-08-09,2.48,1,337,30
1013126854297515145,East Side -Lower Manhattan,536707225,1470407785379053423,Carmen,Manhattan,Gramercy,40.737630,-73.983690,Private room,207,2,41,2026-07-20,1.45,1,327,17
1013402113840724461,2 Bedroom Charming East Village,80669033,1466982559192210435,Krom,Manhattan,East Village,40.727090,-73.985560,Entire home/apt,542,3,82,2026-07-25,2.44,4,79,28
1013632155850220616,Family-Friendly Retreat,489957624,1470205758499705988,Fernando,Manhattan,Midtown,40.746000,-73.987320,Entire home/apt,323,1,109,2026-08-03,3.41,7,338,44
1013709156917167615,Broadway’s Family Gem,489957624,1470205758499705988,Fernando,Manhattan,Midtown,40.746530,-73.988960,Entire home/apt,360,1,121,2026-07-29,3.93,7,319,59
1013719008616614306,Private Studio 236 | Private Bathroom,401202937,1469841047362978348,Eliza,Manhattan,Midtown,40.748190,-73.987250,Entire home/apt,388,1,31,2026-08-02,0.96,70,169,12
1013745399413953045,Broadway Family Stay,489957624,1470205758499705988,Fernando,Manhattan,Midtown,40.746310,-73.986860,Entire home/apt,289,1,104,2026-07-21,3.20,7,347,34
1003631615633097311,Tiny TwistedVintage beach/Hot tub  JFK airport,168054716,1468625586267518143,Nanonte,Queens,Rockaway Beach,40.588020,-73.815060,Entire home/apt,270,2,41,2026-07-24,1.55,4,64,17
1004275203463075946,"Crown Heights Utica Av Train, Lincoln Terrace Park",447283837,1470014288214837968,STR Management,Brooklyn,Flatlands,40.617980,-73.929160,Entire home/apt,384,2,87,2026-08-02,2.54,8,119,18
1004424286038543242,Hotel room -test,542302521,1470429633574744868,Shuai,Manhattan,Chinatown,40.713730,-73.991840,Private room,762,1,0,,,1,269,0
1004436707360654479,Hotel Room Shared,335924003,1469650752010109828,Emma,Manhattan,Chinatown,40.714140,-73.993130,Private room,728,1,0,,,1,179,0
1004442886221909241,Affordable Private Room Manhattan | Blue Bell,259468466,1469370793805237561,Jason L,Manhattan,Chinatown,40.713820,-73.994450,Private room,134,1,86,2026-07-26,3.22,2,5,40
1004466409355496588,Relaxing Room w/ Fast Transit to Manhattan & LGA,539071710,1470417007775580463,Cesar,Queens,East Elmhurst,40.767008,-73.867045,Private room,121,1,253,2026-08-09,7.43,1,184,97
1004933046061134895,Bushwick garden room w/ private en suite bathroom,542394098,1470430010019093422,Mark,Brooklyn,Bushwick,40.685870,-73.907350,Private room,137,4,80,2026-08-03,2.78,2,179,22
1004960466960763499,Hidden Gem in New York! Near Bronx Zoo,501999278,1468058277289999419,RoomPicks,Manhattan,Washington Heights,40.847750,-73.931530,Private room,192,1,0,,,147,258,0
1004966777244088455,Enjoy at Metropolitan Museum of Art! Pets Allowed,501999278,1468058277289999419,RoomPicks,Manhattan,Washington Heights,40.847750,-73.931530,Hotel room,180,1,83,2026-07-18,2.54,147,189,3
1004977759124184759,"2 Queen Room, Radio Hotel, Near Attractions",501999278,1468058277289999419,RoomPicks,Manhattan,Washington Heights,40.847750,-73.931530,Hotel room,204,1,22,2026-05-19,0.69,147,318,8
1004979528339732090,"2 Pet-Friendly Units, 2 Queen Room at Radio Hotel",501999278,1468058277289999419,RoomPicks,Manhattan,Washington Heights,40.847750,-73.931530,Hotel room,408,1,2,2024-07-27,0.08,147,317,0
1004983321950071187,Comfort and Relaxation! 3 Pet-friendly Units,501999278,1468058277289999419,RoomPicks,Manhattan,Washington Heights,40.847750,-73.931530,Hotel room,612,1,0,,,147,313,0
1004986421761369903,"4 Family-friendly Units at Radio Hotel, NYC!",501999278,1468058277289999419,RoomPicks,Manhattan,Washington Heights,40.847750,-73.931530,Hotel room,816,1,1,2024-07-07,0.04,147,311,0
1005170940682176047,"Cozy Studio ground level near BUS/LIRR, Food",508605356,1470286308691340311,Linda,Queens,Fresh Meadows,40.738880,-73.788910,Shared room,128,1,89,2026-07-20,2.67,1,230,19
1005207590507549831,Private Room 1Bd Apt in Astoria,47657014,1462707366284085442,Ozge,Queens,Astoria,40.766730,-73.920430,Private room,206,3,37,2026-06-16,1.09,1,167,6
1006068540323632978,Cozy Guest Suit w/ private bath / King size bed,72904238,1466899688633050902,Keqing,Queens,College Point,40.780590,-73.842510,Private room,147,5,74,2026-07-27,2.19,2,226,11
1006681477271989960,Three Bedroom West Village Townhouse!,370216107,1469748576383901189,Joan,Manhattan,Greenwich Village,40.734170,-73.995750,Entire home/apt,1072,2,89,2026-08-02,2.70,1,82,38
1006786464665372746,"Cozy private room near BUS/LGA Flushing, 7 Train",530349907,1470382753655878395,Wei,Queens,College Point,40.780560,-73.842910,Private room,153,5,65,2026-07-27,1.90,1,243,12
1007516902054061885,Modern 6 Bedroom 3 full bath steps from train,542891587,1470431958804891162,Halel,Brooklyn,Crown Heights,40.670670,-73.939310,Entire home/apt,572,1,14,2026-07-05,1.46,3,254,14
1008073352246997879,Gorgeous Triplex w/ Roof Deck - Luxe 5 Star Stay,148272313,1468452427678333204,Steven,Manhattan,Kips Bay,40.744530,-73.976570,Entire home/apt,881,2,142,2026-07-28,4.25,2,114,46
1008246140374586613,Blue Oasis: Nautical Themed Deluxe Priv Room - NYC,543039050,1470432471051797306,Anna,Queens,Sunnyside,40.736980,-73.925760,Private room,113,1,100,2026-07-24,4.36,1,197,54
1008301599260572123,Cozy private room near Bus/LGA/Flushing/US Open,76667010,1466939911606259447,Xiao,Queens,College Point,40.782181,-73.841977,Private room,126,5,80,2026-07-20,2.35,2,245,11
1008315491855065333,"Cozy Studio New Furbished, near Bus/ LGA/ Flushing",76667010,1466939911606259447,Xiao,Queens,College Point,40.780140,-73.842500,Entire home/apt,161,3,79,2026-08-10,2.32,2,238,18
1014296846467270142,Family Serenity Spot,489957624,1470205758499705988,Fernando,Manhattan,Midtown,40.746380,-73.988840,Entire home/apt,323,1,108,2026-07-28,3.45,7,322,49
1014319983262481470,Studio Fun for Families,489957624,1470205758499705988,Fernando,Manhattan,Midtown,40.746260,-73.988400,Entire home/apt,237,2,88,2026-07-30,2.62,7,345,24
1014367358598054830,Luxury and stylish Place to stay in Brooklyn,544242805,1470437367745777080,Jilly,Brooklyn,Sheepshead Bay,40.606520,-73.957770,Private room,248,2,97,2026-07-16,3.40,1,61,37
1014634140531499728,The Central at 5th,83737179,1467013141447778353,Ashley,Manhattan,Midtown,40.756743,-73.977333,Private room,1368,5,0,,,1,263,0
1014637467272403256,Compact 1BDR-sleeps 4-Times SQ,228715959,1463230146173777361,Riki G,Manhattan,Hell's Kitchen,40.760030,-73.991970,Entire home/apt,244,1,110,2026-07-26,3.28,1,120,40
1014762144431371619,Visit NYC in a private room.,544331763,1470437771113560318,Ruben,Brooklyn,Cypress Hills,40.689600,-73.868900,Private room,125,3,83,2026-07-20,3.08,1,85,33
1015357234838303151,Napping M & L Train AC TV WiFi AC Netflix Bushwick,527022914,1470369882835555672,Roderick,Brooklyn,Bushwick,40.697980,-73.924650,Private room,128,1,139,2026-07-26,4.18,4,363,54
1015390252345027742,Brand new King size 1 bedroom 15 min to Manhattan,544139543,1470436975826628251,Eugene,Queens,Astoria,40.764500,-73.917580,Entire home/apt,298,2,115,2026-07-07,3.46,1,238,44
1015858565969239450,Main floor | King bed 2 TVs | 1 mn walk to subway,99941956,1462870237435442686,Dini,Brooklyn,East New York,40.674960,-73.879470,Private room,269,1,74,2026-04-05,2.23,2,241,10
1016062872267819040,Sunny + Stylish 3Bd - Greenpoint,238554889,1469269235988965359,Christopher,Brooklyn,Greenpoint,40.722450,-73.948000,Entire home/apt,707,1,25,2026-07-23,0.81,1,65,11
1016124375833661253,"Guest Suite in Queens, New York",181473459,1468751400287074804,Justin,Queens,Ditmars Steinway,40.778930,-73.908040,Entire home/apt,220,2,96,2026-08-03,3.38,1,263,43
1016268870420191920,Penthouse 2 bedsroom 2 bathroom NYC skyline views,396845074,1469827548392773779,Ally,Manhattan,Roosevelt Island,40.751250,-73.959790,Entire home/apt,1080,3,49,2026-07-25,1.50,9,309,14
1016295447412845534,Cozy Room with Private Backyard,91445933,1462851210035433315,Adam,Manhattan,Hell's Kitchen,40.764740,-73.993530,Private room,207,1,93,2026-07-29,2.80,6,97,32
1016618958526024089,Modern 3 Bed 2 Bath East Village,80669033,1466982559192210435,Krom,Manhattan,East Village,40.723750,-73.980130,Entire home/apt,817,3,79,2026-07-19,2.36,4,256,25
1016707139766409388,Private Guest Suite in Windsor Terrace,1384388,1462544361989255114,Georgia,Brooklyn,Windsor Terrace,40.655140,-73.974288,Entire home/apt,274,1,77,2026-08-01,4.80,1,270,56
1024218171809513483,Big 1 Bedroom in Financial Dist.,7121035,1462723944900713075,Peter,Manhattan,Financial District,40.710450,-74.013030,Entire home/apt,388,1,10,2026-06-12,0.36,1,162,3
1024579897243722832,Classic one bedroom suite,546474620,1470445797442526248,,Manhattan,Financial District,40.708058,-74.001438,Private room,409,1,0,,,15,365,0
1024579897371081885,Brooklyn Bridge premier king terrace,546474620,,,Manhattan,Financial District,40.708058,-74.001438,Private room,409,1,0,,,15,362,0
1024580332878266680,Superior courtyard king,546474620,,,Manhattan,Financial District,40.708058,-74.001438,Private room,409,1,4,2026-01-03,0.27,15,362,1
1024580338349589652,Deluxe front street two queens ada,546474620,,,Manhattan,Financial District,40.708058,-74.001438,Private room,359,1,0,,,15,340,0
1024580565749976452,Brooklyn Bridge grand terrace suite,546474620,,,Manhattan,Financial District,40.708058,-74.001438,Private room,379,1,0,,,15,351,0
1024580574888607407,Deluxe front street two queens,546474620,1470445797442526248,,Manhattan,Financial District,40.708058,-74.001438,Private room,449,1,3,2026-05-19,0.23,15,357,2
1024580808404229389,Seaport king terrace,546474620,1470445797442526248,,Manhattan,Financial District,40.708058,-74.001438,Private room,473,1,0,,,15,363,0
1024580827050493344,Deluxe front street king ada,546474620,,,Manhattan,Financial District,40.708058,-74.001438,Private room,379,1,1,2026-07-26,1,15,352,1
1024581059057219906,Loft two queens,546474620,,,Manhattan,Financial District,40.708058,-74.001438,Private room,439,1,0,,,15,362,0
1024581071004226410,Deluxe peck slip king,546474620,1470445797442526248,,Manhattan,Financial District,40.708058,-74.001438,Private room,409,1,6,2025-12-19,0.25,15,357,4
1024581285424412055,Premier front street king terrace,546474620,,,Manhattan,Financial District,40.708058,-74.001438,Private room,309,1,0,,,15,352,0
1024581340336070362,Brooklyn bridge suite terrace,546474620,1470445797442526248,,Manhattan,Financial District,40.708058,-74.001438,Private room,439,1,0,,,15,345,0
1024581556862500954,Deluxe front street king ada,546474620,,,Manhattan,Financial District,40.708058,-74.001438,Private room,409,1,0,,,15,364,0
1024581575708710995,Loft king,546474620,,,Manhattan,Financial District,40.708058,-74.001438,Private room,459,1,0,,,15,222,0
1024581800143161453,Classic one bedroom suite ada,546474620,,,Manhattan,Financial District,40.708058,-74.001438,Private room,439,1,0,,,15,358,0
1024603235202612986,Central and Cozy apartment in UES,495796281,1463837725363587298,Bella,Manhattan,Upper East Side,40.770390,-73.960320,Entire home/apt,562,1,32,2026-06-28,1.00,5,186,3
1025026416481257890,Prime soho 2 bedroom,80669033,1466982559192210435,Krom,Manhattan,Greenwich Village,40.728010,-74.001130,Entire home/apt,667,3,74,2026-07-12,2.27,4,59,23
1025196908687141792,Miles’ Place -Private Lux Suite Stylish Minimalist,29691865,1465436794772351990,Michael,Brooklyn,Bedford-Stuyvesant,40.683050,-73.933560,Private room,291,1,106,2026-08-03,3.23,1,42,28
1025361914984992126,1BR close to LaGuardia,546646393,1470446560175721433,Su,Queens,East Elmhurst,40.765210,-73.875970,Private room,143,1,76,2026-08-10,5.00,1,80,60
1025424243538257181,Cozy SubLevel 2 Beds 15 Minutes from Grand Central,482505101,1470172760440041557,Gigi,Queens,Sunnyside,40.748090,-73.913630,Entire home/apt,346,1,24,2026-06-06,0.74,2,250,4
1025562306847191878,Room 3 (14 minutes by train from Times Square),280339236,1469474478539680837,Victoria,Queens,Long Island City,40.754520,-73.935300,Private room,132,1,189,2026-07-26,5.77,1,209,49
1025674753621522316,Chic 3br Brooklyn Home|Backyard Oasis Near Subway,195024069,1469016300562889944,Christina,Brooklyn,Crown Heights,40.676107,-73.910029,Private room,386,2,127,2026-07-26,3.84,1,314,43
1025734531838511626,Entire 2BR Apartment near Flushing Bus 7Train LGA,100573908,1467207621898068169,Jay,Queens,College Point,40.780920,-73.844040,Entire home/apt,238,3,71,2026-08-06,2.16,2,254,17
1008957074079095931,Cozy modern full studio in the heart of Manhattan,6742535,1462714177979271716,Sonia,Manhattan,East Village,40.732730,-73.986490,Entire home/apt,269,1,64,2026-05-31,1.88,1,146,24
1008987937555990345,Central Park modern studio,7139930,1462724439701754963,Regina,Manhattan,Upper East Side,40.770710,-73.960070,Entire home/apt,409,3,39,2024-12-15,1.16,2,89,0
1009711786804562856,Beautiful Home in Brooklyn,108030899,1467309130812692250,Frank,Brooklyn,East Flatbush,40.645200,-73.946950,Shared room,969,1,60,2026-06-27,1.95,1,315,20
1010215062154388163,Brooklyn oasis,388071431,1463586443648783628,Shaneice,Brooklyn,East Flatbush,40.661550,-73.922960,Private room,283,1,51,2026-08-04,2.18,1,340,23
1010237549953170592,Private Rooms in Prospect Heights (Steps to Park!),518799877,1470334363910249729,Angel,Brooklyn,Prospect Heights,40.678280,-73.964250,Private room,542,2,49,2026-06-23,1.82,2,360,13
1010503905929192028,Steps to Times Square | Free Breakfast & Fitness,479247124,1470158911749356580,Times Square South New York City,Manhattan,Hell's Kitchen,40.757240,-73.992360,Private room,196,1,1445,2026-08-09,42.96,2,219,795
1010631999598223279,Sweet Family Studio,489957624,1470205758499705988,Fernando,Manhattan,Midtown,40.747970,-73.988440,Entire home/apt,304,1,92,2026-07-29,2.77,7,323,38
1010673362514237824,Charming Family Nest,489957624,1470205758499705988,Fernando,Manhattan,Midtown,40.746690,-73.988890,Entire home/apt,324,1,112,2026-07-29,3.43,7,343,43
1010720661942382329,Victorian Private Guest Suite,290343,1462514828461153532,Michael,Brooklyn,Flatbush,40.641920,-73.967390,Private room,228,4,45,2026-07-20,1.64,2,6,22
1010768775628092224,"2 Separate Studios, 1 private bath, Chelsea NYC",526312424,1470366964013070657,Mona,Manhattan,Chelsea,40.745066,-74.001566,Entire home/apt,443,1,95,2026-07-17,2.82,3,250,33
1018042935230242018,"Spacious-Hidden-Midtown Gem, Perfect 5-Star Stay!",148272313,1468452427678333204,Steven,Manhattan,Murray Hill,40.745880,-73.976350,Entire home/apt,776,1,133,2026-07-21,3.99,2,122,44
1018280359573876973,Cozy and chic UES 1 Bed,493212331,1470220661574862462,Vladimir,Manhattan,Upper East Side,40.774998,-73.952457,Entire home/apt,742,1,80,2026-08-04,2.40,1,116,28
1018603418659603741,Luxury Waterfront and Statue of Liberty view,539707920,1470419417938273306,John,Manhattan,Financial District,40.707690,-74.014490,Entire home/apt,378,3,7,2026-05-24,0.22,1,5,1
1018771987843520425,Prime 1BR located in heart of Manhattan/ Near All,538899413,1470416328401334881,Matthew,Manhattan,Midtown,40.743150,-73.982100,Entire home/apt,499,1,69,2026-07-23,2.11,2,268,23
1019091036096678857,Entire unit 2Bedroom near Flushing 7Train Citified,100573908,1467207621898068169,Jay,Queens,College Point,40.780970,-73.842650,Entire home/apt,242,5,74,2026-08-06,2.21,2,247,15
1019579688985727052,Ideal Mix of Comfort and Value! Pets Allowed,501999278,1468058277289999419,RoomPicks,Brooklyn,Williamsburg,40.715480,-73.952760,Private room,286,1,1,2026-01-03,0.14,147,335,1
1019618568571379980,Cozy 3BR/2BTH w/balcony,486462988,1470189669410210935,Tyler,Queens,Rosedale,40.655080,-73.742000,Private room,329,1,37,2026-07-19,1.23,1,352,13
1019720628472155850,"Victorian Flatbush Solar, HIgh Speed Internet",537177791,1470409795664697546,Jonathan,Brooklyn,Flatbush,40.638990,-73.965740,Private room,232,1,142,2026-07-20,4.52,1,300,53
1020291488212743193,Modern Union St Suite 3BR Near Utica Ave Subway,447283837,1470014288214837968,STR Management,Brooklyn,Prospect-Lefferts Gardens,40.656420,-73.954260,Entire home/apt,425,2,59,2026-08-05,1.81,8,191,13
1020660300348971167,Comfy Room in Hell's Kitchen,91445933,1462851210035433315,Adam,Manhattan,Hell's Kitchen,40.762930,-73.993630,Private room,189,1,83,2026-07-26,2.49,6,123,31
1021014944535778418,1 Bedroom located in heart of Manhattan/ Near all,223374565,1469184201885952707,Christine.Michelle,Manhattan,Midtown,40.743960,-73.982690,Entire home/apt,487,1,71,2026-07-20,2.17,2,267,24
1026171552511575057,Historic 2 Bedroom in Crown Heights -Short Term,498261699,1463842473948206749,Gregory,Brooklyn,Crown Heights,40.671450,-73.946680,Entire home/apt,379,1,83,2026-08-08,2.87,2,36,35
1026414843857482028,Walk to One World Trade + Fitness Room & Wi-Fi,474812824,1470140929531209320,Holiday Inn New York City,Manhattan,Financial District,40.707810,-74.008920,Private room,172,1,749,2026-08-10,22.58,2,160,310
1026759746975641390,"St. Regis Hotel, New York, 1 King BR Suite",410098547,1469871841465805905,Michael,Manhattan,Midtown,40.761398,-73.974613,Private room,1597,1,2,2026-06-28,0.07,1,177,1
1026930869517663727,AKA Times Square - Studio Platinum with Sleep Den,176950781,1468713843233332236,AKA Times Square,Manhattan,Theater District,40.757750,-73.985270,Private room,521,7,1,2024-12-16,0.05,17,361,0
1026958200440279982,Cozy 2BR with 2BA near Trains,483976430,1470178895636323063,Emma,Brooklyn,East New York,40.674840,-73.891770,Entire home/apt,460,2,30,2025-11-04,1.00,3,82,5
1026958598499558284,AKA Times Square - Two Bedroom Signature Platinum,176950781,1468713843233332236,AKA Times Square,Manhattan,Theater District,40.755760,-73.985220,Private room,819,7,12,2026-06-18,0.44,17,361,2
1027191919081337511,"5 bdrm, 2 bath apt on Manhattan’s Upper West Side!",492313000,1470216860197705760,Heather,Manhattan,Upper West Side,40.797540,-73.964700,Entire home/apt,803,2,190,2026-08-09,5.96,1,166,73
1027513163797598666,Cityline Apartment,455329279,1470048751592134165,Suresh,Brooklyn,Cypress Hills,40.678122,-73.867600,Entire home/apt,258,1,58,2026-07-26,2.25,1,361,34
1027518763993844240,Lovely Harlem Brownstone Oasis,33456921,1465489550637453176,Adam,Manhattan,Harlem,40.811160,-73.944670,Private room,303,1,89,2026-07-25,3.59,1,118,49
1027584986416827955,Quiet safe room in NYC near metro,25414207,1465342188443840351,Brooklyn P,Brooklyn,Bushwick,40.687010,-73.917710,Private room,148,1,99,2026-07-12,2.99,8,326,26
1027775162141297216,2BR Midtown West • 2 King Beds • Near Times Square,534747732,1470399835791907373,Mikalai,Manhattan,Hell's Kitchen,40.763130,-73.992910,Entire home/apt,672,1,93,2026-07-20,3.00,2,232,34
1028210591958989521,Crown Heights BK Apt 2bdrm 4fl Train,447283837,1470014288214837968,STR Management,Brooklyn,Crown Heights,40.666280,-73.939040,Entire home/apt,257,2,88,2026-07-27,2.70,8,32,26
1028322429577330288,2 privates rooms in 1 place!,95021270,1467145585261194583,Valerie,Queens,Woodside,40.754010,-73.905230,Private room,275,1,6,2026-05-29,0.22,2,204,2
1028341381102136591,雅居,145523053,1468430196804288494,Hong,Brooklyn,Bensonhurst,40.611960,-73.999359,Private room,175,1,146,2026-08-09,5.07,1,179,56
1028470137032892866,New York City uptown.,373150308,1469757638063047085,Ana And Luis,Manhattan,Inwood,40.868840,-73.925210,Entire home/apt,312,2,111,2026-07-27,3.36,1,130,40
1028834725459414626,Cozy Central Park Studio for 3,539907489,1470420156940455724,Edward,Manhattan,Upper East Side,40.781500,-73.946600,Entire home/apt,342,1,2,2023-12-27,0.06,1,63,0
1029019279588298736,True Soho Artist Loft,156826367,1468529756630874815,Chris,Manhattan,SoHo,40.720360,-74.000310,Entire home/apt,962,1,43,2026-07-19,1.35,1,12,31
1029024468197803771,Exclusive Studio 630 | Private Bathroom,401202937,1469841047362978348,Eliza,Manhattan,Midtown,40.746340,-73.986630,Entire home/apt,260,1,25,2026-07-25,0.89,70,137,8
1029119321407305746,Ultimate NYC Getaway! Pet-friendly Accommodation!,501999514,1470257160985456019,RoomPicks,Manhattan,Midtown,40.756090,-73.971080,Hotel room,419,1,1,2025-09-01,0.09,20,335,1
1029125365022473668,Big Apple Escape! Near Rockefeller Center!,501999514,1470257160985456019,RoomPicks,Manhattan,Midtown,40.756090,-73.971080,Hotel room,389,1,2,2025-08-13,0.16,20,355,2
1029128244805089224,Family & Friends Escape! Just Few Steps to MoMA!,501999514,1470257160985456019,RoomPicks,Manhattan,Midtown,40.756090,-73.971080,Hotel room,392,1,0,,,20,322,0
1029148916384970318,Artist Home Suite (3 Min to Train) - Apt 1,64763250,1466800814460136372,Maria,Brooklyn,Bedford-Stuyvesant,40.677070,-73.916810,Private room,304,2,37,2026-07-27,1.16,1,162,18
1034897833823176761,Entire 2 bedrooms Apt Short Walk to UN/Times Sq,217849860,1469145895735121390,Svetlana,Manhattan,Midtown,40.751820,-73.971310,Entire home/apt,613,2,60,2026-07-21,1.86,1,200,17
1035063789755603504,1 private Room in Lower East,495796281,1463837725363587298,Bella,Manhattan,Chinatown,40.717710,-73.993380,Private room,207,1,46,2025-06-19,1.46,5,104,0
1035503974195948507,Soho Luxury Artist Loft 1800 SQFT,12268556,1462883863418807338,Carlos,Manhattan,SoHo,40.723950,-74.006180,Entire home/apt,976,2,21,2026-07-01,0.86,1,182,10
1035513445878037862,Brooklyn luxury Apt 25m from wall st & time square,450380788,1470028046172203597,Rybner,Brooklyn,Boerum Hill,40.687140,-73.982080,Entire home/apt,932,1,108,2026-07-26,3.40,1,321,33
1035513737232864814,Elegant Stay with Stunning Views! Pets Allowed!,501999514,1470257160985456019,RoomPicks,Manhattan,Murray Hill,40.748440,-73.978040,Private room,428,1,0,,,20,293,0
1035517422998461912,NYC Exploration Made Easy! Pets are Allowed Here,501999514,1470257160985456019,RoomPicks,Manhattan,Murray Hill,40.748440,-73.978040,Private room,534,1,0,,,20,269,0
1035526995070841324,Modern Sanctuary! Near Grand Central Terminal!,501999514,1470257160985456019,RoomPicks,Manhattan,Murray Hill,40.748440,-73.978040,Private room,705,1,0,,,20,312,0
1035528921013784774,"East Side Escape! 2 Posh Units, Pets Allowed",501999514,1470257160985456019,RoomPicks,Manhattan,Murray Hill,40.748440,-73.978040,Private room,1230,1,0,,,20,312,0
1035641818891250209,Central Specious 3 Bedroom Apt,548166230,1470452438313057179,Fontaine Tulayn,Manhattan,Murray Hill,40.746360,-73.978820,Entire home/apt,551,1,162,2026-07-27,4.96,1,110,52
1035678410792274896,Modern Cozy Nest located on UES/Central Park,2386050,1462593678851166901,Aldee,Manhattan,Upper East Side,40.770950,-73.957130,Entire home/apt,404,2,68,2026-07-16,2.08,1,169,28
1036133789600061839,Modern Bronx High-Rise | Work Space | Lounge,30283594,1465445680495565156,Global Luxury Suites I,Bronx,Port Morris,40.809887,-73.930610,Entire home/apt,161,1,9,2025-11-26,0.28,77,364,2
1036302925052852340,Central Park Bliss 3Bed Home,544149611,1470437013853273628,Elodia,Manhattan,Upper West Side,40.800410,-73.960420,Entire home/apt,364,2,90,2026-07-09,2.75,1,124,34
1036309838728178575,"New, 15min from Manhattan, AC, M Fridge, S TV",203890641,1469063895840860489,Vinicius,Queens,Ditmars Steinway,40.775940,-73.903910,Private room,209,2,64,2026-07-26,2.24,5,242,19
1036373982586690237,Manhattan Stay! Explore NYC from Murray Hill Base,501999514,1470257160985456019,RoomPicks,Manhattan,Murray Hill,40.748440,-73.978040,Private room,639,1,1,2025-12-20,0.13,20,299,1
1036374813343214555,Enjoy Urban Oasis Near Rockefeller Center!,501999514,1470257160985456019,RoomPicks,Manhattan,Murray Hill,40.748440,-73.978040,Private room,546,1,0,,,20,305,0
1036380090895156234,3 Pet-Friendly Units! Near Empire State Building,501999514,1470257160985456019,RoomPicks,Manhattan,Murray Hill,40.748440,-73.978040,Private room,1728,1,0,,,20,307,0
1036945730394332398,Cozy accommodation Little Italy,548991436,1470455842513865352,Victor,Manhattan,Chinatown,40.718080,-73.996750,Entire home/apt,538,2,111,2026-08-03,3.44,1,225,41
1036968899079873494,Midtown East Entire 2 BR/Near UN and Central Park,217852396,1469145920422073160,Evgeniy,Manhattan,Midtown,40.757790,-73.967740,Entire home/apt,456,3,55,2026-05-25,1.69,2,208,24
1037197830785216680,Heart of Columbia Uni- Entire Room + En-suite bath,36063879,1462670763999541109,Antoni,Manhattan,Upper West Side,40.803643,-73.965837,Private room,476,1,69,2026-06-27,2.14,1,259,18
1021120228485048462,Chic Retreat in the Heart of Brooklyn!,545634534,1470442551846910329,Israel,Brooklyn,Crown Heights,40.676329,-73.943537,Entire home/apt,668,2,55,2026-08-04,1.69,2,144,22
1021167820214545600,Stylish Park Ave Retreat+Rooftop,91436483,1467105204557796801,Tom,Manhattan,Murray Hill,40.748090,-73.979730,Entire home/apt,451,1,80,2026-07-26,2.40,1,256,33
1021671515623364753,CH Gem near Kingsbrook/downstate,447283837,1470014288214837968,STR Management,Brooklyn,Crown Heights,40.674250,-73.938140,Entire home/apt,477,2,85,2026-07-26,2.63,8,38,24
1021725640792380276,NYC private room near LGA -8 min city centre,187590624,1468971323964386271,Jean,Queens,Queens Village,40.708610,-73.740670,Private room,95,1,117,2026-07-20,3.84,1,269,27
1021738415510509168,Casa Tua Harlem (Short term),183787653,1468949857626684285,Christopher,Manhattan,Harlem,40.810550,-73.941370,Shared room,694,2,74,2026-07-23,2.41,2,292,25
1021965378817390715,"Modern NYC Stay:NearAirports,2 min walk to subway",488793365,1470199973973091429,Misbau,Brooklyn,East New York,40.666098,-73.893198,Private room,105,1,231,2026-08-02,7.34,7,330,86
1022311659837669027,Brooklyn Apt w/ roof deck and city views,515591097,1470319306929757946,Ayanna,Brooklyn,Crown Heights,40.674880,-73.930110,Private room,423,1,41,2026-06-28,1.27,1,257,16
1023157172581342378,Prime 1 Bedroom in NYC/ Walk to all,223374565,1469184201885952707,Christine.Michelle,Manhattan,Midtown,40.743620,-73.984000,Entire home/apt,499,1,63,2026-07-16,1.92,2,248,21
1023307480793588649,Luxury 2 Bedrooms w laundry,436311597,1469973160060591239,Devora,Brooklyn,Bedford-Stuyvesant,40.678260,-73.944930,Entire home/apt,344,1,67,2026-07-26,2.11,7,365,14
1023417053729543490,Modern Elegance,546223210,1470444788409700654,Shedina,Brooklyn,East New York,40.669120,-73.892340,Entire home/apt,278,2,96,2026-08-01,3.34,1,139,34
1023500902948498040,Steps from Wall Street | Free Breakfast + Gym,474812165,1470140926360287523,Holiday Inn Express Wall Street New York City,Manhattan,Financial District,40.704480,-74.006750,Private room,211,1,249,2026-08-04,7.48,2,226,147
1023505747100753005,Near JFK Airport + Free Shuttle. Dining. Fitness.,445703386,1470008418160471713,JFK New York City,Queens,South Ozone Park,40.666700,-73.805470,Private room,216,1,128,2026-08-09,3.96,2,363,75
1023555479605761306,SunnyHome 9,45600001,1465677438969274440,Amy,Queens,Little Neck,40.772080,-73.734070,Private room,87,1,101,2026-07-01,3.14,3,11,30
1023812249195453762,Spend New Year's Eve in Midtown NYC! 12/30-1/3/26,42379690,1465630173417679003,David,Manhattan,Midtown,40.752656,-73.972480,Private room,500,3,0,,,1,164,0
1023860576551144172,Heart of NYC - Gem2BR2BA,270538792,1469428978341022781,Retta,Manhattan,Kips Bay,40.739810,-73.984240,Entire home/apt,837,3,67,2026-07-30,2.10,1,158,27
1023880033177692143,"Crown Heights luxury beauty, Garden, Subway, 3br",447283837,1470014288214837968,STR Management,Brooklyn,East Flatbush,40.661770,-73.935210,Entire home/apt,402,1,76,2026-08-09,2.48,8,182,20
1029317224873552477,Quiet Apartment w/ Private Patio & Laundry,59051417,1462741677118771295,Kai,Manhattan,Kips Bay,40.739530,-73.982040,Entire home/apt,369,1,87,2026-08-04,2.64,4,117,38
1029713156755566284,Supreme Queen Rooms in Brooklyn at The Penny,547551734,1470449940954971560,,Brooklyn,Williamsburg,40.715507,-73.952724,Private room,199,1,2,2026-06-10,0.23,6,335,2
1029752862113650417,2 Units Close to Iconic MOMA and Central Park!,501999514,1470257160985456019,RoomPicks,Manhattan,Midtown,40.756090,-73.971080,Hotel room,862,1,0,,,20,344,0
1029753759407075573,"3 Stylish Units near MOMA, Central Park and more!",501999514,1470257160985456019,RoomPicks,Manhattan,Midtown,40.756090,-73.971080,Hotel room,1439,1,0,,,20,339,0
1029766290483905399,2 Pet-friendly Units w/ Kitchen! Minutes to MoMA!,501999514,1470257160985456019,RoomPicks,Manhattan,Midtown,40.756090,-73.971080,Hotel room,778,1,4,2025-06-30,0.12,20,355,0
1029768598914791090,Great Amenities! 3 Spacious Units w/ Kitchen!,501999514,1470257160985456019,RoomPicks,Manhattan,Midtown,40.756090,-73.971080,Hotel room,1123,1,0,,,20,351,0
1029776177395261809,Modern Comforts: Central & Cozy.,523899442,1470357000707294933,Prestige NYC,Manhattan,Hell's Kitchen,40.759840,-73.990870,Entire home/apt,595,1,67,2026-07-29,2.06,1,173,29
1029780342115548841,Short-drive to LaGuardia Airport! Onsite Parking!,501999514,1470257160985456019,RoomPicks,Manhattan,Midtown,40.756090,-73.971080,Hotel room,344,1,7,2026-02-15,0.22,20,344,1
1029783191207154739,"Prime Setting in Midtown: Walk to 5th Avenue, MoMA",501999514,1470257160985456019,RoomPicks,Manhattan,Midtown,40.756090,-73.971080,Hotel room,367,1,0,,,20,306,0
1029788344197600674,Visit Iconic Museums! 2 Spacious Units w/ Kitchen!,501999514,1470257160985456019,RoomPicks,Manhattan,Midtown,40.756090,-73.971080,Hotel room,791,1,0,,,20,292,0
1029791210554209668,Steps to Attractions! 3 Spacious Units Near MoMA!,501999514,1470257160985456019,RoomPicks,Manhattan,Midtown,40.756090,-73.971080,Hotel room,1159,1,0,,,20,277,0
1029872184146517556,Harlem: Cozy Elegance & Culture,490227353,1470206900583570398,Rental,Manhattan,East Harlem,40.790450,-73.947670,Entire home/apt,305,3,71,2026-04-21,2.16,1,126,15
1030038657520362227,Spacious and Central + Roofdeck,547590625,1470450081522441776,Edoardo,Manhattan,Murray Hill,40.747770,-73.978340,Entire home/apt,828,1,90,2026-07-26,2.76,1,241,35
1030041934802208436,Special-Large 2 Bedroom/2Bath,284563606,1469489515476543019,Arben,Manhattan,Murray Hill,40.746940,-73.978190,Entire home/apt,597,1,155,2026-08-06,4.77,2,94,61
1030471955409301019,Cozy bedroom by LGA airport (15min to Manhattan),546945115,1470447654755254992,Valentin,Queens,Astoria,40.769270,-73.926140,Private room,95,1,169,2026-07-22,5.14,1,327,49
1030521032786848110,Stay In The Heart Of NYC! Walk to Central Park!,501999514,1470257160985456019,RoomPicks,Manhattan,Midtown,40.756090,-73.971080,Hotel room,470,1,1,2025-12-14,0.12,20,346,1
1031292829310481951,Private Loft near Times Square - NYC,91445933,1462851210035433315,Adam,Manhattan,Hell's Kitchen,40.763090,-73.995280,Entire home/apt,356,1,63,2026-07-17,1.97,6,93,15
1031916975423945485,Delightful Prospect Height Townhouse apt 3Br/1.5Ba,91851098,1462852132562845851,Matthew,Brooklyn,Prospect Heights,40.681160,-73.970140,Entire home/apt,870,1,78,2026-07-20,2.38,2,263,26
1032513943516521434,Stunning Bushwick Condo,541108,1462521183471654294,Petrit,Brooklyn,Bushwick,40.694220,-73.924770,Private room,132,10,1,2024-08-17,0.04,1,50,0
1032533524834002025,Cozy Guest Room in Bushwick Townhouse,31038604,1465456817482066807,Olivia,Brooklyn,Bushwick,40.694170,-73.908970,Private room,203,2,72,2026-08-01,2.72,1,92,34
1032626627203089884,"Cozy room in Morris Park, BX!",227052258,1469208556169089101,Pedro,Bronx,Van Nest,40.844120,-73.869950,Private room,75,5,33,2026-08-05,2.16,1,325,24
1032770163786528060,Near JFK |Walk to AirTrain |Self Check-In,62130077,1466764596130933806,Muhammad,Queens,Briarwood,40.706930,-73.816250,Entire home/apt,159,1,115,2026-07-26,3.50,2,143,40
1032875325263161073,Cute Quiet Room in NYC NearMetro,25414207,1465342188443840351,Brooklyn P,Brooklyn,Bedford-Stuyvesant,40.686950,-73.919310,Private room,216,1,92,2026-07-25,2.80,8,319,25
1037314434052682558,Room next to Central Park 6,316021585,1469596811327109908,Carlos,Manhattan,Upper West Side,40.800010,-73.967340,Private room,186,1,132,2026-07-10,4.05,2,190,50
1037443481542584282,Cozy Home in Brooklyn,545570843,1470442264419408357,Peter,Brooklyn,Canarsie,40.648520,-73.903600,Entire home/apt,222,1,124,2026-07-27,4.50,1,75,47
1037893954700010142,Brooklyn's Heart,3818314,1462640144486496781,Levi,Brooklyn,East Flatbush,40.655421,-73.922104,Entire home/apt,220,1,171,2026-07-19,5.33,5,18,52
1038594244657093254,Prime Location in UES 2BR apartment/Central Park,322218148,1469611298472457194,Dmitriy,Manhattan,Upper East Side,40.770280,-73.958380,Entire home/apt,547,3,33,2026-08-03,1.03,1,182,7
1038615845898550577,stylish 2bdr unit,75266494,1462814878428286150,Zviadi,Manhattan,Chinatown,40.716490,-73.992580,Entire home/apt,249,3,82,2026-07-26,2.51,5,8,27
1038790975859277027,Cozy room next to Central Park 5,316021585,1469596811327109908,Carlos,Manhattan,Upper West Side,40.799830,-73.965260,Private room,205,1,141,2026-07-26,4.33,2,168,58
1039104317628299034,"San Carlos Hotel, Deluxe queen room",549437827,,,Manhattan,Midtown,40.755821,-73.971424,Private room,339,1,11,2026-07-14,0.39,7,327,7
1039171553374045533,3 Bedroom Private Apt - DPLX,329941458,1469633128511715253,Gustavo,Brooklyn,Sunset Park,40.663620,-73.994720,Private room,828,3,115,2026-07-20,3.56,2,298,42
1039243266340853872,Chic 2bd apt 5 mins from JFK airport,475365577,1470143175373650890,Patricia,Queens,Jamaica,40.680000,-73.781940,Entire home/apt,292,2,69,2026-07-12,2.35,1,240,31
1039291627800789819,Renovated 3BR near Trains to Manhattan,549437829,1470457531342546160,Homecation,Brooklyn,East New York,40.664080,-73.882620,Entire home/apt,479,2,10,2026-07-22,0.64,1,83,4
1039303278183487476,Apartment in the Heart of Bushwick,423868584,1469922820161710855,Thawatchai,Brooklyn,Bushwick,40.704320,-73.916720,Private room,363,1,37,2026-07-28,2.37,1,242,29
1039876194157328406,Cozy Suite. 15 min to Manhattan,47149443,1465707235222576369,Vito,Queens,Long Island City,40.753290,-73.924680,Private room,198,2,100,2026-08-03,3.82,1,24,48
1039883001824482041,Supreme Queen Rooms in Brooklyn at The Penny,547551734,,,Brooklyn,Williamsburg,40.715507,-73.952724,Private room,279,1,0,,,6,310,0
1039883257529887819,Queen Accessible,547551734,,,Brooklyn,Williamsburg,40.715507,-73.952724,Private room,209,1,2,2026-05-18,0.07,6,314,1
1039883330806875972,Queen Room,547551734,1470449940954971560,,Brooklyn,Williamsburg,40.715507,-73.952724,Private room,399,1,41,2026-07-24,1.29,6,362,19
1039883437066176014,Queen Sleeper Rooms at The Penny Williamsburg,547551734,,,Brooklyn,Williamsburg,40.715507,-73.952724,Private room,179,1,0,,,6,2,0
1039884405094161264,Niche Queen Room at The Penny Williamsburg,547551734,,,Brooklyn,Williamsburg,40.715507,-73.952724,Private room,209,1,2,2026-07-02,1.22,6,6,2
1040497401333364792,"4 Family-friendly Units! City Views, Pets Allowed",501999514,1470257160985456019,RoomPicks,Manhattan,Murray Hill,40.748440,-73.978040,Private room,2304,1,0,,,20,307,0
1040631383494755213,Accessible Superior Queen Room,546315187,,The Lucerne Hotel,Manhattan,Upper West Side,40.783427,-73.978495,Private room,289,1,5,2026-07-28,0.99,6,319,5
1040631615442446563,Superior Queen Bed,546315187,1470445144979532793,The Lucerne Hotel,Manhattan,Upper West Side,40.783427,-73.978495,Private room,359,1,39,2026-08-02,1.24,6,357,36
1040632162395888647,"The Lucerne Hotel, Deluxe king suite",546315187,1470445144979532793,The Lucerne Hotel,Manhattan,Upper West Side,40.783427,-73.978495,Private room,415,1,4,2026-07-07,0.92,6,349,4
1040635049962950760,Accessible Superior Double Room,546315187,,The Lucerne Hotel,Manhattan,Upper West Side,40.783427,-73.978495,Private room,249,1,5,2026-07-27,0.61,6,336,5
1040635412705241317,Deluxe 2 doubles,546315187,1470445144979532793,The Lucerne Hotel,Manhattan,Upper West Side,40.783427,-73.978495,Private room,415,1,149,2026-08-06,4.85,6,356,106
1040733024508227185,Luxury Doorman Building w/ Elevator & in-unit W/D,429701112,1469946607271741129,Taylor L,Manhattan,Chelsea,40.742740,-73.999400,Entire home/apt,867,10,0,,,5,89,0
1041332372169759470,Queens Little Heaven,549941504,1470459604565999714,Surinderpal,Queens,Corona,40.738900,-73.857110,Entire home/apt,432,1,35,2026-07-28,3.33,1,209,35
1041424936772937608,"Spacious Accommodation in Flushing, Queens",5435208,1462680780255364788,Rose,Queens,Flushing,40.741740,-73.820200,Entire home/apt,259,1,65,2026-08-09,2.40,1,235,27
1041439960157186098,Skyline Duplex near Central Park and Times Square,231281049,1469233306395999540,The Manhattan Club,Manhattan,Midtown,40.766230,-73.982100,Private room,1102,1,15,2026-06-26,0.54,17,239,10
1041477525563744772,Bright room in heart of Astoria,546503775,1470445905017768971,Joseph Bennett,Queens,Astoria,40.766620,-73.928400,Private room,100,1,66,2026-07-26,5.10,1,307,60
1041669476938766278,The Cozy Palace in St. Albans 3 bedroom,429454593,1469945657463900797,Raphadene,Queens,St. Albans,40.689770,-73.754150,Private room,347,2,61,2026-07-19,2.08,1,341,23
1042054162835980391,"Hudson Suite at Ink 48 Hotel, Close to Pier 84!",496944100,1470236008567071749,RoomPicks,Manhattan,Hell's Kitchen,40.764580,-73.995950,Hotel room,339,1,0,,,28,336,0
1042100010525986133,Private Bedroom & Bathroom in Shared Family Home,20692936,1463136139400561383,Christina,Manhattan,Harlem,40.816940,-73.959230,Private room,167,3,46,2026-07-27,1.62,2,245,12
1043603895706682262,Newly Finished Luxury Oasis in Trendy Brooklyn NY,108356654,1467312904764875098,Latanya,Brooklyn,Flatlands,40.623990,-73.935300,Entire home/apt,234,2,137,2026-07-29,4.88,1,281,51
1043635645246382200,4 Bed 2 Bath Apartment in the Financial District,550403525,1470461294528871076,Alberto,Manhattan,Financial District,40.708780,-74.013390,Entire home/apt,677,2,71,2026-07-12,2.23,1,98,24
1043748005274694200,Executive one bedroom suite,547422647,,,Manhattan,Upper West Side,40.781880,-73.981880,Private room,319,1,0,,,14,316,0
1043748007895351234,Hudson penthouse one bedroom suite,547422647,,,Manhattan,Upper West Side,40.781880,-73.981880,Private room,576,1,0,,,14,243,0
1043748314335952064,Superior queen,547422647,1470449452190383208,,Manhattan,Upper West Side,40.781880,-73.981880,Private room,409,1,1,2026-06-04,0.38,14,342,1
1043748319187784965,Superior king accessible,547422647,1470449452190383208,,Manhattan,Upper West Side,40.781880,-73.981880,Private room,473,1,2,2026-05-08,0.28,14,323,2
1043748544487298189,Junior queen suite,547422647,,,Manhattan,Upper West Side,40.781880,-73.981880,Private room,379,1,0,,,14,344,0
1043748549960976228,One bedroom king suite,547422647,,,Manhattan,Upper West Side,40.781880,-73.981880,Private room,379,1,0,,,14,357,0
1043748746630664860,Deluxe king,547422647,,,Manhattan,Upper West Side,40.781880,-73.981880,Private room,319,1,0,,,14,289,0
1043748763612320534,Deluxe queen one bedroom suite,547422647,,,Manhattan,Upper West Side,40.781880,-73.981880,Private room,415,1,0,,,14,357,0
1043748975652805432,Superior king,547422647,1470449452190383208,,Manhattan,Upper West Side,40.781880,-73.981880,Private room,339,1,1,2024-09-14,0.04,14,334,0
1043749180047374433,Superior double queen,547422647,,,Manhattan,Upper West Side,40.781880,-73.981880,Private room,319,1,0,,,14,296,0
1043749194049505333,Junior king suite,547422647,,,Manhattan,Upper West Side,40.781880,-73.981880,Private room,389,1,0,,,14,294,0
1043749403725113229,One bedroom queen suite,547422647,,,Manhattan,Upper West Side,40.781880,-73.981880,Private room,319,1,0,,,14,343,0
1043749977199357931,One bedroom double queen suite,547422647,,,Manhattan,Upper West Side,40.781880,-73.981880,Private room,450,1,0,,,14,345,0
1044109392284240901,Bay Ridge Nest: Chic and Cozy Studio in Prime Area,472603377,1470131495644496767,Emily And Saul,Brooklyn,Fort Hamilton,40.618845,-74.032353,Entire home/apt,147,1,87,2026-07-24,3.32,63,193,44
1044485172677898752,Stunning view - Columbus Circle area/Lincoln Sq,46167132,1465690236254511173,NYC Rentals,Manhattan,Upper West Side,40.771080,-73.981530,Entire home/apt,690,3,69,2026-07-31,2.20,4,12,31
1044575475887434204,Manhattan Beautiful Spacious Room for 2,545427407,1470441811070247909,David,Manhattan,Harlem,40.810573,-73.941715,Private room,157,2,50,2025-12-12,1.72,11,43,14
1044579220248046362,Manhattan Guesthouse Apt for 4,545427407,1470441811070247909,David,Manhattan,Harlem,40.810577,-73.941780,Entire home/apt,234,2,5,2024-08-29,0.17,11,43,0
1044596274887028908,City view queen,546657469,,,Brooklyn,Williamsburg,40.721321,-73.958498,Private room,289,1,109,2026-07-21,3.39,5,339,72
1044596274975881034,Queen,546657469,1470446417090522665,,Brooklyn,Williamsburg,40.721321,-73.958498,Private room,599,1,95,2026-07-06,2.92,5,294,29
1044697636830705546,Hip Bay Ridge Studio: Gateway to NYC Adventure,472603377,1470131495644496767,Emily And Saul,Brooklyn,Fort Hamilton,40.618845,-74.032353,Entire home/apt,136,1,158,2026-08-02,5.97,63,211,78
1044920456567949813,"Hotel 32|32, Premier Suite with Balcony",268598785,1463346184942342436,⁨Hotel 32 32⁩,Manhattan,Midtown,40.744870,-73.984160,Private room,331,1,146,2026-08-06,6.20,10,188,99
1032905729887293427,Beautiful Studio Downtown NYC,527543193,1470371877979229272,NY Homes,Manhattan,Financial District,40.707340,-74.005490,Entire home/apt,310,3,64,2026-07-17,2.15,4,261,24
1033057963245388126,Very Large 3 Bedroom 2 Bath,284563606,1469489515476543019,Arben,Manhattan,Murray Hill,40.746210,-73.976360,Entire home/apt,654,1,182,2026-08-08,5.57,2,114,56
1033563488863149569,Hosted Fabulous Master bdrm with full private Bath,548292248,1470452911323779820,John,Queens,Rosedale,40.662363,-73.734857,Private room,201,2,39,2026-07-19,1.36,3,339,11
1033665025367277341,~Chic~Designer 2 Bedroom Flat~Greenwich Village,548313465,1470452977779898932,Karter,Manhattan,West Village,40.731570,-74.001690,Entire home/apt,577,3,72,2026-07-24,2.21,1,95,25
1034100855619075023,Sunny: Spacious M & L WiFi Netflix AC Bushwick,250111321,1463298291059357636,Alice,Brooklyn,Bushwick,40.697530,-73.922410,Private room,126,1,155,2026-07-30,5.17,2,361,58
1034106373368010940,Entire 2bdr apartment,75266494,1462814878428286150,Zviadi,Manhattan,Lower East Side,40.717860,-73.989430,Entire home/apt,259,2,96,2026-07-28,2.94,5,7,12
1034113003712981730,Chinatown 2bdr unit,75266494,1462814878428286150,Zviadi,Manhattan,Chinatown,40.715690,-73.998870,Entire home/apt,239,1,132,2026-07-24,4.03,5,15,51
1034325119213422367,Gorgeous Apartment in Rosedale Queens NY,548292248,1470452911323779820,John,Queens,Rosedale,40.663040,-73.735550,Private room,122,2,35,2026-06-29,1.25,3,345,9
1034331064246329985,Beautiful Apt in Rosedale Queens NY.,548292248,1470452911323779820,John,Queens,Rosedale,40.661370,-73.734170,Private room,120,2,28,2026-07-22,1.03,3,345,7
1034762851428251097,Studio near NYC | Kichentte | Work Space,30283594,1465445680495565156,Global Luxury Suites I,Bronx,Port Morris,40.809890,-73.930610,Entire home/apt,229,1,46,2026-06-19,1.41,77,364,6
1034787269959098719,"Guest Room A, Near LGA, flushing and Citi field",548551591,1470453993196688844,Yanna,Queens,College Point,40.783790,-73.844740,Private room,120,1,119,2026-08-10,3.74,2,68,36
1045559815229228100,Chillin' on the Hill,19536596,1463080709506572266,Andrew,Brooklyn,East New York,40.670700,-73.898210,Private room,286,1,0,,,1,270,0
1046002771757196737,Superior queen,539261524,1470417735129837753,,Bronx,Mott Haven,40.815115,-73.915949,Private room,186,1,20,2026-07-18,1.00,5,352,19
1046238056539948194,Modern Midtown Family Studio NYC Empire #59,177174475,1463067378986834016,Alberto,Manhattan,Midtown,40.747460,-73.988830,Entire home/apt,339,1,38,2026-04-04,1.31,2,288,12
1046288984910404214,Romantic Studio for 2 Midtown NYC #6,345231956,1469682626840654976,Alberto,Manhattan,Midtown,40.747800,-73.986910,Entire home/apt,324,1,32,2026-07-25,1.18,4,193,15
1046325012407828041,Urban Chic & Effortless Comfort: Your City Awaits,6105375,1462698052703962102,Shana,Brooklyn,Bedford-Stuyvesant,40.681470,-73.913100,Entire home/apt,264,2,68,2026-07-10,2.14,3,221,25
1046330878473034298,Ocean Hill Studio,6105375,1462698052703962102,Shana,Brooklyn,Bedford-Stuyvesant,40.681510,-73.914640,Entire home/apt,286,2,48,2026-07-06,2.15,3,191,25
1046365844124834792,Queen Studio | Balcony + Kitchenette,30283594,1465445680495565156,Global Luxury Suites I,Bronx,Port Morris,40.809887,-73.930610,Entire home/apt,176,1,120,2026-07-27,3.80,77,364,33
1046372475682855523,Modern Double QueenSuite | Kitchentte | Parking,30283594,1465445680495565156,Global Luxury Suites I,Bronx,Port Morris,40.809887,-73.930610,Entire home/apt,211,1,17,2026-07-27,0.55,77,364,12
1046765851091797326,Cozy Transit Oasis Near Forested Park no clean fee,153187965,1468501396070261625,Casey,Brooklyn,Cypress Hills,40.681280,-73.893200,Private room,151,4,39,2025-11-02,1.32,1,67,5
1048563563403000625,Cozy Peace House 1,551387064,1470465226189871114,Penpa,Queens,East Elmhurst,40.762600,-73.882240,Private room,173,1,99,2026-07-15,3.44,2,310,43
1048595086959375823,cozy peace house 2,551387064,1470465226189871114,Penpa,Queens,East Elmhurst,40.761830,-73.880120,Private room,153,1,106,2026-07-21,3.56,2,305,38
1048749148249520661,The King Suite,785524,1462514210306390673,Eric,Bronx,Concourse,40.820385,-73.928016,Private room,105,1,193,2026-07-23,6.31,3,85,75
1052767826783426157,Simply Brooklyn Apt#4,64417354,1466795235224747875,Andre,Brooklyn,Boerum Hill,40.685420,-73.979270,Entire home/apt,346,1,142,2026-07-20,4.99,4,266,67
1053527589797192977,Peaceful Room in Brooklyn,12908755,1462898499030739326,Amina,Brooklyn,East Flatbush,40.641100,-73.934560,Private room,230,7,14,2025-12-29,0.56,1,263,5
1053652465790968543,Modern French Luxury Condo by Midtown Central Park,517531121,1470328395978844698,Amber,Manhattan,Midtown,40.761400,-73.972260,Entire home/apt,757,1,100,2026-07-29,3.76,2,255,45
1054367741027188589,Huge 3 bedroom 2 bathroom Apartment in Chelsea,488961149,1470200749063224122,Dominick,Manhattan,Chelsea,40.740500,-73.999700,Entire home/apt,1133,1,122,2026-07-26,3.84,1,143,40
1054375518474819539,Elegant two bed escape,527543193,1470371877979229272,NY Homes,Manhattan,East Village,40.723050,-73.987770,Entire home/apt,504,3,96,2026-07-26,3.02,4,275,34
1054463012526523296,Charming Apartment with a private backyard,541387885,1470426055469011409,Ivana,Manhattan,East Village,40.721780,-73.981070,Private room,198,1,73,2026-08-07,2.56,1,265,27
1055008778043705675,Exclusive Studio 409 | Private Bathroom,401202937,1469841047362978348,Eliza,Manhattan,Midtown,40.747198,-73.987820,Entire home/apt,408,1,67,2026-07-27,2.20,70,137,21
1055030718576614568,Exclusive Apartment 816 | Shared Bathroom,401202937,1469841047362978348,Eliza,Manhattan,Midtown,40.747790,-73.986950,Entire home/apt,228,1,53,2026-07-22,1.79,70,137,23
1055037646560689002,Exclusive Apartment  419 | Shared Bathroom,401202937,1469841047362978348,Eliza,Manhattan,Midtown,40.747198,-73.987820,Entire home/apt,211,1,50,2026-08-01,1.66,70,156,25
1055145734011625285,New luxury condo in LIC queens New York,396845074,1469827548392773779,Ally,Manhattan,SoHo,40.726620,-74.004110,Entire home/apt,818,4,22,2026-07-20,0.94,9,176,6
1055444597484933368,Private Backyard - 2 Bedrooms Close to City,39350767,1465587502822385801,Benjamin,Queens,Long Island City,40.737700,-73.934320,Private room,313,1,124,2026-07-26,4.40,1,232,47
1056625840573715781,Madison Ave Oasis,380013607,1463567572927206970,Adeena,Manhattan,Harlem,40.809960,-73.940110,Entire home/apt,396,2,56,2026-06-10,1.92,1,192,12
1056755774413954879,Cozy and Lovely Astoria room,553206339,1470471851165011708,Andy,Queens,Long Island City,40.763290,-73.930880,Private room,120,1,169,2026-07-30,5.78,1,228,65
1059399783161257709,Spacious Guest Suite w/ Private Entry & Bathroom,11880968,1462875170126235015,Eric,Brooklyn,Bay Ridge,40.627640,-74.023320,Private room,200,1,121,2026-08-09,5.06,1,89,66
1060098314384850325,Your home away from home # 1 (Single Occupancy),118676912,1468211654568030253,Ron,Brooklyn,Bushwick,40.692757,-73.912674,Private room,168,2,88,2026-08-09,2.96,2,360,27
1060241871693461480,Your Home Away From Home # 2 (Single Occupancy),118676912,1468211654568030253,Ron,Brooklyn,Bushwick,40.693500,-73.913560,Private room,166,2,102,2026-08-09,3.43,2,358,30
1048926333274693328,Empire View Queen,547413854,1470449423392352287,,Manhattan,Midtown,40.750361,-73.985490,Private room,243,1,73,2026-08-16,2.27,7,331,54
1049486529058289967,Manhattan Very Large Private Room w/ Locked door.,545427407,1470441811070247909,David,Manhattan,Harlem,40.810573,-73.941715,Private room,170,2,6,2024-09-03,0.22,11,43,0
1049583121964349719,Guest Suite in Prime Bushwick,18335748,1463052217093504315,Jack,Brooklyn,Bushwick,40.699890,-73.926840,Private room,297,1,16,2024-11-05,0.57,1,31,0
1050266725683909640,The Stylish Stay,262874199,1469390184270579047,Rony,Brooklyn,Sheepshead Bay,40.584710,-73.952590,Private room,187,4,9,2026-08-05,1.08,1,328,9
1050667017393639309,Exclusive Studio 211 | Private Bathroom,401202937,1469841047362978348,Eliza,Manhattan,Midtown,40.746360,-73.988170,Entire home/apt,305,1,36,2026-06-29,1.22,70,145,7
1050831980985744781,Million Dollar Luxury 2bd/2ba Midtown Views!,506805548,1470278213362836124,Trevor,Manhattan,Midtown,40.747150,-73.989390,Entire home/apt,871,1,89,2026-07-21,2.89,1,290,42
1062148354797546178,Private room in Brooklyn Home with shared backyard,23410,1462506981392293136,Misha,Brooklyn,Crown Heights,40.672690,-73.933320,Private room,167,2,17,2026-07-26,1.12,1,250,14
1062375733204243034,The Manhattan Club - U.S. Open,101551213,1467218358360989097,Victor,Manhattan,Midtown,40.765620,-73.982240,Private room,631,2,3,2026-06-27,0.32,1,63,3
1062506366862556498,Updated 3bed/2ba in the Heart of Manhattan,554728880,1470477309883085005,NYC Stays,Manhattan,Midtown,40.745793,-73.983628,Entire home/apt,608,1,82,2026-07-23,2.66,1,83,39
1064523868451932167,"San Carlos Hotel, Deluxe room",549437827,1470457531087414209,,Manhattan,Midtown,40.755821,-73.971424,Private room,426,1,59,2026-08-15,1.99,7,320,23
1064523931238623062,"San Carlos Hotel, Deluxe 2 queen room",549437827,,,Manhattan,Midtown,40.755821,-73.971424,Private room,339,1,176,2026-08-01,6.37,7,293,95
1064524081065259191,"San Carlos Hotel, Executive jr. suite king",549437827,,,Manhattan,Midtown,40.755821,-73.971424,Private room,339,1,7,2026-07-22,0.71,7,292,7
1064524111043166059,"San Carlos Hotel, Executive jr. suite queen",549437827,1470457531087414209,,Manhattan,Midtown,40.755821,-73.971424,Private room,426,1,1,2026-01-11,0.13,7,295,1
1064524315581918695,"San Carlos Hotel, Elite 1 bedroom suite 2 queen...",549437827,,,Manhattan,Midtown,40.755821,-73.971424,Private room,339,1,8,2026-07-27,0.33,7,294,6
1064524524096641494,"San Carlos Hotel, Superior room",549437827,1470457531087414209,,Manhattan,Midtown,40.755821,-73.971424,Private room,426,1,13,2026-05-20,0.59,7,352,8
1065261714964080001,Studio king,551692065,1470466462555351426,,Manhattan,Lower East Side,40.719765,-73.988102,Private room,236,1,39,2026-07-19,1.23,4,294,22
1065262056366021513,Deluxe room with 2 double beds,551692065,1470466462555351426,,Manhattan,Lower East Side,40.719765,-73.988102,Private room,304,1,52,2026-08-04,1.75,4,140,37
1065262230258220430,Atelier king,551692065,1470466462555351426,,Manhattan,Lower East Side,40.719765,-73.988102,Private room,304,1,13,2026-03-21,0.46,4,132,5
1065262230644399835,Executive king,551692065,,,Manhattan,Lower East Side,40.719765,-73.988102,Private room,185,1,11,2026-03-08,0.53,4,144,8
1065372627170730644,Astoria Park Guest Suite | Sunny 2BR Duplex,47864677,1465723042610914068,Alicia,Queens,Astoria,40.774731,-73.925523,Entire home/apt,392,3,85,2026-07-31,3.13,2,178,32
1065734338333399135,"Studio Room at Radio Hotel, Pets Allowed!",501999278,1468058277289999419,RoomPicks,Manhattan,Washington Heights,40.847750,-73.931530,Hotel room,180,1,7,2026-06-01,0.22,147,189,5
1065758362601303702,"Best Value, Quality Stay! Near Wave Hill",501999278,1468058277289999419,RoomPicks,Manhattan,Washington Heights,40.847750,-73.931530,Hotel room,204,1,1,2024-03-26,0.03,147,318,0
1065762399416234253,"2x Queen Rooms at Radio Hotel, New York!",501999278,1468058277289999419,RoomPicks,Manhattan,Washington Heights,40.847750,-73.931530,Hotel room,408,1,3,2026-07-13,0.13,147,317,2
1065769971445201312,3 Pet-friendly Queen Rooms at Radio Hotel!,501999278,1468058277289999419,RoomPicks,Manhattan,Washington Heights,40.847750,-73.931530,Hotel room,611,1,1,2024-07-05,0.04,147,313,0
1065778832869908021,"4 Family-friendly Queen Rooms at Radio Hotel, NY!",501999278,1468058277289999419,RoomPicks,Manhattan,Washington Heights,40.847750,-73.931530,Hotel room,815,1,4,2026-07-13,0.17,147,311,3
1065782226324337615,Deluxe Queen Room at Radio Hotel New York!,501999278,1468058277289999419,RoomPicks,Manhattan,Washington Heights,40.847750,-73.931530,Private room,192,1,7,2026-04-16,0.23,147,258,2
1065813715720697691,Cozy 1BR Bensonhurst Retreat w/ Easy Transit,555659240,1470481273043589156,Gloria,Brooklyn,Bath Beach,40.604965,-74.009627,Private room,253,2,45,2026-08-02,1.70,1,323,24
1060790025196109539,Guest Suite in Brownstone,732535,1462527674898853599,William,Manhattan,Harlem,40.805310,-73.947910,Entire home/apt,554,2,89,2026-08-03,3.10,2,319,37
1060848009618799743,Studio King 2,543460585,1470434213884404431,Wythe Hotel,Brooklyn,Williamsburg,40.722098,-73.958082,Private room,549,1,40,2026-08-17,1.68,3,324,33
1061049485781408861,Brooklyn At its best,487042524,1470192118486271915,Levi,Brooklyn,Crown Heights,40.670640,-73.942780,Entire home/apt,316,1,65,2026-07-27,2.39,5,52,35
1061055125835647211,Brooklyn It is,487042524,1470192118486271915,Levi,Brooklyn,Crown Heights,40.672230,-73.947790,Entire home/apt,374,1,69,2026-08-04,3.26,5,34,34
1061056176589586161,Casa Brooklyn,487042524,1470192118486271915,Levi,Brooklyn,Crown Heights,40.674290,-73.947840,Entire home/apt,359,2,72,2026-07-26,3.57,5,39,37
1061243380459743528,Staycation Near JFK,396548417,1463606163635935042,Stayca,Queens,Jamaica,40.669040,-73.769510,Entire home/apt,288,2,64,2026-07-08,2.11,1,340,7
1061470503176432568,Family Studio for 5 people near Empire #53,343381111,1469676414564931765,Alberto,Manhattan,Midtown,40.746010,-73.987380,Entire home/apt,270,1,20,2026-07-13,0.74,3,187,8
1061481461460001697,Studio Exterior Midtown Empire State Views #19,343450886,1469676765865948471,Alberto,Manhattan,Chelsea,40.748370,-73.988810,Entire home/apt,400,1,67,2026-07-17,2.67,4,192,41
1061632233644512468,Studio king,551689437,1470466452770417110,,Manhattan,Midtown,40.752344,-73.985197,Private room,473,1,1,2025-11-24,0.11,5,361,1
1061632299472282421,Deluxe double queen,551689437,1470466452770417110,,Manhattan,Midtown,40.752344,-73.985197,Private room,473,1,1,2025-06-09,0.07,5,362,0
1061632564187992922,Atelier,551689437,1470466452770417110,,Manhattan,Midtown,40.752344,-73.985197,Private room,389,1,1,2024-08-04,0.04,5,359,0
1061632669312353240,Double full room,544554359,,,Queens,Flushing,40.760290,-73.834370,Private room,132,1,40,2026-08-08,2.02,5,312,33
1061632971843436364,Queen room,544554359,1470438674704616299,,Queens,Flushing,40.760290,-73.834370,Private room,221,1,536,2026-08-17,16.84,5,333,322
1061633025832291732,Double queen room,544554359,1470438674704616299,,Queens,Flushing,40.760290,-73.834370,Private room,221,1,81,2026-08-16,2.66,5,346,46
1061633131713767733,Double queen studio,544554359,1470438674704616299,,Queens,Flushing,40.760290,-73.834370,Private room,257,1,3,2026-08-05,0.15,5,338,2
1061633200531291580,Double queen large suite,544554359,,,Queens,Flushing,40.760290,-73.834370,Private room,204,1,3,2026-08-05,0.57,5,326,3
1061778391842449513,Studio queen,551689437,,,Manhattan,Midtown,40.752344,-73.985197,Private room,319,1,3,2026-07-12,0.11,5,348,2
1067546821288390834,Steps to Brooklyn Bridge | Game Room + Restaurant,555768867,1470481734968542859,Moxy NYC Downtown New York City,Manhattan,Financial District,40.710040,-74.008610,Private room,258,1,89,2026-08-10,2.97,3,104,42
1068407150433353514,Private Bathroom. Share house.Subways Easy Parking,161791702,1468574726933705924,Evelyn,Brooklyn,Brownsville,40.662480,-73.901840,Private room,110,2,119,2026-08-02,4.17,2,222,43
1068730297270620086,Sunnyhome 6P,45600001,1465677438969274440,Amy,Queens,Little Neck,40.772010,-73.734290,Private room,99,2,47,2026-07-25,1.53,3,11,15
1068741903107300651,"Private Room in Queens NYC | Near JFK, LGA & NYC",27673980,1462641882188556363,Amy,Queens,Little Neck,40.771650,-73.734190,Private room,99,2,59,2026-07-27,2.01,1,9,33
1068912065584586603,"Vibrant 4 bedroom, kitchen, living room, bathroom!",556495396,1470485600267844438,Melissa,Queens,Richmond Hill,40.685843,-73.823677,Private room,689,1,53,2026-01-02,1.94,2,221,9
1068964032867039816,Huge Studio in Sunnyside Apt,7053015,1462722231397835629,Gabriela,Queens,Sunnyside,40.745220,-73.918530,Private room,162,3,22,2026-06-14,0.76,1,31,13
1069516393596899524,Close to JFK Airport + Free Shuttle. Dining. Gym.,445703386,1470008418160471713,JFK New York City,Queens,South Ozone Park,40.664720,-73.806420,Private room,232,1,187,2026-08-09,6.38,2,364,103
1069587960830987188,Quiet room perfect for medical staff,247468699,1469312665706494107,Hawa,Staten Island,Stapleton,40.628410,-74.078370,Private room,151,3,21,2026-07-08,0.79,1,232,7
1070231131306779107,Beautiful space-  Park Slope North Central & Quiet,1306995,1462542337711667299,Nili,Brooklyn,Park Slope,40.678620,-73.978450,Private room,372,1,141,2026-08-06,5.21,1,244,59
1070270537377163305,Near Barclays Center with On-site Dining & Gym,556868112,1470487966824474990,Hilton Brooklyn New York City,Brooklyn,Downtown Brooklyn,40.690160,-73.986920,Private room,195,1,683,2026-08-07,21.94,2,233,341
1070271021848012165,Downtown Brooklyn Stay with Restaurant & Gym,556868112,1470487966824474990,Hilton Brooklyn New York City,Brooklyn,Boerum Hill,40.688420,-73.987410,Private room,206,1,566,2026-08-07,18.32,2,208,291
1070292150676551812,Luxury Bedrooms in Historic Brownstone,13466647,1462911890980297703,McKenzie,Brooklyn,Bedford-Stuyvesant,40.683180,-73.921380,Private room,272,2,77,2026-07-26,2.74,1,171,31
1070327706166386414,Exclusive apartment  529 | Shared Bathroom,401202937,1469841047362978348,Eliza,Manhattan,Midtown,40.746350,-73.986940,Entire home/apt,239,1,37,2026-07-27,1.26,70,159,9
1070385146027468023,Cozy Haven Guest Suite,447283837,1470014288214837968,STR Management,Brooklyn,East Flatbush,40.653020,-73.942510,Private room,259,1,49,2026-07-26,1.66,8,140,15
1070450891681156687,Near Wall Street | Restaurant + Skyline Views,556115366,1470483693653062777,M Social New York Downtown,Manhattan,Tribeca,40.712050,-74.009110,Private room,235,1,490,2026-05-19,25.09,13,190,298
1070531707221095417,Two bedroom flat in historic brownstone,14902860,1462949682078713674,Velma,Brooklyn,Bedford-Stuyvesant,40.684340,-73.946680,Entire home/apt,286,1,53,2026-07-13,1.83,3,272,16
1070901052420848550,Private 2 Bedroom in Historic Brooklyn Townhouse,40008334,1462683253963348834,Jennifer,Brooklyn,Crown Heights,40.672270,-73.947170,Entire home/apt,274,1,140,2026-07-25,5.10,1,121,55
1071038139249600042,Luxurious 2 bedrooms on 2nd floor W/PVT entrance,541011440,1470424447376500454,Aquifa,Queens,Jamaica,40.682030,-73.777520,Private room,260,1,93,2026-07-13,3.06,1,143,29
1071703160614211263,East Village Gem High Ceilings + W/D,557157941,1470489792443264835,Angel,Manhattan,East Village,40.732220,-73.986410,Entire home/apt,430,1,115,2026-07-28,3.75,1,276,44
1071712108811245554,Exclusive Apartment  741 | Shared Bathroom,401202937,1469841047362978348,Eliza,Manhattan,Midtown,40.746500,-73.988680,Entire home/apt,234,1,47,2026-08-08,1.57,70,114,16
1066170537254641780,Hidden Delight/2Br getaway Close to JFK/,555780175,1463878455176004578,Ken,Brooklyn,Canarsie,40.633900,-73.894650,Entire home/apt,355,1,65,2026-07-26,3.47,1,318,40
1066762261661304577,"Modern Amenities! Rooftop Bar, Pets Allowed!",501999278,1468058277289999419,RoomPicks,Manhattan,Hell's Kitchen,40.764580,-73.995950,Hotel room,260,1,0,,,147,345,0
1066911214449074405,Mundy Lane Airbnb,550751207,1463876358224711656,Evert,Bronx,Wakefield,40.901060,-73.840850,Entire home/apt,511,1,42,2026-08-02,1.81,1,356,28
1067326682565133945,4 Pet-Friendly Rooms Close Manhattan's Attractions,501999278,1468058277289999419,RoomPicks,Manhattan,Hell's Kitchen,40.764580,-73.995950,Hotel room,1258,1,0,,,147,346,0
1067335526410187895,"Spacious Room, Authentic New York Experience!",501999278,1468058277289999419,RoomPicks,Manhattan,Hell's Kitchen,40.764580,-73.995950,Hotel room,324,1,0,,,147,359,0
1067339879599785124,"King Room at Ink 48 Hotel, Pets Allowed!",501999278,1468058277289999419,RoomPicks,Manhattan,Hell's Kitchen,40.764580,-73.995950,Hotel room,260,1,3,2026-08-01,0.24,147,345,2
1067484164512158205,Steps to Statue Ferry | Pet Friendly + Bar on-site,556115366,1470483693653062777,M Social New York Downtown,Manhattan,Financial District,40.712130,-74.011300,Private room,293,1,251,2026-05-19,8.25,13,190,65
1067485803917467012,Near One World | Restaurant + Brooklyn Bridge View,556115366,1470483693653062777,M Social New York Downtown,Manhattan,Financial District,40.712050,-74.011390,Private room,313,1,212,2026-02-08,6.86,13,190,9
1067487172334612088,Downtown Manhattan | Restaurant + Skyline Views,556115366,1470483693653062777,M Social New York Downtown,Manhattan,Financial District,40.710060,-74.009770,Private room,254,1,100,2026-04-22,3.26,13,190,56
1067492285421666240,Downtown NYC | Gym. On-site Bar. Skyline Views,556115366,1470483693653062777,M Social New York Downtown,Manhattan,Financial District,40.712150,-74.010710,Private room,302,1,392,2025-12-06,15.83,13,190,9
1075385949662033735,"Merrion Row Hotel and Public House, Studio King...",555479658,1470480514417422694,,Manhattan,Theater District,40.757282,-73.983517,Private room,209,1,0,,,6,339,0
1075386062453011080,"Merrion Row Hotel and Public House, Accessible ...",555479658,,,Manhattan,Theater District,40.757280,-73.983520,Private room,219,1,2,2026-06-29,0.10,6,297,1
1075386065938547691,"Merrion Row Hotel and Public House, Studio King...",555479658,,,Manhattan,Theater District,40.757282,-73.983517,Private room,209,1,0,,,6,324,0
1075472992489210989,Spacious 3 bedroom LES,558233854,1470496489824477170,Gabriela,Manhattan,Lower East Side,40.720360,-73.987280,Entire home/apt,632,1,47,2026-07-04,1.62,1,240,18
1075693579028892349,Huge Triplex + Movie Theater,557647902,1470493015999384370,Edgar,Manhattan,Murray Hill,40.749470,-73.979300,Entire home/apt,1426,1,52,2026-07-23,1.79,1,345,21
1076912523623540812,Cozy 2 bedroom St marks,558594519,1470498092420375284,Luis,Manhattan,East Village,40.731040,-73.986990,Entire home/apt,588,1,66,2026-07-25,2.27,1,327,25
1077504003238054977,Cozy Clean 2BR w/ Free Parking Near Flushing,558721834,1470498471853182208,Shan,Queens,College Point,40.789370,-73.842340,Private room,150,2,20,2026-08-02,4.48,1,161,20
1077609889483335534,NEW: Comfort in Cypress Hills - 3BR,405662122,1469856187616544771,Janine,Brooklyn,Cypress Hills,40.685820,-73.867420,Entire home/apt,388,3,90,2026-08-02,2.98,2,304,37
1077662087434089930,Gramercy Crown Jewel in Prime Location,555565860,1470480913861792765,Antony,Manhattan,Kips Bay,40.744270,-73.978580,Entire home/apt,819,2,52,2026-07-26,1.93,1,88,15
1078336770127529285,Spacious 4 bedroom Midtown west,557896176,1470494373067959389,Maria,Manhattan,Hell's Kitchen,40.756930,-73.991580,Entire home/apt,1262,1,95,2026-07-07,3.12,1,219,34
1078391317420992331,Quiet Retreat + Rooftop - Steps from Grand Central,558934608,1470499183050278251,Carlos,Manhattan,Murray Hill,40.750680,-73.980550,Entire home/apt,397,1,37,2026-07-26,2.61,1,350,31
1072089744850191566,Beautiful 4 Bedroom in Lower East Side,555609789,1470481048794826222,Marco,Manhattan,Lower East Side,40.718880,-73.994000,Entire home/apt,945,3,65,2026-07-05,2.14,3,221,27
1072469216310675630,"Club Quarters Hotel World Trade Center, New Yor...",557255644,,,Manhattan,Financial District,40.709470,-74.013940,Private room,134,1,4,2025-12-15,0.19,9,323,2
1072469216331771002,"Club Quarters Hotel World Trade Center, New Yor...",557255644,1470490461572634128,,Manhattan,Financial District,40.709470,-74.013940,Private room,131,1,183,2026-08-03,5.86,9,332,40
1072469451774666223,One room suite with kitchenette,557255644,,,Manhattan,Financial District,40.709470,-74.013940,Private room,161,1,12,2026-03-25,0.40,9,311,9
1072469613386836466,Superior room,557255644,,,Manhattan,Financial District,40.709470,-74.013940,Private room,269,1,92,2026-07-26,3.39,9,8,28
1072490292073582343,Your Stylish Home Away from Home,386199612,1469794440156476534,Salvon,Queens,Ozone Park,40.681230,-73.848810,Private room,685,1,9,2024-04-13,0.31,1,89,0
1072521783407315734,Dreamy 3 Bedroom (Master)/2Baths,550857759,1470463156642516417,Dawn,Queens,Jamaica,40.676690,-73.781041,Entire home/apt,272,3,50,2026-08-03,2.00,1,253,19
1072604583533985335,Ideal room for you 2,501323440,1470254380114727253,Romulo & Vicky,Brooklyn,Cypress Hills,40.686770,-73.871538,Private room,104,2,90,2026-07-26,3.05,6,51,21
1072821907394094556,Sunny One Bedroom West Village Flat,548581062,1470454116334226709,Edward,Manhattan,SoHo,40.727640,-74.001940,Entire home/apt,377,7,34,2026-07-27,1.28,1,57,17
1073237810231849364,Beautiful 4 bedroom midtown east,557611376,1470492832842323175,Diana,Manhattan,Murray Hill,40.749210,-73.975960,Entire home/apt,1523,1,35,2026-07-27,1.23,1,252,28
1073895646862858847,Very elegant apartment,473754085,1470136404869940004,Clark,Queens,Springfield Gardens,40.658542,-73.758624,Entire home/apt,212,2,29,2026-08-03,2.74,1,245,29
1073976914212097232,Central Park Charm: Inviting 3 Bedroom Cozy Home,555558652,1470480890899821292,Christopher,Manhattan,Upper West Side,40.797850,-73.961000,Entire home/apt,461,2,81,2026-07-20,2.79,1,97,39
1075385397510278017,Deluxe Queen Room,555479658,1470480514417422694,,Manhattan,Theater District,40.757282,-73.983517,Private room,229,1,1,2026-06-14,0.43,6,336,1
1075385725948117349,Premium Room With Two Queen Beds,555479658,,,Manhattan,Theater District,40.757282,-73.983517,Private room,209,1,4,2026-04-20,0.36,6,313,4
1075385949180314816,Premium King Room,555479658,,,Manhattan,Theater District,40.757282,-73.983517,Private room,209,1,2,2025-12-18,0.17,6,351,2
1088828497990492714,Private Bedrm in shared true Brooklyn Brownstone!,134637606,1468342785091368240,Rivka,Brooklyn,Williamsburg,40.706260,-73.948030,Private room,267,1,24,2025-04-12,0.79,1,178,0
1089766702290849908,"Stylish, Quiet Times Square Room w/Private Bath",378877182,1469774176982366819,Evangelista Canela,Manhattan,Hell's Kitchen,40.765650,-73.994830,Private room,306,2,73,2026-07-19,2.75,1,249,33
1090041604677130047,NYC Room Near Metro Safe Area,25414207,1465342188443840351,Brooklyn P,Brooklyn,Bedford-Stuyvesant,40.687040,-73.919490,Private room,181,1,110,2026-07-19,3.74,8,336,32
1090287138945435080,A Gem in Lower East Side,527543193,1470371877979229272,NY Homes,Manhattan,Lower East Side,40.719030,-73.988310,Entire home/apt,945,3,73,2026-07-26,2.44,4,258,24
1090553830200685087,Private Room with King Size Bed,561863878,1470508457592126032,Irfan,Brooklyn,Brighton Beach,40.582370,-73.958000,Private room,99,1,216,2026-07-29,7.31,2,217,86
1090713696580310351,Brooklyn Crown Heights: Cozy Private Home,545634534,1470442551846910329,Israel,Brooklyn,Crown Heights,40.672887,-73.931420,Entire home/apt,568,2,59,2026-08-03,2.16,2,163,25
1091287898399382473,"The Roxy Hotel New York, Selected by hotel",562034626,1470509006645110993,The Roxy Hotel New York,Manhattan,Tribeca,40.719439,-74.004915,Private room,271,1,11,2026-08-02,1.16,1,5,11
1091316461375523384,Stylish 4 Bedroom Gem On The Upper West Side,553151367,1470471672412478646,Julia,Manhattan,Upper West Side,40.793970,-73.970650,Entire home/apt,387,2,39,2026-07-25,2.72,1,90,30
1078923644639661537,Modern 3Bed/3Bath Oasis in the Upper East Side,555572149,1470480936382441908,Deemir,Manhattan,Upper East Side,40.774060,-73.953930,Entire home/apt,448,3,75,2026-07-20,2.63,1,113,26
1078970250684682908,JFKRoom 3R,547239841,1463874839571489325,Raj,Queens,Springfield Gardens,40.666339,-73.770659,Private room,132,1,225,2026-07-29,7.65,5,364,63
1079002319295560537,Empire State Building Apartment! (35 St / 5 Ave),559075835,1470499677333535598,Elena,Manhattan,Midtown,40.753110,-73.987930,Entire home/apt,267,2,73,2026-07-22,2.37,1,135,32
1079061115884416812,"Private Bedroom in Richmond Hill, Queens, NYC",106054692,1467286346535457598,Yuhong,Queens,Richmond Hill,40.697940,-73.833730,Private room,95,1,237,2026-08-07,8.01,2,59,76
1079110643206381992,"Cozy Bedroom in Richmond Hill, Queens, NYC",106054692,1467286346535457598,Yuhong,Queens,Richmond Hill,40.699720,-73.833700,Private room,80,1,281,2026-08-07,9.45,2,31,93
1079152229019153537,The Blue Belle Residence,351556515,1469701255874939647,Chiron,Brooklyn,East Flatbush,40.634350,-73.924680,Entire home/apt,361,1,49,2026-08-09,1.76,1,217,24
1079176033625590431,Cozy Gem near Grand Central Area,170399998,1468646223925680036,Lian,Manhattan,Murray Hill,40.748410,-73.977410,Entire home/apt,500,1,124,2026-08-08,4.11,1,179,46
1079901507671871800,Park Ave Prime Location + Rooftop,559062074,1470499580483742068,Lewis,Manhattan,Murray Hill,40.750650,-73.979800,Entire home/apt,1015,1,61,2026-07-24,3.34,1,250,44
1080413276408130595,Mulzac Rentals - The Loft Penthouse,74044308,1466912142556311176,Shayla,Brooklyn,Bedford-Stuyvesant,40.680050,-73.945680,Private room,550,1,24,2026-02-15,1.01,1,222,4
1080615169929014643,Maison Luxe2-Chic & Cozy Getaway,148123938,1468451297839073307,Sabrina,Queens,Springfield Gardens,40.672510,-73.761620,Entire home/apt,412,2,38,2026-08-03,1.62,2,245,17
1080769743669960618,Hidden Gem: Private Guest Suite in Williamsburg,345535176,1469683396823152131,Armando,Brooklyn,Williamsburg,40.718440,-73.940200,Entire home/apt,347,5,61,2026-08-08,2.17,1,278,37
1081124181956231759,Modern Private Room | Bronx Brownstone Near Subway,302400370,1469549957012158296,Night Away,Bronx,Mount Hope,40.846910,-73.905010,Private room,129,1,55,2026-07-26,1.88,2,65,20
1081329204523525342,Skyline View Stay | Statue of Liberty. Gym,559446215,1470500906779129815,NoMo SoHo New York City,Manhattan,SoHo,40.720400,-74.001220,Private room,528,1,122,2026-06-20,4.16,9,157,16
1081331112442286544,Hidden Gem | Museums. Fitness Center,559446215,1470500906779129815,NoMo SoHo New York City,Manhattan,SoHo,40.719000,-74.000700,Private room,485,1,26,2025-08-18,0.90,9,148,1
1081332555917799456,Unmatched Stay | Skyline views. Gym,559446215,1470500906779129815,NoMo SoHo New York City,Manhattan,SoHo,40.720170,-73.999180,Private room,322,1,133,2026-06-07,4.54,9,157,10
1081333701175123215,Urban Luxury | Statue of Liberty. Fitness Center,559446215,1470500906779129815,NoMo SoHo New York City,Manhattan,SoHo,40.718930,-73.999300,Private room,991,1,3,2025-05-02,0.12,9,152,0
1081334909423823810,Journey In The Sky | Times Square. Fitness Center,559446215,1470500906779129815,NoMo SoHo New York City,Manhattan,SoHo,40.720940,-73.998950,Private room,391,1,102,2026-08-07,3.49,9,155,18
1081337617525702444,BigApple Journey | Museums. Fitness Center,559446215,1470500906779129815,NoMo SoHo New York City,Manhattan,SoHo,40.718920,-73.999630,Private room,239,1,182,2026-08-09,6.15,9,149,20
1081449253104266697,( Relaxing & Cozy Spa Lux suite : ),559022608,1470499452600296087,Noah,Brooklyn,Bedford-Stuyvesant,40.681052,-73.938715,Entire home/apt,490,2,97,2026-08-01,3.38,1,328,37
1081972930338376885,Elisha's Paradise & Resort via JFK unit 2 A,435891895,1463696371183447648,Elisha,Queens,Rosedale,40.654920,-73.742134,Private room,145,1,11,2026-07-20,1.29,2,179,11
1083396985265703852,Cozy and comfortable King Size Bed Ensuite,181890686,1468755310898964308,Coleen,Queens,St. Albans,40.701809,-73.750278,Private room,131,2,13,2024-12-30,0.49,2,38,0
1083457132325313315,The GuestHouse Brooklyn,127531580,1468282028075805923,Deyana,Brooklyn,Flatlands,40.628520,-73.924700,Entire home/apt,589,2,51,2026-06-30,1.82,1,165,18
1083605109713339980,NYC Studio Masterpiece,549961791,1470459675317686253,Dylan,Queens,Rego Park,40.733690,-73.856290,Entire home/apt,111,1,119,2026-07-20,4.00,3,250,47
1084273676586833841,"Lovely, Room 2B",547239841,1463874839571489325,Raj,Queens,Springfield Gardens,40.666339,-73.770659,Private room,111,1,244,2026-07-25,8.09,5,354,60
1084314858874629365,Sweet Gateway 15 minutes to JFK,560398013,1470503907594486289,Aldwin,Brooklyn,Canarsie,40.630705,-73.887827,Private room,237,3,56,2026-07-19,2.22,1,250,18
1084339111065922406,Yahnique Comfy Suite,542625453,1470430936082461952,Yolanda,Queens,Jamaica,40.697120,-73.789220,Private room,194,2,41,2026-07-12,1.46,1,363,11
1084553952578906018,Chic 3BR in Flatiron/Chelsea | W/D + Smart TV’s,527543193,1470371877979229272,NY Homes,Manhattan,Chelsea,40.749620,-73.992970,Entire home/apt,800,2,17,2026-06-20,0.56,4,334,1
1084674420406657460,Vintage style Bedroom,560470648,1470504133517584425,Robson,Brooklyn,East Flatbush,40.644744,-73.942882,Private room,126,3,29,2026-06-30,1.01,1,189,11
1084828217755386005,NYC One Bedroom Masterpiece,549961791,1470459675317686253,Dylan,Queens,Forest Hills,40.734526,-73.855426,Entire home/apt,131,1,90,2026-07-23,3.06,3,279,40
1084949680335673625,FIFA WC FINAL | Private Townhouse,558589902,1470498077971856431,Antoni,Manhattan,Murray Hill,40.749670,-73.980208,Entire home/apt,1340,2,71,2026-08-07,3.18,1,278,38
1084972747484392455,"House with private suite, parking, 3 min to train!",145551037,1468430440923762408,Pamela,Queens,Douglaston,40.771360,-73.740690,Private room,284,2,55,2026-08-03,2.18,1,220,28
1091998427751796380,Private Room with King Size Bed,561863878,1470508457592126032,Irfan,Brooklyn,Sheepshead Bay,40.584090,-73.958190,Private room,99,1,172,2026-07-30,5.83,2,217,80
1092139254709553655,Beautiful Midtown apartment,396845074,1469827548392773779,Ally,Manhattan,Hell's Kitchen,40.761750,-73.991350,Entire home/apt,2133,7,13,2025-10-31,0.44,9,188,1
1092280833430415586,Prime Apt Oasis in Lower East Side,35594166,1465525899908906010,Sash,Manhattan,East Village,40.723650,-73.985860,Private room,242,2,24,2026-07-20,0.87,6,342,9
1092801249343488052,Near Madison Square Garden + Free Breakfast & Gym,562353195,1470509984301612136,Holiday NewYork Chelsea,Manhattan,Chelsea,40.749450,-73.994220,Private room,317,1,600,2026-08-10,20.13,3,167,266
1092801822152327660,Steps to Madison Square Garden + Free Breakfast,562353195,1470509984301612136,Holiday NewYork Chelsea,Manhattan,Chelsea,40.747520,-73.995290,Private room,220,1,122,2026-08-07,4.12,3,151,80
1094761010140633632,Deluxe King at The Lucerne Hotel!,501999278,1468058277289999419,RoomPicks,Manhattan,Upper West Side,40.783470,-73.978490,Hotel room,373,1,2,2025-07-21,0.15,147,336,0
1094762151844093977,Cozy and Clean Room in New York City!,501999278,1468058277289999419,RoomPicks,Manhattan,Upper West Side,40.783470,-73.978490,Hotel room,419,1,0,,,147,336,0
1094764389824490264,Deluxe 2 Double Beds at The Lucerne Hotel!,501999278,1468058277289999419,RoomPicks,Manhattan,Upper West Side,40.783470,-73.978490,Hotel room,264,1,3,2025-10-29,0.17,147,365,1
1094765911844541646,Spacious Deluxe Room Near Central Park!,501999278,1468058277289999419,RoomPicks,Manhattan,Upper West Side,40.783470,-73.978490,Hotel room,264,1,0,,,147,365,0
1094767436963006514,Deluxe Suite at The Lucerne Hotel!,501999278,1468058277289999419,RoomPicks,Manhattan,Upper West Side,40.783470,-73.978490,Hotel room,315,1,0,,,147,359,0
1094768575810425003,Luxurious Suite Near Beacon Theater!,501999278,1468058277289999419,RoomPicks,Manhattan,Upper West Side,40.783470,-73.978490,Hotel room,315,1,0,,,147,359,0
1094771527480877085,Deluxe Suite 2 Queen Beds at The Lucerne Hotel!,501999278,1468058277289999419,RoomPicks,Manhattan,Upper West Side,40.783470,-73.978490,Hotel room,353,1,0,,,147,363,0
1094773469623443535,Stylish Suite In A Historic NYC Building!,501999278,1468058277289999419,RoomPicks,Manhattan,Upper West Side,40.783470,-73.978490,Hotel room,353,1,0,,,147,363,0
1094777151341930866,Superior 2 Double Beds at The Lucerne Hotel!,501999278,1468058277289999419,RoomPicks,Manhattan,Upper West Side,40.783470,-73.978490,Hotel room,264,1,1,2025-12-15,0.13,147,365,1
1094778509948613457,Superior Room With Central Park Views!,501999278,1468058277289999419,RoomPicks,Manhattan,Upper West Side,40.783470,-73.978490,Hotel room,264,1,0,,,147,365,0
1094806998523731750,Group Vacay Destination! Modern Unit,501999278,1468058277289999419,RoomPicks,Manhattan,Upper West Side,40.783470,-73.978490,Hotel room,731,1,0,,,147,323,0
1094808192959006232,"Deluxe Room In The Upper West Side, NYC!",501999278,1468058277289999419,RoomPicks,Manhattan,Upper West Side,40.783470,-73.978490,Hotel room,731,1,0,,,147,323,0
1094817105402046178,"The Lucerne Hotel, 2 Deluxe 2 Double Beds!",501999278,1468058277289999419,RoomPicks,Manhattan,Upper West Side,40.783470,-73.978490,Hotel room,528,1,0,,,147,365,0
1094819456089419636,2 Deluxe Rooms In NYC Museum District!,501999278,1468058277289999419,RoomPicks,Manhattan,Upper West Side,40.783470,-73.978490,Hotel room,527,1,2,2025-12-26,0.23,147,365,2
1094821863189646828,2 Deluxe Suites at The Lucerne Hotel!,501999278,1468058277289999419,RoomPicks,Manhattan,Upper West Side,40.783470,-73.978490,Hotel room,630,1,0,,,147,355,0
1094825145022408348,2 Modern Suites With Central Park Views!,501999278,1468058277289999419,RoomPicks,Manhattan,Upper West Side,40.783470,-73.978490,Hotel room,630,1,0,,,147,355,0
1094827760811111927,2 Deluxe Suite 2 Queen Beds at The Lucerne Hotel!,501999278,1468058277289999419,RoomPicks,Manhattan,Upper West Side,40.783470,-73.978490,Hotel room,705,1,0,,,147,361,0
1094828974462390323,2 Charming Suites Near Beacon Theater!,501999278,1468058277289999419,RoomPicks,Manhattan,Upper West Side,40.783470,-73.978490,Hotel room,705,1,0,,,147,361,0
1094845169526286962,2 Superior 2 Double Beds at The Lucerne Hotel!,501999278,1468058277289999419,RoomPicks,Manhattan,Upper West Side,40.783470,-73.978490,Hotel room,527,1,0,,,147,365,0
1100167767643925764,I bedroom 2 full size beds 5 mins from JFK airport,429946972,1469947583946482647,Cleveland,Queens,Jamaica,40.671700,-73.780430,Private room,190,1,114,2026-07-27,3.96,3,359,31
1100188470327687501,Beautiful Queen bedroom 5 mins from JFK airport,429946972,1469947583946482647,Cleveland,Queens,Jamaica,40.673360,-73.778880,Private room,132,1,144,2026-07-24,5.01,3,362,24
1100569193093536116,Luxury 2BR Duplex 5 min to Central Park,537135281,1470409588267710994,The Sixty Two,Manhattan,Upper East Side,40.762080,-73.961400,Entire home/apt,781,1,87,2026-07-07,2.96,8,333,38
1100923152752810255,Upper east side apartment,466778613,1470104326787876014,Abdon,Manhattan,Upper East Side,40.771060,-73.959188,Entire home/apt,244,5,65,2026-07-06,2.40,2,12,29
1101090051433885766,Lovely Manhattan apartment sleeps 9,564390984,1470516051386901929,Ebrahim,Manhattan,Harlem,40.807460,-73.944950,Entire home/apt,498,2,81,2026-08-09,2.76,1,297,30
1101110523419007264,The Sage Retreat in Midtown NYC,91445933,1462851210035433315,Adam,Manhattan,Hell's Kitchen,40.764560,-73.988940,Private room,200,1,66,2026-07-20,2.37,6,110,34
1101124537366565735,The Brick Haven in Hell's Kitchen,91445933,1462851210035433315,Adam,Manhattan,Hell's Kitchen,40.764130,-73.989090,Private room,189,1,62,2026-07-13,2.09,6,132,31
1101129819687240230,Hell's Kitchen Nest,91445933,1462851210035433315,Adam,Manhattan,Hell's Kitchen,40.766280,-73.986830,Private room,166,1,52,2026-06-29,1.79,6,139,18
1101146791950591921,"Clean, Cozy Oasis in Brooklyn",5935206,1462693314024584934,Anne,Brooklyn,East New York,40.671330,-73.893060,Private room,172,1,22,2026-07-27,4.37,1,184,22
1101277624224591293,Steps from Wall Street + Fitness Room & Wi-Fi,474812824,1470140929531209320,Holiday Inn New York City,Manhattan,Financial District,40.709850,-74.009650,Private room,199,1,11,2026-08-08,0.37,2,149,5
1101334105867355921,A Tranquil Room Close to JFK Shared with the Host,146275359,1462975363663372059,Modupe,Queens,Springfield Gardens,40.688820,-73.752147,Private room,97,2,42,2026-07-26,1.76,2,108,25
1085510453187564941,Cozy 3 Bedroom W/Backyard Near Subway,560688529,1470504900902028733,Von,Manhattan,Harlem,40.828235,-73.947222,Entire home/apt,429,3,42,2026-07-28,1.50,2,321,9
1085774261317139329,Cozy and Lovely Astoria room,560766299,1470505109586330370,Ngoc,Queens,Long Island City,40.763292,-73.930876,Private room,129,1,164,2026-08-09,5.80,1,256,59
1086312344495922694,Bedroom in the heart of LES,495796281,1463837725363587298,Bella,Manhattan,Lower East Side,40.717420,-73.988620,Private room,238,1,77,2026-07-24,2.83,5,225,36
1086857934528282644,Room #2 in a house close to JFK&LGA,436497763,1469973892369609156,Lei,Queens,Woodhaven,40.694100,-73.849460,Private room,120,1,109,2026-08-02,4.05,2,176,35
1086933204693439048,Single Room in Cozy Apt - 15 mins from JFK,53462719,1465869358939425259,Samuel,Queens,Jamaica,40.680560,-73.770380,Private room,115,1,48,2026-07-13,1.67,1,15,9
1086957723918342538,Studio Style Private Suite w Private Bath in UES,495796281,1463837725363587298,Bella,Manhattan,Upper East Side,40.775990,-73.951010,Entire home/apt,227,1,68,2026-07-25,2.32,5,254,26
1087094198290625423,Studio-Style Private Suite in Ues,391726093,1469811576433338984,Melisa,Manhattan,Upper East Side,40.781230,-73.945510,Private room,343,1,77,2025-08-24,2.61,6,20,3
1087139137702855655,Private Bedroom with In Suite bath in LES,391726093,1469811576433338984,Melisa,Manhattan,Lower East Side,40.717290,-73.986610,Private room,220,1,77,2026-07-26,2.82,6,287,35
1087385956162294812,Upper west side retreat,555609789,1470481048794826222,Marco,Manhattan,Upper West Side,40.781140,-73.981810,Entire home/apt,770,1,76,2026-07-20,2.58,3,279,21
1087800217989122112,"City Escape! Pets Allowed, Parking,TImes Square!",501999278,1468058277289999419,RoomPicks,Manhattan,Hell's Kitchen,40.764580,-73.995950,Hotel room,246,1,2,2025-12-30,0.19,147,346,2
1087800916009051587,"Modern Amenities! Parking, Pets Allowed!",501999278,1468058277289999419,RoomPicks,Manhattan,Hell's Kitchen,40.764580,-73.995950,Hotel room,246,1,0,,,147,345,0
1087931058584862187,Upscale Boutique Hotel in the Heart of Manhattan,501999278,1468058277289999419,RoomPicks,Manhattan,Midtown,40.756020,-73.972210,Hotel room,239,1,38,2026-08-03,1.33,147,285,17
1094846910093881527,"Broadway Adventure, 2 Superior Rooms!",501999278,1468058277289999419,RoomPicks,Manhattan,Upper West Side,40.783470,-73.978490,Hotel room,528,1,0,,,147,365,0
1094848592248598541,"The Lucerne Hotel, 3 Deluxe Rooms!",501999278,1468058277289999419,RoomPicks,Manhattan,Upper West Side,40.783470,-73.978490,Hotel room,1097,1,0,,,147,312,0
1094850740859468109,"The Lucerne Hotel, 3 Deluxe Rooms!",501999278,1468058277289999419,RoomPicks,Manhattan,Upper West Side,40.783470,-73.978490,Hotel room,1097,1,0,,,147,312,0
1094854129910468799,3 Deluxe Rooms at The Lucerne Hotel!,501999278,1468058277289999419,RoomPicks,Manhattan,Upper West Side,40.783470,-73.978490,Hotel room,791,1,2,2024-08-07,0.08,147,365,0
1094856719742290170,"Upper West Side Charm, 3 Chic Rooms!",501999278,1468058277289999419,RoomPicks,Manhattan,Upper West Side,40.783470,-73.978490,Hotel room,792,1,0,,,147,365,0
1094860088554764411,"The Lucerne Hotel, 4 Deluxe Rooms!",501999278,1468058277289999419,RoomPicks,Manhattan,Upper West Side,40.783470,-73.978490,Hotel room,1203,1,0,,,147,298,0
1094862441728384049,"4 Sleek Deluxe Rooms, Manhattan Delight!",501999278,1468058277289999419,RoomPicks,Manhattan,Upper West Side,40.783470,-73.978490,Hotel room,1203,1,0,,,147,298,0
1094864191677112358,"The Lucerne Hotel, 4 Deluxe Rooms!",501999278,1468058277289999419,RoomPicks,Manhattan,Upper West Side,40.783470,-73.978490,Hotel room,1056,1,1,2024-12-29,0.05,147,363,0
1094865520021826431,4 Rooms Close to New York Historical Society!,501999278,1468058277289999419,RoomPicks,Manhattan,Upper West Side,40.783470,-73.978490,Hotel room,1054,1,3,2026-07-21,0.17,147,363,1
1095008385366874794,"Lux 19 Bedroom -Patios-1 Min To Train, sleeps 42",482630627,1470173313149128030,Gigi,Brooklyn,Crown Heights,40.669780,-73.931390,Entire home/apt,2164,3,1,2024-07-29,0.04,4,365,0
1095303457850517678,2 Bedroom Gem in Financial,80669033,1466982559192210435,Krom,Manhattan,Financial District,40.706940,-74.004690,Entire home/apt,467,3,59,2026-07-25,2.07,4,255,22
1095611372784317486,"Citadines Connect Fifth Avenue New York, Select...",561222841,1470506557229437995,Citadines Connect Fifth Avenue New York,Manhattan,Midtown,40.755944,-73.980187,Private room,251,1,83,2026-08-13,2.74,1,361,2
1095737290006810489,2 Bed 2 Bath Duplex in Upper East Side,391726093,1469811576433338984,Melisa,Manhattan,Upper East Side,40.779340,-73.946940,Entire home/apt,580,1,50,2026-07-27,1.91,6,27,16
1095774395165850616,Cozy 3 Bed Apartment in LES,391726093,1469811576433338984,Melisa,Manhattan,Lower East Side,40.718200,-73.991750,Entire home/apt,370,1,65,2026-08-02,2.59,6,73,34
1101427105433497290,Entire Lovely unit New York City,137129564,1462955574867178663,Bing,Queens,Flushing,40.755296,-73.801095,Private room,520,1,36,2026-06-21,1.33,1,242,14
1101470215361697223,Steps to Central Park | Rooftop Bar. Gym. Dining.,564475357,1470516336496057958,Le Meridien Central Park - NYC,Manhattan,Midtown,40.765370,-73.979170,Private room,206,1,434,2026-08-09,15.19,7,197,174
1101472276335266102,"Walk to Central Park + Rooftop Bar, Gym & Terrace",564475357,1470516336496057958,Le Meridien Central Park - NYC,Manhattan,Midtown,40.765320,-73.977790,Private room,297,1,0,,,7,200,0
1101526705334833910,Manhattan at a great price Single person only,545427407,1470441811070247909,David,Manhattan,Harlem,40.810573,-73.941715,Private room,113,2,31,2025-01-03,1.07,11,43,0
1102085119722333632,Deluxe Queen,558544893,,,Manhattan,Financial District,40.709585,-74.008740,Private room,296,1,1,2026-07-09,0.88,5,255,1
1102085119804815913,Petite Queen,558544893,,,Manhattan,Financial District,40.709585,-74.008740,Private room,224,1,2,2026-02-09,0.07,5,242,1
1102085410385698694,Deluxe King,558544893,1470497926691049558,,Manhattan,Financial District,40.709590,-74.008740,Private room,161,1,30,2026-07-26,1.13,5,347,17
1102085427590592656,Premier King,558544893,,,Manhattan,Financial District,40.709590,-74.008740,Private room,296,1,2,2026-02-08,0.07,5,245,1
1102085601893492565,Deluxe Two Queen,558544893,,,Manhattan,Financial District,40.709585,-74.008740,Private room,224,1,2,2026-02-25,0.29,5,254,2
1102093930679454330,Beautiful Sunshine Suite,564616146,1470516793531758554,Abby,Brooklyn,East New York,40.662600,-73.871750,Entire home/apt,327,3,88,2026-07-18,3.03,1,277,29
1102123641767898783,Near One World | Game Room. Skyline Views + Bar,555768867,1470481734968542859,Moxy NYC Downtown New York City,Manhattan,Financial District,40.709730,-74.007170,Private room,302,1,283,2026-08-09,9.75,3,46,76
1102148127809451153,Manhattan Private room for 2 near Subway,545427407,1470441811070247909,David,Manhattan,Harlem,40.810573,-73.941715,Private room,136,2,31,2025-01-04,1.08,11,43,0
1102181933171990977,Manhattan One Person Only Nice room 4th floor,545427407,1470441811070247909,David,Manhattan,Harlem,40.810577,-73.941780,Private room,113,2,37,2024-12-25,1.25,11,43,0
1102299689722653894,*Williamsburg Gem* a Private Scholes Street Suite,71822074,1466887937243976098,Karen,Brooklyn,Williamsburg,40.707460,-73.945620,Private room,241,1,89,2026-07-26,3.05,1,242,35
1102458160848756590,Room B in a House Close to JFK&LGA,510399716,1470294871927818632,Minguang,Queens,Woodhaven,40.696060,-73.851050,Private room,131,1,105,2026-07-18,3.83,3,339,34
1102741832770949828,Deluxe king with futon room,545605779,1470442454910243491,,Manhattan,Midtown,40.747230,-73.986980,Private room,151,1,10,2026-08-01,1.08,6,342,10
1102741833418482380,Deluxe king room,545605779,1470442454910243491,,Manhattan,Midtown,40.747232,-73.986982,Private room,286,1,7,2026-08-16,0.76,6,347,7
1102742061646879735,Deluxe 2 queen beds room,545605779,,,Manhattan,Midtown,40.747232,-73.986982,Private room,205,1,7,2026-07-12,2.04,6,325,7
1102742061694148595,Classic queen room,545605779,,,Manhattan,Midtown,40.747232,-73.986982,Private room,277,1,7,2026-07-06,0.95,6,306,7
1102742192577399198,Classic king room,545605779,1470442454910243491,,Manhattan,Midtown,40.747230,-73.986980,Private room,286,1,25,2026-08-16,4.10,6,346,25
1106510847587344303,Superior Queen - Empire State Terrace,542325136,1470429712976659928,,Manhattan,Midtown,40.747700,-73.986620,Private room,154,1,0,,,8,288,0
1106511007364775922,Accessible King,542325136,1470429712976659928,,Manhattan,Midtown,40.747700,-73.986620,Private room,226,1,10,2026-08-06,0.34,8,321,5
1106511008237916202,Deluxe King Room,542325136,1470429712976659928,,Manhattan,Midtown,40.747700,-73.986620,Private room,263,1,4,2026-06-26,0.29,8,352,3
1106685280673792649,Manhattan Room For 2 Near Shops and Metro,545427407,1470441811070247909,David,Manhattan,Harlem,40.810577,-73.941780,Private room,135,2,39,2025-03-23,1.33,11,43,0
1106790475253895312,Modern 5 Bedroom 2 Bath 2 Min to train,482630627,1470173313149128030,Gigi,Brooklyn,Crown Heights,40.667520,-73.932180,Entire home/apt,718,1,53,2026-06-28,1.94,4,354,23
1107089414471605323,Cozy Room Shared with the Host in Saint Albans,146275359,1462975363663372059,Modupe,Queens,Springfield Gardens,40.688820,-73.752147,Private room,87,2,61,2026-07-17,2.64,2,50,24
1107218753492391849,Steps to Times Square + Fitness Center & Free WiFi,565593070,1470519737357904971,Millennium Premier New York City,Manhattan,Theater District,40.757890,-73.985560,Private room,334,1,438,2026-06-13,15.61,3,180,110
1107221502972673264,Close to Times Square + Fitness Center & Free WiFi,565593070,1470519737357904971,Millennium Premier New York City,Manhattan,Theater District,40.755770,-73.983670,Private room,419,1,10,2025-01-05,0.38,3,180,0
1107861712292911792,"Astoria, steps away from Manhattan",12100005,1462880119233674459,Lea,Queens,Ditmars Steinway,40.781650,-73.910600,Private room,185,4,22,2026-08-10,2.18,1,272,22
1108028455046004023,Midtown NYC Stay Near Broadway & MoMA + Fitness,565665558,1470519934844359040,The Gregorian New York City,Manhattan,Midtown,40.749320,-73.987020,Private room,165,1,152,2026-08-08,5.63,4,30,40
1108033877492468350,Empire State Views + Pet-friendly Stay & Gym,565665558,1470519934844359040,The Gregorian New York City,Manhattan,Midtown,40.750540,-73.985480,Private room,340,1,205,2026-08-02,7.16,4,35,48
1108082653379426204,Tropical Oasis | Times Square. Heated Pool,565579095,1470519698671689552,Margaritaville Resort Times Square NYC,Manhattan,Theater District,40.755760,-73.987410,Private room,401,1,278,2026-07-20,9.87,6,19,90
1108949459249844778,Brownstone Garden Duplex,9892520,1462826310873907491,Marlyn,Manhattan,Harlem,40.808157,-73.954845,Entire home/apt,334,1,118,2026-07-25,4.27,6,228,49
1109568672579690541,Small Manhattan Room twin bed for 1 person only,545427407,1470441811070247909,David,Manhattan,Harlem,40.810577,-73.941780,Private room,115,2,36,2025-01-04,1.23,11,43,0
1109634888266503902,Cozy Modern Brooklyn Studio,436311597,1469973160060591239,Devora,Brooklyn,Crown Heights,40.670050,-73.941900,Entire home/apt,375,2,59,2026-07-19,2.03,7,46,15
1097125455525075775,"The Tillary Hotel Brooklyn, 2 Double beds classic",563069592,1470512113131551773,,Brooklyn,Downtown Brooklyn,40.696355,-73.984352,Private room,293,1,188,2026-08-15,6.24,9,364,148
1097125456307217681,"The Tillary Hotel Brooklyn, Classic full room",563069592,,,Brooklyn,Downtown Brooklyn,40.696355,-73.984352,Private room,103,1,45,2026-08-04,1.57,9,295,30
1097125624434587092,"The Tillary Hotel Brooklyn, 1 King bed classic",563069592,1470512113131551773,,Brooklyn,Downtown Brooklyn,40.696355,-73.984352,Private room,252,1,364,2026-08-16,12.80,9,357,295
1097125628839778676,"The Tillary Hotel Brooklyn, 1 King bed classic ...",563069592,1470512113131551773,,Brooklyn,Downtown Brooklyn,40.696355,-73.984352,Private room,252,1,67,2026-08-05,2.61,9,362,33
1097125751143859409,"The Tillary Hotel Brooklyn, 1 Queen bed classic",563069592,,,Brooklyn,Downtown Brooklyn,40.696355,-73.984352,Private room,140,1,55,2026-08-06,1.85,9,322,52
1097125758418099444,"The Tillary Hotel Brooklyn, 1 King bed junior s...",563069592,,,Brooklyn,Downtown Brooklyn,40.696355,-73.984352,Private room,140,1,17,2026-07-13,2.04,9,360,17
1097125870673466743,"The Tillary Hotel Brooklyn, 1 King bed luxury",563069592,1470512113131551773,,Brooklyn,Downtown Brooklyn,40.696355,-73.984352,Private room,140,1,93,2026-08-17,4.70,9,357,85
1097125873720455537,"The Tillary Hotel Brooklyn, 1 Bedroom suite kin...",563069592,,,Brooklyn,Downtown Brooklyn,40.696355,-73.984352,Private room,140,1,4,2026-04-19,0.67,9,326,4
1097176520785786614,"The Tillary Hotel Brooklyn, 2 Double beds class...",563069592,,,Brooklyn,Downtown Brooklyn,40.696355,-73.984352,Private room,140,1,57,2026-08-07,3.02,9,360,50
1097961844061495864,"Sunny, Queen Bed, Desk, Closet, Smart TV & WiFi",350734391,1469699011803057112,Md,Brooklyn,Sunset Park,40.659640,-73.990410,Private room,210,1,42,2026-07-05,1.64,2,142,18
1097987350186137367,"CODA Williamsburg, Selected by hotel",563633164,,,Brooklyn,Williamsburg,40.721020,-73.955695,Private room,215,1,4,2026-05-17,0.67,1,1,4
1102887888654922136,Large,551573831,,,Manhattan,Midtown,40.744956,-73.988470,Private room,585,1,0,,,4,334,0
1102887888854380623,Cosy,551573831,1470465974755412757,,Manhattan,Midtown,40.744956,-73.988470,Private room,555,1,4,2026-07-16,0.49,4,0,4
1102888082826227792,Large Room (Mobility/Hearing Accessible),551573831,1470465974755412757,,Manhattan,Midtown,40.744956,-73.988470,Private room,555,1,0,,,4,0,0
1102888432985586112,Medium,551573831,1470465974755412757,,Manhattan,Midtown,40.744956,-73.988470,Private room,555,1,7,2026-06-15,0.89,4,0,7
1102889136010576221,Accessible Deluxe King,555687103,,,Manhattan,Theater District,40.757784,-73.983777,Private room,279,1,0,,,15,204,0
1102890080482160409,Executive 2 Queen Beds,555687103,1470481401772913761,,Manhattan,Theater District,40.757784,-73.983777,Private room,239,1,7,2026-06-17,0.60,15,276,7
1102890114710623368,Accessible King Suite,555687103,,,Manhattan,Theater District,40.757784,-73.983777,Private room,279,1,0,,,15,260,0
1102890221632577533,Executive 2 Queen Beds with Balcony,555687103,,,Manhattan,Theater District,40.757784,-73.983777,Private room,209,1,0,,,15,140,0
1102890388137871208,Executive King with Balcony,555687103,1470481401772913761,,Manhattan,Theater District,40.757784,-73.983777,Private room,189,1,0,,,15,261,0
1102890388283725834,Executive King,555687103,,,Manhattan,Theater District,40.757784,-73.983777,Private room,324,1,1,2024-11-11,0.05,15,260,0
1102890543497243557,Executive Corner King,555687103,,,Manhattan,Theater District,40.757784,-73.983777,Private room,279,1,0,,,15,260,0
1102890693620178347,King Suite with Balcony,555687103,,,Manhattan,Theater District,40.757784,-73.983777,Private room,259,1,0,,,15,195,0
1102891070945951937,King Suite,555687103,,,Manhattan,Theater District,40.757784,-73.983777,Private room,324,1,0,,,15,260,0
1102891100018405106,Muse Suite,555687103,,,Manhattan,Theater District,40.757784,-73.983777,Private room,279,1,0,,,15,244,0
1102891295661523512,New Deluxe King,555687103,,,Manhattan,Theater District,40.757784,-73.983777,Private room,279,1,16,2026-02-14,0.97,15,257,8
1103172794842065130,"Cozy guest suite pvt entrance, bathroom, kitchen",30777013,1465453099490538118,Jean,Queens,Forest Hills,40.712780,-73.855560,Private room,263,2,100,2026-07-22,3.53,3,232,34
1103306738228403778,"The Central At 5Th, A Hilton  - Studio Plus - Stp",475761645,1470144736865069399,Fabian,Manhattan,Midtown,40.756628,-73.979546,Private room,1013,1,3,2025-12-03,0.15,9,280,2
1103307088435677000,The Central At 5Th - Studio Penthouse,475761645,1470144736865069399,Fabian,Manhattan,Midtown,40.756628,-73.979546,Private room,958,1,0,,,9,283,0
1103307431574111475,The Central At 5Th - Studio Premier,475761645,1470144736865069399,Fabian,Manhattan,Midtown,40.756628,-73.979546,Private room,764,1,0,,,9,271,0
1103308047320169556,The Central At 5Th - Studio Premier Plus,475761645,1470144736865069399,Fabian,Manhattan,Midtown,40.756628,-73.979546,Private room,1581,1,0,,,9,282,0
1103988756068919543,Modern Guest Suite Near Subway,308812032,1463430088249466976,Fee,Brooklyn,East New York,40.676697,-73.876478,Private room,161,1,128,2026-08-09,4.45,1,140,47
1104327697050358536,Compact & Cozy 2BR in the LES,153643919,1468505041966282344,Angy,Manhattan,Chinatown,40.714080,-73.994882,Entire home/apt,315,1,63,2026-07-27,2.20,2,241,30
1104349873802426432,"Sunny, cozy room in Central Brooklyn",13230788,1462906379001459452,Andrew,Brooklyn,Flatbush,40.643720,-73.958130,Private room,125,1,172,2026-07-27,6.06,2,11,73
1104472941469620295,Cozy room in Central Brooklyn,13230788,1462906379001459452,Andrew,Brooklyn,Flatbush,40.644240,-73.958030,Private room,122,1,182,2026-07-25,6.47,2,15,66
1110321873169952243,private entrance suite in center of Staten Island,464779742,1463766593311747419,Silvia,Staten Island,Grant City,40.580150,-74.106760,Private room,178,1,54,2026-06-06,2.00,2,120,38
1110577872139209188,Sleepless City| Central Park l High Floor,565579563,1470519699594812811,Millennium Broadway,Manhattan,Theater District,40.757650,-73.985630,Private room,245,1,83,2026-08-09,3.48,10,184,29
1110578563834555617,Sleepless City| Times Square. Fitness Center,565579563,1470519699594812811,Millennium Broadway,Manhattan,Theater District,40.757660,-73.986040,Private room,235,1,134,2026-08-05,4.87,10,180,31
1110580750895991230,Sleepless City| Times Square. Fitness Center,565579563,1470519699594812811,Millennium Broadway,Manhattan,Theater District,40.757820,-73.985480,Private room,225,1,989,2026-08-10,35.11,10,182,398
1110581639955603376,Cultural City| Empire State l High Floor,565579563,1470519699594812811,Millennium Broadway,Manhattan,Theater District,40.756740,-73.983820,Private room,245,1,11,2026-08-08,0.40,10,184,2
1110582578094302314,Electrifying City| Rockefeller l Ball Drop view,565579563,1470519699594812811,Millennium Broadway,Manhattan,Theater District,40.757460,-73.986100,Private room,263,1,5,2026-08-09,0.34,10,184,4
1110583877459517706,Iconic City| Central Park l City View,565579563,1470519699594812811,Millennium Broadway,Manhattan,Theater District,40.756750,-73.983910,Private room,263,1,3,2025-01-06,0.11,10,184,0
1110790405313313117,"FIFA 20mins|5 BR,3.5Ba| Chef''s Kitchen|Backyard",481452777,1470168098247100824,Jude,Manhattan,Harlem,40.827722,-73.947957,Entire home/apt,1295,1,48,2026-08-01,1.75,17,302,16
1110847898990560606,FIFA20min | King bed-Time Square 20mins|Backyard,481452777,1470168098247100824,Jude,Manhattan,Harlem,40.827722,-73.947957,Entire home/apt,371,1,31,2026-07-23,1.14,17,291,5
1110993438677864788,Apartment with Shared bath on Union Square,408979935,1463633576430998493,The Village House,Manhattan,Gramercy,40.734720,-73.986970,Entire home/apt,217,1,58,2026-06-21,2.13,39,112,17
1111070044294135199,Close to Lincoln Center + Rooftop Terrace & Bar,566772205,1470523334988962299,Arthouse Hotel New York City,Manhattan,Upper West Side,40.781550,-73.981820,Private room,268,1,186,2026-08-03,6.77,6,158,48
1111071226514488327,"Upper West Side Stay + Rooftop Terrace, Bar & Gym",566772205,1470523334988962299,Arthouse Hotel New York City,Manhattan,Upper West Side,40.781390,-73.980350,Private room,279,1,268,2026-07-30,9.69,6,146,96
1111072216805246742,Near Lincoln Center + On-site Dining. Balcony. Gym,566772205,1470523334988962299,Arthouse Hotel New York City,Manhattan,Upper West Side,40.783290,-73.979580,Private room,500,1,14,2026-05-16,0.67,6,134,4
1111072720693755574,Near the Museum of Natural History + Restaurant,566772205,1470523334988962299,Arthouse Hotel New York City,Manhattan,Upper West Side,40.783230,-73.980150,Private room,267,1,122,2026-08-06,4.53,6,151,53
1111073455017860470,Walk to Central Park + On-site Dining & Gym,566772205,1470523334988962299,Arthouse Hotel New York City,Manhattan,Upper West Side,40.782980,-73.979770,Private room,387,1,56,2026-07-28,2.44,6,145,21
1111467358307767724,Near Times Square with Rooftop + 5 Dining On-site,566738582,1470523238152346757,The Knickerbocker New York City,Manhattan,Theater District,40.755310,-73.986038,Private room,432,1,263,2026-08-09,9.29,6,283,47
1111468336655364551,"Near Broadway with Rooftop View, Gym + 5 Dining",566738582,1470523238152346757,The Knickerbocker New York City,Manhattan,Theater District,40.755310,-73.986038,Private room,464,1,40,2026-08-04,1.43,6,287,3
1111469166952399014,Near Fifth Ave & FIFA Stay with Rooftop + Dining,566738582,1470523238152346757,The Knickerbocker New York City,Manhattan,Theater District,40.755310,-73.986038,Private room,495,1,20,2026-06-01,0.72,6,295,3
1111469726684605187,"Luxury NYC Stay with Rooftop, Gym + Dining & Bar",566738582,1470523238152346757,The Knickerbocker New York City,Manhattan,Theater District,40.755550,-73.986128,Private room,472,1,68,2026-08-09,2.46,6,262,8
1111470252916396113,"Premium NYC Stay | Rooftop, Gym & 5 Restaurants",566738582,1470523238152346757,The Knickerbocker New York City,Manhattan,Theater District,40.755310,-73.986038,Private room,488,1,60,2026-08-04,2.15,6,272,24
1111471727964938540,Near Met Stadium | Restaurant + FIFA Ready Stay,566738582,1470523238152346757,The Knickerbocker New York City,Manhattan,Theater District,40.755310,-73.986038,Private room,527,1,19,2026-07-09,0.69,6,281,5
1111521365863732716,Steps to Central Park + Dining & Rooftop Terrace,566772205,1470523334988962299,Arthouse Hotel New York City,Manhattan,Upper West Side,40.781570,-73.979900,Private room,239,1,723,2026-08-09,25.98,6,158,307
1111538705991605733,Times Square Views | Bar. Fitness + Rooftop Bar,565767852,1470520259498693628,M Social Hotel Times Square New York,Manhattan,Theater District,40.762699,-73.983658,Private room,291,1,907,2026-07-27,32.05,7,242,238
1111540336881417764,Broadway Block | Rooftop Bar Views. Dining On-site,565767852,1470520259498693628,M Social Hotel Times Square New York,Manhattan,Theater District,40.762699,-73.983658,Private room,291,1,1063,2026-08-09,37.21,7,238,470
1111609937553723816,Italian Flair | Sightseeing. Restaurant,566582358,1470522766065101792,Michelangelo New York City,Manhattan,Theater District,40.762560,-73.983090,Private room,300,1,46,2026-08-04,2.03,4,342,15
1111612207063541662,Cosmopolitan Appeal | Museums. Restaurant,566582358,1470522766065101792,Michelangelo New York City,Manhattan,Theater District,40.760550,-73.981820,Private room,415,1,17,2026-06-14,1.01,4,332,9
1111633515090973506,Whimsical Charm| Sightseeing. Rooftop Restaurant,566582995,1470522767935050540,Park Lane New York City,Manhattan,Midtown,40.765360,-73.976350,Private room,518,1,75,2026-08-07,2.78,4,161,31
1111635958543496988,NYC Flair | Museums. Rooftop Restaurant,566582995,1470522767935050540,Park Lane New York City,Manhattan,Midtown,40.763970,-73.975600,Private room,589,1,1,2025-02-26,0.06,4,117,0
1111638766309267875,Charming Stay| Central Park. Rooftop Restaurant,566582995,1470522767935050540,Park Lane New York City,Manhattan,Midtown,40.764140,-73.975760,Private room,658,1,9,2025-12-14,0.34,4,154,3
1111641652570366114,NYC Adventure | Museums. Rooftop Restaurant,566582995,1470522767935050540,Park Lane New York City,Manhattan,Midtown,40.764460,-73.974140,Private room,553,1,11,2026-06-29,0.85,4,154,9
1111665858167390406,"5-Star Charm Beside Central Park, Family Suites",501999278,1468058277289999419,RoomPicks,Manhattan,Upper East Side,40.765030,-73.971670,Hotel room,909,1,0,,,147,344,0
1111665965272421981,"Park View Room King Bed, The Pierre, Central Park",501999278,1468058277289999419,RoomPicks,Manhattan,Upper East Side,40.765030,-73.971670,Hotel room,909,1,0,,,147,344,0
1111666023012679487,Opulent Midtown Retreat with White-Gloved Service,501999278,1468058277289999419,RoomPicks,Manhattan,Upper East Side,40.765030,-73.971670,Hotel room,16446,1,0,,,147,338,0
1111666150326773564,"Presidential Suite Park View King Bed, The Pierre",501999278,1468058277289999419,RoomPicks,Manhattan,Upper East Side,40.765030,-73.971670,Hotel room,17613,1,0,,,147,338,0
1111666189502797460,"Elegant Uptown Oasis, Forbes-Rated Excellence",501999278,1468058277289999419,RoomPicks,Manhattan,Upper East Side,40.765030,-73.971670,Hotel room,4860,1,0,,,147,352,0
1111666496980873964,Chic Historic Hotel Steps from 5th Avenue Shops,501999278,1468058277289999419,RoomPicks,Manhattan,Upper East Side,40.765030,-73.971670,Hotel room,4379,1,0,,,147,355,0
1111666644789734414,"Signature Grand Suite, City View, The Pierre NYC",501999278,1468058277289999419,RoomPicks,Manhattan,Upper East Side,40.765030,-73.971670,Hotel room,4379,1,0,,,147,355,0
1111666722608069202,Plush Suites by Central Park with Fitness Center,501999278,1468058277289999419,RoomPicks,Manhattan,Upper East Side,40.765030,-73.971670,Hotel room,1866,1,0,,,147,348,0
1111666846550197497,"Premier One Bedroom King Suite, The Pierre, Pets",501999278,1468058277289999419,RoomPicks,Manhattan,Upper East Side,40.765030,-73.971670,Hotel room,1858,1,0,,,147,348,0
1111666912417635052,"Deluxe Grand Suite 2 Bedroom, The Pierre NYC",501999278,1468058277289999419,RoomPicks,Manhattan,Upper East Side,40.765030,-73.971670,Hotel room,4860,1,0,,,147,352,0
1111666966430724392,Upscale Central Park Perch with Five-Star Dining,501999278,1468058277289999419,RoomPicks,Manhattan,Upper East Side,40.765030,-73.971670,Hotel room,2403,1,0,,,147,309,0
1111667095611564257,"Grand Suite, City View, King Bed, The Pierre NYC",501999278,1468058277289999419,RoomPicks,Manhattan,Upper East Side,40.765030,-73.971670,Hotel room,2403,1,0,,,147,309,0
1111667518549873713,Central Park's Refined Retreat: The Pierre's Grace,501999278,1468058277289999419,RoomPicks,Manhattan,Upper East Side,40.765030,-73.971670,Hotel room,1505,1,0,,,147,358,0
1111667865312639571,"City View Suites, 2 Twin, The Pierre, Living Area",501999278,1468058277289999419,RoomPicks,Manhattan,Upper East Side,40.765030,-73.971670,Hotel room,1505,1,0,,,147,358,0
1111668017147687957,Historic Glamour: An Iconic Central Park Haven,501999278,1468058277289999419,RoomPicks,Manhattan,Upper East Side,40.765030,-73.971670,Hotel room,1514,1,0,,,147,358,0
1111668235114554994,"City View Suite, King Bed, Living Area, The Pierre",501999278,1468058277289999419,RoomPicks,Manhattan,Upper East Side,40.765030,-73.971670,Hotel room,1616,1,0,,,147,358,0
1111668741363949906,Grandeur Unveiled: The Pierre's Timeless Appeal,501999278,1468058277289999419,RoomPicks,Manhattan,Upper East Side,40.765030,-73.971670,Hotel room,967,1,0,,,147,328,0
1111668821800905528,"Signature Room, Park View, King Bed, The Pierre",501999278,1468058277289999419,RoomPicks,Manhattan,Upper East Side,40.765030,-73.971670,Hotel room,967,1,0,,,147,328,0
1111668952583464683,"Exclusive Parkside Experience, NYC Sophistication",501999278,1468058277289999419,RoomPicks,Manhattan,Upper East Side,40.765030,-73.971670,Hotel room,1092,1,0,,,147,351,0
1111669815665797482,"Executive Suite Interior View King Bed, The Pierre",501999278,1468058277289999419,RoomPicks,Manhattan,Upper East Side,40.765030,-73.971670,Hotel room,1092,1,0,,,147,351,0
1111670028116667408,Majestic Haven: Central Park's Serenity | 2 Units,501999278,1468058277289999419,RoomPicks,Manhattan,Upper East Side,40.765030,-73.971670,Hotel room,2184,1,0,,,147,345,0
1111670409390647896,"Executive Suite, The Pierre, King Bed | 2 Units",501999278,1468058277289999419,RoomPicks,Manhattan,Upper East Side,40.765030,-73.971670,Hotel room,2184,1,0,,,147,345,0
1111670644723270152,Refined Radiance: Central Park's Icon | 3 Units,501999278,1468058277289999419,RoomPicks,Manhattan,Upper East Side,40.765030,-73.971670,Hotel room,3276,1,0,,,147,339,0
1111670875030380240,"The Pierre, Executive Suite, King Bed | 3 Units",501999278,1468058277289999419,RoomPicks,Manhattan,Upper East Side,40.765030,-73.971670,Hotel room,3276,1,0,,,147,337,0
1111671141952920228,Opulent Oasis: A Central Park Sanctuary | 4 Units,501999278,1468058277289999419,RoomPicks,Manhattan,Upper East Side,40.765030,-73.971670,Hotel room,4367,1,0,,,147,333,0
1111671446835633847,A Legacy of Elegance: Central Park's Finesse,501999278,1468058277289999419,RoomPicks,Manhattan,Upper East Side,40.765030,-73.971670,Hotel room,663,1,0,,,147,349,0
1111672014479078678,"City View Room, 2 Twin Beds, The Pierre NYC, Pets",501999278,1468058277289999419,RoomPicks,Manhattan,Upper East Side,40.765030,-73.971670,Hotel room,711,1,0,,,147,349,0
1111672508046014380,Embracing History: The Pierre's Majestic Offerings,501999278,1468058277289999419,RoomPicks,Manhattan,Upper East Side,40.765030,-73.971670,Hotel room,663,1,3,2025-08-16,0.22,147,354,1
1111672634422819489,"City View Room, King Bed, The Pierre NYC, Pets",501999278,1468058277289999419,RoomPicks,Manhattan,Upper East Side,40.765030,-73.971670,Hotel room,711,1,0,,,147,354,0
1111672853839920280,Family Friendly near Central Park: Culinary Escape,501999278,1468058277289999419,RoomPicks,Manhattan,Upper East Side,40.765030,-73.971670,Hotel room,589,1,0,,,147,306,0
1111672893457907038,"Superior Room, Interior View, King Bed, The Pierre",501999278,1468058277289999419,RoomPicks,Manhattan,Upper East Side,40.765030,-73.971670,Hotel room,589,1,0,,,147,306,0
1105462821419503909,Sunny Chinatown 1BR,75266494,1462814878428286150,Zviadi,Manhattan,Chinatown,40.714930,-73.997050,Entire home/apt,179,1,84,2026-07-21,2.88,5,24,35
1105496514661879085,Cozy Quiet Room in Hell’s Kitchen - Times Square,272775635,1469439739886835521,Paula,Manhattan,Hell's Kitchen,40.763580,-73.985540,Private room,250,1,101,2026-07-27,3.44,1,29,45
1105531878875307358,The Jungle Wild Luxe Room.,303991288,1469557275359173200,Michelle,Manhattan,Hell's Kitchen,40.764660,-73.989210,Private room,166,1,100,2026-07-23,3.43,2,100,37
1105555935955713382,Golden Wild Retreat Room.,303991288,1469557275359173200,Michelle,Manhattan,Hell's Kitchen,40.762370,-73.993580,Private room,224,1,63,2026-07-15,2.20,2,96,30
1105726516446842770,Shared Duplex near JFK,563653745,1470513902230736794,Deric,Queens,South Ozone Park,40.667510,-73.811700,Shared room,123,1,60,2026-07-21,2.44,1,266,18
1105738951226242511,Gotham queen with balcony,564458878,,,Brooklyn,Williamsburg,40.722449,-73.957260,Private room,423,1,4,2026-07-31,0.66,5,345,4
1105739323543886103,Gotham king with balcony,564458878,1470516283274224028,,Brooklyn,Williamsburg,40.722449,-73.957260,Private room,912,1,6,2026-06-26,0.65,5,353,6
1105771415070916042,Contemporary Suite near Radio City Music Hall!,174792040,1463062109462152996,Roompicks By Victoria,Manhattan,Murray Hill,40.750190,-73.977540,Hotel room,392,1,0,,,24,333,0
1106478978928072650,Big Apple Stay,41941061,1465624425376878549,Mavi,Manhattan,Hell's Kitchen,40.761820,-73.993380,Private room,293,2,46,2026-07-08,1.85,1,230,22
1106487658159396813,Gallery Two Queen Accessible,545604918,,,Manhattan,Murray Hill,40.750208,-73.977637,Private room,242,1,8,2026-07-31,0.46,8,327,5
1106487658491603142,Gallery Two Queens,545604918,,,Manhattan,Murray Hill,40.750208,-73.977637,Private room,281,1,35,2026-07-10,1.42,8,334,16
1106487805288775893,Gallery King Accessible,545604918,,,Manhattan,Murray Hill,40.750208,-73.977637,Private room,242,1,4,2025-12-21,0.14,8,339,2
1106487812715986226,King size bed & separate living room with sofabed,545604918,,,Manhattan,Murray Hill,40.750208,-73.977637,Private room,242,1,3,2026-07-05,0.63,8,350,3
1106487941419066421,Gallery Queen,545604918,,,Manhattan,Murray Hill,40.750208,-73.977637,Private room,287,1,7,2026-07-18,0.28,8,287,5
1106487953675465014,"The Renwick Hotel New York City, James Renwick ...",545604918,,,Manhattan,Murray Hill,40.750208,-73.977637,Private room,395,1,0,,,8,315,0
1106488077727435771,Gallery King,545604918,1470442452197870276,,Manhattan,Murray Hill,40.750208,-73.977637,Private room,332,1,135,2026-08-13,4.52,8,358,44
1106488079109849778,Gallery Studio Suite,545604918,,,Manhattan,Murray Hill,40.750208,-73.977637,Private room,170,1,1,2025-11-15,0.11,8,303,1
1106503342430113525,Deluxe Double Queen,542325136,1470429712976659928,,Manhattan,Midtown,40.747700,-73.986620,Private room,154,1,8,2026-07-29,0.33,8,322,5
1106503385895164044,Deluxe Double Queen Family,542325136,,,Manhattan,Midtown,40.747700,-73.986620,Private room,205,1,0,,,8,332,0
1106503385900347992,Superior Double Queen,542325136,1470429712976659928,,Manhattan,Midtown,40.747700,-73.986620,Private room,226,1,11,2026-07-31,0.57,8,340,7
1106503386018127003,Deluxe Queen,542325136,1470429712976659928,,Manhattan,Midtown,40.747700,-73.986620,Private room,263,1,2,2026-07-30,0.07,8,342,1
1106510847376444282,Accessible Double Queen,542325136,,,Manhattan,Midtown,40.747700,-73.986620,Private room,369,1,6,2026-05-08,0.39,8,280,5
1115380808111478492,Manhattan View Stay | Restaurant & Bar on-site,556115366,1470483693653062777,M Social New York Downtown,Manhattan,Financial District,40.710320,-74.009570,Private room,1012,1,46,2026-01-05,1.58,13,190,2
1115417017868114695,Near Brooklyn Bridge | Views. Bar On-site + Gym,556115366,1470483693653062777,M Social New York Downtown,Manhattan,Tribeca,40.712100,-74.009260,Private room,283,1,372,2026-05-20,13.45,13,190,217
1115471563998250173,Best located private bedroom in Astoria!,469233712,1470115862156951456,Patricia Farias,Queens,Astoria,40.765720,-73.916850,Private room,184,1,107,2026-07-31,4.37,1,242,57
1115967878783497786,FIFA20mins-Huge6BR 4.5Ba-Chef's Kitchen-Backyard,481452777,1470168098247100824,Jude,Manhattan,Harlem,40.826520,-73.948790,Entire home/apt,1470,1,15,2026-07-12,0.53,17,289,7
1115980846989416764,"Rooms in Queens, Flushing NY",315351705,1469595015531372173,Krystal,Queens,College Point,40.786600,-73.839200,Private room,344,2,65,2026-07-26,2.35,2,320,27
1116555539786039678,"Dream Midtown, Selected by hotel",566867118,1470523707266026271,"Dream Midtown, By Hyatt",Manhattan,Midtown,40.764395,-73.981741,Private room,189,1,80,2026-08-15,2.75,1,362,56
1116555653879118965,Selected by Hotel,566872036,1470523724354061424,The Time New York,Manhattan,Theater District,40.760980,-73.985503,Private room,199,1,68,2026-07-19,2.31,1,363,29
1116729772468124199,Exclusive Apartment 512 | Shared Bathroom,401202937,1469841047362978348,Eliza,Manhattan,Midtown,40.746290,-73.988710,Entire home/apt,221,1,36,2026-08-06,1.26,70,164,18
1116930231790877712,A Cozy Home 30 Min From Midtown Manhattan,249297875,1463296275359084638,Guoxin,Bronx,Woodlawn,40.896990,-73.874740,Private room,370,1,24,2026-05-20,1.43,1,134,16
1116986059041927579,Stylish One Bedroom in Midtown West,538145202,1470413502599136296,Steven,Manhattan,Hell's Kitchen,40.758440,-73.994780,Entire home/apt,594,2,46,2026-07-20,1.61,4,74,24
1117020499230853825,Luxury 1 bdrm in Midtown-Hells Kitchen,538145202,1470413502599136296,Steven,Manhattan,Hell's Kitchen,40.765056,-73.994786,Entire home/apt,632,1,14,2026-05-15,0.59,4,172,8
1117330803139603196,"Sofitel New York, Selected by hotel",562226883,1470509606544076822,Sofitel New York,Manhattan,Midtown,40.755394,-73.981440,Private room,299,1,33,2026-08-01,1.14,1,15,27
1117496740720620113,Cozy and quiet one bedroom in Hells Kitchen,46167132,1465690236254511173,NYC Rentals,Manhattan,Hell's Kitchen,40.764760,-73.992200,Entire home/apt,537,2,44,2026-07-25,1.61,4,46,17
1117512108535863744,Luxurious 1BR w/ Private Patio near Central Park,537135281,1470409588267710994,The Sixty Two,Manhattan,Upper East Side,40.762008,-73.961398,Entire home/apt,647,1,50,2026-08-02,3.05,8,305,41
1117520708516978979,Room C in a House close to JFK&LGA,510399716,1470294871927818632,Minguang,Queens,Woodhaven,40.696720,-73.851470,Private room,131,1,99,2026-08-09,3.82,3,357,36
1117575469976164572,Manhattan Skyline Luxury Unit,46167132,1465690236254511173,NYC Rentals,Manhattan,Hell's Kitchen,40.757540,-73.990980,Entire home/apt,607,2,64,2026-08-06,2.28,4,49,34
1118284154882166548,Gorgeous views: Theater district,568439622,1470528627530005236,LuxQuarters,Manhattan,Theater District,40.761040,-73.984260,Entire home/apt,1284,3,85,2026-07-25,2.98,3,180,31
1119779223582471106,"Beautiful Cozy. Large One-bedroom, Two-bath, Condo",33614626,1465491581945585769,Colleen,Manhattan,Midtown,40.764960,-73.981170,Entire home/apt,797,1,11,2026-07-19,0.49,1,59,6
1120120917663313525,Brooklyn Haven,276644957,1469458529480836591,Aron,Brooklyn,East Flatbush,40.656920,-73.936880,Private room,271,1,62,2026-07-26,2.30,1,152,14
1111892693817795878,Room in Queens Village New York,187030664,1468967981628440231,Asad,Queens,Queens Village,40.708040,-73.742340,Private room,88,3,54,2026-08-10,2.09,1,320,31
1112313952031734864,"Boro Hotel, Selected by hotel",564663178,1470516938091743198,Boro Hotel,Queens,Long Island City,40.754556,-73.935839,Private room,339,1,123,2026-08-10,4.19,1,208,101
1112521342674312346,Intercon ground,338424773,1469658462291801835,Md,Queens,Jamaica,40.698121,-73.804121,Entire home/apt,253,1,48,2026-08-03,1.74,1,153,8
1115294849933964740,Stay Near Brooklyn Bridge | Dining On-site + Gym,556115366,1470483693653062777,M Social New York Downtown,Manhattan,Financial District,40.710260,-74.010970,Private room,934,1,29,2025-04-14,1.00,13,190,0
1115377466525054553,Near Battery Park | City Views. Gym + Pet Friendly,556115366,1470483693653062777,M Social New York Downtown,Manhattan,Financial District,40.710420,-74.011200,Private room,273,1,359,2026-05-19,12.38,13,183,228
1127654951906502258,Enjoy Ample Living area at Midtown Manhattan Room,174792040,1463062109462152996,Roompicks By Victoria,Manhattan,Murray Hill,40.750192,-73.977539,Hotel room,382,1,0,,,24,333,0
1127656056268893557,Cozy private bedroom with bathroom in NYC,51186155,1465794943703341053,Heng,Queens,Flushing,40.731590,-73.794200,Private room,94,2,138,2026-08-02,4.84,1,13,58
1127745978749029148,Italian Chic | Restaurant. Sightseeing,566582358,1470522766065101792,Michelangelo New York City,Manhattan,Theater District,40.761030,-73.983480,Private room,319,1,105,2026-07-28,4.77,4,318,57
1127753693824936309,Harlem Renaissance,557454304,1470491815809002858,Joseph,Manhattan,Harlem,40.809310,-73.946370,Entire home/apt,360,1,47,2026-07-27,1.97,3,264,31
1127760258809080188,The Lenox,557454304,1470491815809002858,Joseph,Manhattan,Harlem,40.810710,-73.947270,Entire home/apt,447,1,47,2026-07-25,1.99,3,275,34
1128141852228986763,Comfort Quarters | Times Square. Fitness Center,565579563,1470519699594812811,Millennium Broadway,Manhattan,Theater District,40.757860,-73.984070,Private room,263,1,184,2026-08-06,6.61,10,177,51
1128145408411182795,Superior Summit | Central Park l High Floor,565579563,1470519699594812811,Millennium Broadway,Manhattan,Theater District,40.757950,-73.984260,Private room,272,1,84,2026-08-09,3.07,10,182,26
1128146427186237718,Premier Paradise | Rockefeller l Ball Drop view,565579563,1470519699594812811,Millennium Broadway,Manhattan,Theater District,40.758160,-73.984050,Private room,282,1,184,2026-08-09,6.66,10,183,52
1128147919524464105,Double Deluxe | Times Square l City View,565579563,1470519699594812811,Millennium Broadway,Manhattan,Theater District,40.757690,-73.983790,Private room,332,1,114,2026-08-05,4.38,10,184,5
1128271703183585451,Woodhaven room,378924061,1463565967135410188,Talia,Queens,Woodhaven,40.692757,-73.858056,Private room,132,2,75,2026-08-01,2.69,1,287,27
1128290579418865013,Hosted Rental with a Private Bed and Bath,72388286,1466894068787589285,Brian,Brooklyn,Carroll Gardens,40.682280,-73.992880,Private room,441,1,38,2026-07-31,1.52,1,141,12
1128348809406074738,Stay near Times Square in NYC!,570774750,1470535906299162541,Marina,Manhattan,Theater District,40.756470,-73.987670,Entire home/apt,307,2,68,2026-08-09,2.39,1,90,28
1128359432253229131,Garden Oasis w/ Kitchenette Near Train,20360657,1463105581646168077,Naomi,Bronx,East Morrisania,40.834250,-73.893200,Private room,146,1,63,2026-07-29,2.27,1,269,18
1128406823045262884,The Ville,570312104,1470534295946603746,David,Brooklyn,Brownsville,40.666050,-73.919640,Private room,168,3,40,2026-07-20,1.41,1,20,12
1129016441448820604,"Spring Break Retreat – Pool, Views + Free Drinks",565579095,1470519698671689552,Margaritaville Resort Times Square NYC,Manhattan,Midtown,40.754500,-73.988970,Private room,413,1,3,2025-01-05,0.11,6,19,0
1129023585088317098,NYC City View | Fitness. Rooftop Bar & Restaurant,565767852,1470520259498693628,M Social Hotel Times Square New York,Manhattan,Theater District,40.762699,-73.983658,Private room,282,1,116,2026-07-13,4.31,7,200,41
1129024928327680831,Next to MoMA | Rooftop Bar. Restaurant. High Floor,565767852,1470520259498693628,M Social Hotel Times Square New York,Manhattan,Theater District,40.762699,-73.983658,Private room,299,1,126,2026-08-09,4.63,7,212,75
1129026160340567973,Cozy comfortable private bedroom in Manhattan,230552803,1463236045234925214,Donald,Manhattan,Washington Heights,40.837010,-73.942540,Private room,143,1,57,2026-07-20,2.23,1,30,20
1120267212254262726,Exciting family apt in East Village,568236573,1470527952699518327,Andrea,Manhattan,East Village,40.725470,-73.987040,Entire home/apt,560,3,54,2026-05-21,1.87,1,222,18
1120346290475424856,Modern SoHo Stay + Rooftop Pool & Bar,566895155,1470523794592328018,ModernHaus SoHo New York City,Manhattan,SoHo,40.722680,-74.004810,Private room,433,1,13,2026-02-28,0.50,3,343,2
1120348428508594780,Near SoHo Shopping District + Rooftop Pool & Bar,566895155,1470523794592328018,ModernHaus SoHo New York City,Manhattan,SoHo,40.722680,-74.004810,Private room,548,1,2,2024-10-28,0.09,3,350,0
1120350431112519928,Near One World Trade Center + Rooftop Pool & Bar,566895155,1470523794592328018,ModernHaus SoHo New York City,Manhattan,SoHo,40.722680,-74.004810,Private room,530,1,5,2025-11-24,0.19,3,350,3
1120525515285577613,Stunning view+terrasse/Hell Kitc,568439622,1470528627530005236,LuxQuarters,Manhattan,Hell's Kitchen,40.763920,-73.995930,Entire home/apt,1341,3,38,2026-07-20,1.39,3,222,15
1120950645849135201,Exclusive Apartment 813 | Shared Bathroom,401202937,1469841047362978348,Eliza,Manhattan,Midtown,40.746330,-73.987490,Entire home/apt,209,1,28,2026-07-18,0.98,70,135,17
1121071083462663275,Cozy and Comfort Space,394333507,1463600945005419096,Augustina,Staten Island,Bull's Head,40.616910,-74.164650,Private room,152,1,61,2026-07-19,2.20,2,262,23
1121109933201164759,Always a Great Idea To Unwind! 2 Relaxing Units!,501999278,1468058277289999419,RoomPicks,Manhattan,Midtown,40.753890,-73.972240,Hotel room,477,1,13,2026-08-08,0.99,147,285,12
1121971116456621504,"Hotel Richland LES, Selected by hotel",546312754,1470445136208698072,Hotel Richland LES,Manhattan,Chinatown,40.714710,-73.993110,Private room,209,1,160,2026-08-17,5.76,1,10,112
1122017433681635581,Luxury NYC Apartment with Skyline Views,559451204,1470500924204347722,Sonia,Manhattan,Hell's Kitchen,40.760450,-73.989460,Entire home/apt,547,2,6,2026-04-08,0.69,1,27,6
1122069073279197774,Get Ready for Blissful Getaway! 3 Relaxing Units!,501999278,1468058277289999419,RoomPicks,Manhattan,Midtown,40.753860,-73.973120,Hotel room,715,1,22,2026-08-03,0.86,147,285,17
1122072466892127468,Enjoy a Hassle-Free and Suiting Stay! Four Units!,501999278,1468058277289999419,RoomPicks,Manhattan,Midtown,40.755670,-73.971930,Hotel room,953,1,1,2024-07-06,0.04,147,284,0
1122575256700615814,Cozy room in Washington Heights,268218366,1469417726817200888,Rafa,Manhattan,Washington Heights,40.837490,-73.942950,Private room,163,1,93,2026-07-31,3.31,2,63,40
1123139068980316541,The Beachy Retreat Walk to Shore,534375132,1470398277550848872,Janice,Queens,Arverne,40.598360,-73.800290,Private room,143,1,59,2026-08-09,2.16,2,180,25
1123275389878502035,Newly renovated 2 spacious bedrooms,569595422,1470532117807276168,Jahasfa,Brooklyn,East Flatbush,40.641349,-73.931006,Private room,263,1,92,2026-07-27,3.51,1,307,25
1124126281825724517,Modern Whole 2 bedrooms/Washer&Dryer,568706856,1470529351086932811,Сергей,Manhattan,Hell's Kitchen,40.757390,-73.992620,Entire home/apt,548,2,59,2026-05-15,2.11,1,158,24
1124515503871939606,The Franklin Guesthouse,568284690,1470528089907627161,William,Brooklyn,Greenpoint,40.728910,-73.958920,Entire home/apt,332,2,135,2026-07-17,4.72,1,203,51
1124639976631699519,Modern 2BR Bronx Apt | Near Subway + MetroNorth,569866994,1470532929088482706,Greg,Bronx,Wakefield,40.892770,-73.853346,Entire home/apt,275,1,37,2026-08-08,4.98,2,358,37
1124812667381005479,High end 5 Bedroom 4.5 Bathroom,482630627,1470173313149128030,Gigi,Brooklyn,Crown Heights,40.670600,-73.947480,Entire home/apt,882,1,5,2026-07-29,3.41,4,341,5
1125319724853414750,Cozy home in queens,570027541,1470533402563017853,Faith,Queens,St. Albans,40.704310,-73.770560,Private room,151,1,60,2026-07-19,2.27,1,354,24
1125394067603414786,Lovely 2 bedroom 2 bath apartment,162109689,1468577658818585269,Ike,Manhattan,Chinatown,40.713600,-73.995810,Entire home/apt,386,2,84,2026-07-21,3.07,2,291,36
1129406858712912754,Timeless Stay | Sightseeing. Rooftop Bar,570004240,1470533323420789782,Moxy Williamsburg,Brooklyn,Williamsburg,40.710750,-73.963330,Private room,205,1,127,2025-05-19,4.80,1,18,0
1130500597508501445,High Tech apartment in Brooklyn,571275197,1470537426685594811,Marina,Brooklyn,Sheepshead Bay,40.584284,-73.954406,Private room,218,1,22,2025-11-25,0.86,1,342,6
1130564683296642125,Stylish Furnished Room In Brooklyn,514336590,1470313441502999132,Reservation,Brooklyn,Crown Heights,40.664890,-73.951600,Private room,83,1,1,2024-06-29,0.04,29,269,0
1131141130112102010,Chelsea at Hudson River,568439622,1470528627530005236,LuxQuarters,Manhattan,Chelsea,40.750790,-74.002460,Entire home/apt,1468,4,23,2026-07-19,0.83,3,229,7
1131176424399150424,The Residences By Hilton - Studio Premier,475766934,1470144758868266601,Arianna,Manhattan,Midtown,40.762455,-73.979710,Private room,1045,1,2,2025-12-12,0.19,6,286,2
1131176984014963656,"The Residences, A Hilton  - Studio Premier - Stx",475766934,1470144758868266601,Arianna,Manhattan,Midtown,40.762455,-73.979710,Private room,958,1,8,2026-07-22,0.35,6,286,6
1131177509430293941,New York • Broadway Nights • Spa + Fitness,475766934,1470144758868266601,Arianna,Manhattan,Midtown,40.762455,-73.979710,Private room,1460,1,0,,,6,283,0
1131177975848526809,"The Residences, A Hilton  - Studio Penthouse - Sph",475766934,1470144758868266601,Arianna,Manhattan,Midtown,40.762455,-73.979710,Private room,1105,1,0,,,6,267,0
1131178947992015517,New York • Fifth Ave Stay • Spa + Fitness,475766934,1470144758868266601,Arianna,Manhattan,Midtown,40.762455,-73.979710,Private room,617,1,0,,,6,271,0
1131179428466352949,New York • Spa + Fitness • Midtown Stay,475766934,1470144758868266601,Arianna,Manhattan,Midtown,40.762455,-73.979710,Private room,1053,1,0,,,6,287,0
1131289860288054400,Studio East Village Gallery Oasis,217995958,1463201332050645697,Edward,Manhattan,East Village,40.727650,-73.979520,Private room,211,1,120,2026-08-09,4.27,1,78,48
1131458412663503638,"Spacious suite, 10-min to subways",42026650,1465625460494188285,JoJo,Brooklyn,Bedford-Stuyvesant,40.685094,-73.949181,Entire home/apt,288,2,119,2026-08-06,4.77,1,69,57
1131731418453124755,Lux’s Place,386831110,1469796404099021388,Deluxe,Brooklyn,Mill Basin,40.613470,-73.918431,Private room,170,2,52,2026-07-27,2.91,1,278,28
1131881270491233607,"Private Garden Getaway: Cozy & Chic , Near Subway",571606249,1470549193644415538,Annie,Manhattan,Harlem,40.827500,-73.944020,Entire home/apt,202,21,42,2026-07-21,2.61,4,330,30
1131888962475292890,"1 Min to Subway: King Bed, Luxe Airy Space + Patio",571606249,1470549193644415538,Annie,Manhattan,Harlem,40.825490,-73.942820,Entire home/apt,385,1,93,2026-08-04,3.91,4,292,45
1131890281950917866,Brooklyn Luxury Suite,98728592,1467186741951573986,Marcus,Brooklyn,Crown Heights,40.673790,-73.928730,Private room,231,1,9,2025-12-29,0.34,1,253,1
1131893557656442392,"Prime Location 2BDR Loft: Patio, Steps to Subway",571606249,1470549193644415538,Annie,Manhattan,Harlem,40.826020,-73.944660,Entire home/apt,453,1,94,2026-08-02,3.96,4,275,52
1131928128991752349,"Stylish 3BR Near Subway, Yankee Stadium + Patio",571606249,1470549193644415538,Annie,Manhattan,Harlem,40.825370,-73.943260,Entire home/apt,723,1,97,2026-07-28,4.09,4,295,53
1132053250279638945,New Development near JFK (professionally designed),571313592,1470537635871894479,Anthony,Queens,South Ozone Park,40.663620,-73.812950,Private room,410,2,86,2026-07-25,3.09,1,334,33
1132182913168109059,Next to Broadway | Rooftop Bar & Dining + Fitness,565767852,1470520259498693628,M Social Hotel Times Square New York,Manhattan,Theater District,40.762699,-73.983658,Private room,1136,1,30,2026-03-20,1.15,7,262,7
1132595439269798531,One Room Suite with Kitchenette,571612776,,,Manhattan,Midtown,40.753250,-73.974410,Private room,251,1,0,,,5,262,0
1132597476572513202,Mobility & Hearing Accessible Room,571613167,,,Manhattan,Midtown,40.753290,-73.974430,Private room,152,1,19,2026-03-30,1.56,5,288,19
1132597476684066762,Classic Room,571613167,1470549214146276802,,Manhattan,Midtown,40.753290,-73.974430,Private room,215,1,397,2026-08-17,14.31,5,337,345
1132597606406166394,1 Room suite,571613167,,,Manhattan,Midtown,40.753290,-73.974430,Private room,242,1,1,2026-03-27,0.22,5,262,1
1132597607837256164,Superior Room,571613167,,,Manhattan,Midtown,40.753290,-73.974430,Private room,167,1,69,2026-07-13,2.57,5,306,41
1132597716790457917,Standard Room,571613167,1470549214146276802,,Manhattan,Midtown,40.753290,-73.974430,Private room,215,1,312,2026-08-17,11.05,5,342,134
1132610236108715897,Classic room,571615601,1470549221696134048,,Manhattan,Financial District,40.709470,-74.013940,Private room,134,1,66,2026-08-14,2.77,13,0,58
1132613753520630390,Mobility Accessible Superior Room,571614644,,,Manhattan,Midtown,40.759580,-73.977800,Private room,167,1,5,2025-12-07,0.44,6,356,5
1132613753602087142,Deluxe Room,571614644,1470549218980513281,,Manhattan,Midtown,40.759580,-73.977800,Private room,343,1,23,2026-08-04,1.03,6,354,16
1132613876950604629,Premier Room,571614644,,,Manhattan,Midtown,40.759580,-73.977800,Private room,260,1,10,2026-05-23,0.41,6,331,9
1132614003476052701,Superior Room,571614644,1470549218980513281,,Manhattan,Midtown,40.759580,-73.977800,Private room,343,1,55,2026-08-13,2.00,6,358,26
1132614016108595116,Deluxe Suite with Kitchenette,571614644,,,Manhattan,Midtown,40.759580,-73.977800,Private room,257,1,1,2026-07-25,1,6,353,1
1132614128460594202,Superior Room with Terrace,571614644,,,Manhattan,Midtown,40.759580,-73.977800,Private room,167,1,0,,,6,321,0
1133368838042195395,Amazing Condo in Brooklyn!,67067520,1462773440296439573,Gordon,Brooklyn,Greenpoint,40.725040,-73.953350,Private room,546,4,6,2026-07-13,0.34,2,13,5
1134279829927555746,"2 Guest, 2 Bed, Close to Subway W/Parking.",293714508,1463400722847723926,NYC Stays And Rentals,Bronx,Williamsbridge,40.878300,-73.859220,Private room,270,3,0,,,1,259,0
1135404412261240153,Prívate room for 2 in a quiet area in NY,194196062,1463106748891062857,Priscila,Queens,Flushing,40.760830,-73.804380,Private room,170,2,30,2026-08-08,1.07,2,358,7
1135547842630964371,Exclusive Apartment 719 | Shared Bathroom,401202937,1469841047362978348,Eliza,Manhattan,Midtown,40.748330,-73.988770,Entire home/apt,243,1,41,2026-07-22,1.51,70,129,19
1135563305973038248,Exclusive apartment 727 | Shared Bathroom,401202937,1469841047362978348,Eliza,Manhattan,Midtown,40.747860,-73.988860,Entire home/apt,221,1,30,2026-07-24,1.10,70,161,13
1135582748663487089,Exclusive Apartment 218 | Shared Bathroom,401202937,1469841047362978348,Eliza,Manhattan,Midtown,40.746190,-73.986760,Entire home/apt,248,1,16,2026-07-25,0.57,70,167,8
1136213102649672641,MJ's Room 1,122625837,1462923308962899284,Michael,Brooklyn,Bedford-Stuyvesant,40.682280,-73.919810,Private room,203,3,37,2026-07-27,1.58,2,269,14
1125454204459203690,Spacious rooms in a town house,14855509,1462591882388271617,Milton,Manhattan,Harlem,40.808570,-73.944810,Entire home/apt,271,4,64,2026-08-08,3.10,4,149,36
1125496033302845693,The Apollo,557454304,1470491815809002858,Joseph,Manhattan,Harlem,40.810000,-73.944910,Entire home/apt,423,1,60,2026-08-07,2.47,3,257,33
1126047181362612516,Elite Urban Getaway,477567887,1470152088527304917,Westley,Queens,Jamaica,40.708420,-73.788660,Private room,234,1,98,2026-07-24,3.48,1,348,38
1126672026506678194,NYC Living,570365352,1470534565210784034,Christopher,Brooklyn,East New York,40.662420,-73.899320,Private room,178,3,34,2026-07-21,1.21,1,355,13
1126734893712907790,Close to Wall Street | Restaurant. Game Room + Gym,555768867,1470481734968542859,Moxy NYC Downtown New York City,Manhattan,Financial District,40.710360,-74.008880,Private room,180,1,326,2026-08-07,11.49,3,61,131
1126809626612191460,"NewlyRenovated 2 bedroom,20 min from Manhattan,LGA",570404614,1470534703160880984,Santosh,Queens,Long Island City,40.764550,-73.937120,Private room,314,1,62,2026-07-31,2.30,1,272,23
1127050892290534116,"Get Away Stay Near JFK, LGA, UBS Arena",394603762,1463601585687599770,Mark,Queens,St. Albans,40.700160,-73.758660,Private room,151,1,93,2026-08-02,3.55,3,358,27
1127492187924840140,Chic Midtown 2 Bedroom | Queen Beds | WD,5678260,1462686690284669468,Louise,Manhattan,Hell's Kitchen,40.762770,-73.989570,Entire home/apt,491,2,86,2026-07-22,3.07,1,160,39
1137722591602709096,Antique Brownstone Studio,9892520,1462826310873907491,Marlyn,Manhattan,Harlem,40.808157,-73.954845,Private room,189,1,116,2026-07-24,4.21,6,253,53
1137753306931860819,Shared luxury townhouse,103267840,1467239988629771664,Aleksandra,Queens,Forest Hills,40.715390,-73.856640,Private room,219,3,48,2026-07-25,1.74,1,353,12
1138212263332920772,Private room with work space,470174701,1470120381605908242,CorDelia,Bronx,Van Nest,40.847650,-73.867450,Private room,178,3,27,2026-07-04,0.97,2,38,7
1138217312170457224,Superior queen,569229318,,,Manhattan,Theater District,40.759631,-73.987004,Private room,158,1,37,2026-07-23,1.36,5,318,25
1138217480030587150,Superior 2 doubles,569229318,,,Manhattan,Theater District,40.759631,-73.987004,Private room,160,1,36,2026-07-23,2.57,5,320,30
1138217481800713016,Deluxe king,569229318,1470531007972846040,,Manhattan,Theater District,40.759631,-73.987004,Private room,198,1,22,2026-07-26,0.78,5,314,13
1138217628139484518,Executive king,569229318,1470531007972846040,,Manhattan,Theater District,40.759631,-73.987004,Private room,231,1,7,2026-07-16,0.30,5,314,2
1138217814542454745,Standard room,569229318,1470531007972846040,,Manhattan,Theater District,40.759631,-73.987004,Private room,231,1,55,2026-08-04,1.95,5,25,25
1138301742231954525,Exclusive Apartment 814 | Shared Bathroom,401202937,1469841047362978348,Eliza,Manhattan,Midtown,40.746190,-73.988610,Entire home/apt,209,1,48,2026-06-22,1.73,70,129,12
1138337785334485033,Exclusive Apartment 418 | Shared Bathroom,401202937,1469841047362978348,Eliza,Manhattan,Midtown,40.746290,-73.988510,Entire home/apt,209,1,37,2026-07-20,1.36,70,155,18
1139287892776789560,"Large cozy private room in Brooklyn, NY",316509410,1469598114528494484,Mary,Brooklyn,Flatlands,40.623010,-73.930100,Private room,124,3,40,2026-08-10,1.65,1,312,21
1139399302559935460,Luxurious 5-Bedroom Haven in the Heart of Brooklyn,573381793,1470565404006186831,Menachem,Brooklyn,Crown Heights,40.670261,-73.943071,Entire home/apt,732,2,93,2026-07-24,3.33,2,130,39
1139430167198224176,Chic City Escape: 3-Bedroom Luxury Retreat,573381793,1470565404006186831,Menachem,Brooklyn,Crown Heights,40.670643,-73.943458,Entire home/apt,500,2,70,2026-08-01,2.55,2,138,27
1140031690403235672,Brooklyn Condo With Rooftop,352172526,1469703095161925533,Thomas,Brooklyn,Bedford-Stuyvesant,40.681090,-73.916170,Private room,422,3,0,,,1,363,0
1140598072502860150,Crown Heights Hideaway | 3BR Home Close to Subway,573476316,1470565668608305661,Chaya,Brooklyn,Crown Heights,40.676310,-73.943516,Entire home/apt,435,2,53,2026-07-25,1.93,2,174,25
1136297072647779971,Nice Central Midtown Apartment,4498893,1462659045229142711,Danny,Manhattan,Upper East Side,40.764850,-73.968570,Private room,417,3,57,2026-05-30,2.11,1,199,17
1136892237630933543,"Club Quarters Hotel Times Square, New York, Clu...",572476912,1470551836667008303,,Manhattan,Midtown,40.756100,-73.981190,Private room,233,1,77,2026-08-09,2.79,8,304,15
1136892237653017090,Superior room,572476912,,,Manhattan,Midtown,40.756100,-73.981190,Private room,176,1,3,2026-05-17,0.12,8,324,2
1136892426650312343,Standard room,572476912,1470551836667008303,,Manhattan,Midtown,40.756100,-73.981190,Private room,271,1,41,2026-08-09,1.48,8,311,10
1136892444245466227,One-room suite,572476912,,,Manhattan,Midtown,40.756100,-73.981190,Private room,224,1,0,,,8,299,0
1136892475117800455,Double room,572476912,,,Manhattan,Midtown,40.756100,-73.981190,Private room,291,1,4,2025-05-27,0.27,8,12,0
1136892475285317620,Accessible room,572476912,,,Manhattan,Midtown,40.756100,-73.981190,Private room,206,1,0,,,8,289,0
1136950633064920624,Floor-to-ceiling windows & private terrace,569233650,1470531022587871599,Hotel Indigo Lower East Side Penthouse Suite,Manhattan,Lower East Side,40.721760,-73.987850,Private room,4342,1,0,,,1,146,0
1136995206770405437,Comfy Home In Queens,42523215,1465632011663080627,Augustine,Queens,Queens Village,40.711800,-73.732830,Private room,143,1,17,2024-11-24,0.63,1,267,0
1137070510478429149,Blissful Stay in Queens,536838567,1470408393560614340,Eileen Bridgeman,Queens,Springfield Gardens,40.660070,-73.757060,Entire home/apt,371,1,94,2026-08-09,3.82,1,341,49
1137255018515797030,Victorian Brownstone Studio,9892520,1462826310873907491,Marlyn,Manhattan,Harlem,40.807540,-73.955990,Private room,211,1,122,2026-07-25,4.41,6,279,54
1137517639314874823,brownstone studio,9892520,1462826310873907491,Marlyn,Manhattan,Harlem,40.808157,-73.954845,Private room,217,1,113,2026-07-20,4.11,6,258,38
1137621358187674705,Beautiful Guest Suite w/Backyard,43033067,1465639003408950835,Jamal,Brooklyn,Bedford-Stuyvesant,40.693680,-73.948800,Private room,290,2,85,2026-07-19,3.08,1,249,27
1148462183776298043,Near Broadway Theaters + Fitness Center & Wi-Fi,565593070,1470519737357904971,Millennium Premier New York City,Manhattan,Theater District,40.758000,-73.983710,Private room,342,1,54,2026-06-11,2.17,3,180,10
1148611065583492998,Guest Suite in a 1905 Victorian,48949937,1465743790636604547,Jocelyn,Brooklyn,Flatbush,40.637707,-73.964981,Private room,346,3,3,2025-10-20,0.19,1,130,2
1140603185018434730,Trendy Crown Heights Abode,573476316,1470565668608305661,Chaya,Brooklyn,Crown Heights,40.674410,-73.939270,Entire home/apt,650,2,64,2026-07-05,2.32,2,163,24
1140652168196606652,Private 1 Bedroom Guest Suite in Landmark Bed-Stuy,394137,1462517336076254315,Anthony,Brooklyn,Bedford-Stuyvesant,40.683160,-73.948820,Private room,426,2,90,2026-08-01,3.30,1,13,31
1141259813165182278,Schaefer Street Retreat,556464339,1470485442630764686,Schaefer Street Retreat,Brooklyn,Bedford-Stuyvesant,40.684190,-73.919500,Private room,101,5,41,2026-07-15,1.47,4,365,17
1141309872692483778,The Cypress Residence & Rooftop,32009364,1465470306539476600,Regina Kollin,Brooklyn,Cypress Hills,40.686410,-73.875920,Entire home/apt,778,3,55,2026-07-22,2.09,1,356,19
1141375785847953036,Spacious room & private bathroom in shared home,20167162,1462612033475769081,Francoise,Staten Island,Randall Manor,40.640440,-74.095940,Private room,328,2,19,2026-05-17,0.69,2,89,9
1141376911262231407,"Coastal retreat
Sunsets by the bay
Ferry to NYC",40115440,1465598366253517874,Christina,Queens,Belle Harbor,40.579700,-73.854290,Entire home/apt,522,1,23,2026-08-02,1.01,1,359,13
1142047894523674386,Steps to Times Square & Empire State Building,565665558,1470519934844359040,The Gregorian New York City,Manhattan,Midtown,40.750780,-73.985110,Private room,312,1,136,2026-08-07,5.14,4,45,25
1142048721696770947,Walk to Broadway + Pet-Friendly. Empire State View,565665558,1470519934844359040,The Gregorian New York City,Manhattan,Midtown,40.750490,-73.985380,Private room,194,1,48,2026-04-15,1.85,4,17,6
1142086480006759842,Close to Central Park | Rooftop Bar. Gym. Dining.,564475357,1470516336496057958,Le Meridien Central Park - NYC,Manhattan,Midtown,40.765470,-73.979020,Private room,296,1,16,2026-07-18,0.62,7,136,6
1142710890420273676,Schaefer Street Retreat,556464339,1470485442630764686,Schaefer Street Retreat,Brooklyn,Bedford-Stuyvesant,40.682140,-73.919870,Private room,109,5,39,2026-05-17,1.40,4,363,15
1142713791029870240,Schaefer Street Retreat,556464339,1470485442630764686,Schaefer Street Retreat,Brooklyn,Bedford-Stuyvesant,40.681990,-73.921030,Private room,107,5,40,2026-07-07,1.44,4,361,17
1142715650032375010,Cozy Private Room in Shared Brooklyn Abode,203573895,1469062302380834987,Robert,Brooklyn,Williamsburg,40.718247,-73.941439,Private room,198,1,140,2026-07-07,5.02,1,263,52
1142715929556950252,Schaefer Street Retreat,556464339,1470485442630764686,Schaefer Street Retreat,Brooklyn,Bedford-Stuyvesant,40.683990,-73.921680,Private room,129,5,43,2026-07-20,1.57,4,359,17
1142749367128770094,Excellent Part of NYC to Stay! Pets Allowed!,496932087,1470235963265809798,RoomPicks Collection,Manhattan,Theater District,40.755110,-73.988150,Hotel room,536,1,0,,,35,272,0
1142749856685871389,"Urban Escape Steps from Broadway, Pets Are Welcome",496932087,1470235963265809798,RoomPicks Collection,Manhattan,Theater District,40.755110,-73.988150,Hotel room,526,1,0,,,35,272,0
1142752477024631145,Prime Location! Steps Away from Times Square!,496932087,1470235963265809798,RoomPicks Collection,Manhattan,Theater District,40.755110,-73.988150,Hotel room,317,1,1,2026-08-08,1,35,342,1
1142757582899819482,Historic Charm in the Heart of Times Square!,496932087,1470235963265809798,RoomPicks Collection,Manhattan,Theater District,40.755109,-73.988151,Hotel room,318,1,0,,,35,342,0
1142759747188732073,One King Bed at Margaritaville Resort Times Square,496932087,1470235963265809798,RoomPicks Collection,Manhattan,Theater District,40.755110,-73.988150,Hotel room,790,1,0,,,35,346,0
1142760145223989804,Modern Comfort in Manhattan! Near Coliseum Park,496932087,1470235963265809798,RoomPicks Collection,Manhattan,Theater District,40.755110,-73.988150,Hotel room,790,1,0,,,35,346,0
1142777625284553384,Whitney Art Museum Tour! Pets Allowed!,496932087,1470235963265809798,RoomPicks Collection,Manhattan,Theater District,40.755110,-73.988150,Hotel room,395,1,0,,,35,362,0
1142794859645727242,Upscale Manhattan Stay w/ City Views & Prime Area,496932087,1470235963265809798,RoomPicks Collection,Manhattan,Theater District,40.755110,-73.988150,Hotel room,383,1,0,,,35,359,0
1142796853236184306,Make it a Memorable Stay! Minutes to Chinatown!,496932087,1470235963265809798,RoomPicks Collection,Manhattan,Theater District,40.755109,-73.988151,Hotel room,383,1,0,,,35,359,0
1142799358456195746,Explore East VIllage NYC in Style! Great Location!,496932087,1470235963265809798,RoomPicks Collection,Manhattan,Theater District,40.755110,-73.988150,Hotel room,448,1,0,,,35,365,0
1142801392340389118,Unwind in Downtown NYC! Minutes from New Museum!,496932087,1470235963265809798,RoomPicks Collection,Manhattan,Theater District,40.755110,-73.988150,Hotel room,442,1,0,,,35,365,0
1142801701578953508,Enjoy a Comfortable Stay in the Heart of New York!,496932087,1470235963265809798,RoomPicks Collection,Manhattan,Theater District,40.755109,-73.988151,Hotel room,442,1,0,,,35,365,0
1149358945522481760,Private Room · Own Bath · Balcony · Central Park,94559311,1467140617294012637,Raju,Manhattan,Harlem,40.800401,-73.952683,Private room,272,3,69,2026-07-06,2.61,1,118,21
1149533863702762999,Sunny Entire Apartment .,553839372,1470473895354575763,Manasib,Queens,Flushing,40.727353,-73.810683,Entire home/apt,207,1,111,2026-07-26,4.13,1,270,48
1150631181740682174,"Charming Private Brownstone, Close to City & Park",13004989,1462900823875384829,Molly O'Connor,Brooklyn,Kensington,40.646990,-73.979830,Entire home/apt,2969,1,55,2026-08-03,2.47,1,159,31
1150833779594577445,Parkside Gem in Busy NYC,493151605,1463832621192993219,Kareem,Queens,Jamaica,40.703036,-73.783075,Private room,275,2,65,2026-07-27,2.55,4,219,25
1150994972757386626,4 bed 3 bath High End Brooklyn,482630627,1470173313149128030,Gigi,Brooklyn,Crown Heights,40.669630,-73.946400,Entire home/apt,683,1,8,2026-08-02,3.81,4,332,8
1151390937475548603,Large Room + Private Bathroom -The Gem of Brooklyn,96545635,1467163084156890416,Brandon,Brooklyn,Crown Heights,40.676580,-73.958330,Private room,149,2,118,2026-08-08,4.46,1,268,61
1151463058052789845,Private room with shared bathroom in Union Square,408979935,1463633576430998493,The Village House,Manhattan,Gramercy,40.735510,-73.987840,Entire home/apt,274,1,79,2026-07-17,2.96,39,82,33
1151483057553491680,Queen Room | Public | Exclusive Rooftop Access,501999278,1468058277289999419,RoomPicks,Manhattan,Lower East Side,40.723110,-73.992094,Hotel room,507,1,1,2025-08-06,0.08,147,353,0
1151487119349918820,King Park View | Public | Near Central Park,501999278,1468058277289999419,RoomPicks,Manhattan,Lower East Side,40.723110,-73.992090,Hotel room,530,1,0,,,147,359,0
1151545684873519779,Loft Great View | Public Hotel | Rooftop Bar,501999278,1468058277289999419,RoomPicks,Manhattan,Lower East Side,40.723110,-73.992090,Hotel room,947,1,0,,,147,359,0
1151641178583790381,Open and Airy unit in Brooklyn,129562484,1468299249879576302,Nisheka,Brooklyn,East Flatbush,40.647070,-73.948730,Private room,266,3,14,2025-10-12,0.63,2,5,3
1152656109641800120,Brooklyn Hideaway Close To Trains & JFK Airport,127628491,1468282845019217162,Larry,Brooklyn,East New York,40.668740,-73.891430,Entire home/apt,200,1,79,2026-08-04,3.30,1,159,34
1152829134880423280,Double Room | Public Hotel |  Chic Atmosphere,501999278,1468058277289999419,RoomPicks,Manhattan,Lower East Side,40.723110,-73.992090,Hotel room,519,1,0,,,147,358,0
1152853092658576622,"Fort Greene Brooklyn: Subway, Good Eats and Coffee",153521800,1462991853320740275,Michelle,Brooklyn,Fort Greene,40.687290,-73.972810,Private room,281,3,49,2026-07-22,2.99,1,152,32
1152972711471489007,Private Suite Church Ave Hidden Gem,576678479,1470575686822440803,Alicia,Brooklyn,Flatbush,40.649540,-73.956190,Private room,335,2,23,2026-07-13,0.87,1,357,7
1153567629778120197,3-Bedroom Urban Haven Close to Subway,548332044,1470453046294192017,Menachem,Brooklyn,Crown Heights,40.676323,-73.943515,Entire home/apt,463,2,49,2026-08-02,1.81,3,174,20
1153591604915958197,Subway Splendor: New Duplex Oasis,548332044,1470453046294192017,Menachem,Brooklyn,Crown Heights,40.669654,-73.932031,Entire home/apt,600,2,40,2026-07-17,1.49,3,182,17
1153751973176624412,"Stunning 1BR: Top Spot, 1-Min Walk to Train",576856246,1470576270076555819,Jesse,Manhattan,Midtown,40.743650,-73.982060,Entire home/apt,400,1,69,2026-07-21,2.57,2,272,32
1143580118584880290,Private Wing & Private Bathroom!,34832486,1465513909020181471,Heather,Queens,Ridgewood,40.704244,-73.905975,Private room,255,1,67,2026-07-25,2.75,1,235,36
1144206955380638834,Elegant silent Apartment in upper east side,573986292,1470567298917493528,Mike M,Manhattan,East Village,40.727780,-73.984600,Entire home/apt,837,3,70,2026-02-16,2.54,1,222,20
1144233699949589543,The Swan Room,554475884,1470476343099859658,Maurane,Brooklyn,Bushwick,40.686960,-73.917560,Private room,107,5,50,2026-06-04,1.80,4,361,23
1145649837286129108,Entire Private Guestsuite in Williamsburg Townhome,1755123,1462577586587311665,Franco,Brooklyn,Williamsburg,40.715590,-73.953440,Entire home/apt,549,1,86,2026-08-08,3.87,1,271,50
1146466286883568385,"Ace Hotel New York, Large Double",561031867,1470505909159461880,,Manhattan,Midtown,40.745867,-73.988232,Private room,278,1,56,2026-08-03,3.25,7,339,44
1146466850715512084,"Ace Hotel New York, Large King",561031867,,,Manhattan,Midtown,40.745870,-73.988230,Private room,188,1,7,2026-07-24,0.65,7,349,7
1146467316487424017,"Ace Hotel New York, Loft Suite",561031867,1470505909159461880,,Manhattan,Midtown,40.745867,-73.988232,Private room,278,1,0,,,7,340,0
1146467609643584778,"Ace Hotel New York, Medium King",561031867,,,Manhattan,Midtown,40.745867,-73.988232,Private room,269,1,38,2026-07-28,2.99,7,350,37
1146467904391913630,"Ace Hotel New York, Medium Queen",561031867,,,Manhattan,Midtown,40.745867,-73.988232,Private room,269,1,19,2026-07-25,1.52,7,339,18
1146468529499413534,"Ace Hotel New York, Cozy",561031867,1470505909159461880,,Manhattan,Midtown,40.745867,-73.988232,Private room,278,1,145,2026-08-02,8.41,7,345,130
1146548371745388992,Private Room in Historic Park Slope,447922688,1470016732686287738,Dorothy,Brooklyn,Park Slope,40.668960,-73.974460,Private room,229,1,6,2024-08-11,0.22,1,96,0
1146753108357926642,Public Hotel Stay | Queen Hi-Floor | Floors 8–11,501999278,1468058277289999419,RoomPicks,Manhattan,Lower East Side,40.723110,-73.992090,Hotel room,473,1,8,2025-07-18,0.31,147,356,0
1146753963938449419,Public | Double Room | Stunning New York City View,501999278,1468058277289999419,RoomPicks,Manhattan,Lower East Side,40.723110,-73.992090,Hotel room,506,1,8,2025-09-12,0.30,147,359,2
1146754863160664320,Public Hotel | King Park View | Heart of New York,501999278,1468058277289999419,RoomPicks,Manhattan,Lower East Side,40.723110,-73.992090,Hotel room,540,1,2,2025-02-03,0.08,147,359,0
1146755569241845248,Public | Loft Great View | Wonderful Location,501999278,1468058277289999419,RoomPicks,Manhattan,Lower East Side,40.723110,-73.992090,Hotel room,947,1,0,,,147,359,0
1146756223531642681,Public Hotel Stay | Queen Room | Stylish & Elegant,501999278,1468058277289999419,RoomPicks,Manhattan,Lower East Side,40.723110,-73.992090,Hotel room,473,1,213,2026-07-25,8.14,147,351,65
1147037716231719858,Guest Suite in Brooklyn Townhouse,19242857,1463072615120699690,⁨O.D.⁩,Brooklyn,Crown Heights,40.675660,-73.931200,Entire home/apt,187,2,116,2026-08-04,4.36,1,146,54
1147166519515928855,The Dahlia Room,554475884,1470476343099859658,Maurane,Brooklyn,Bushwick,40.688000,-73.917920,Private room,129,5,45,2026-07-23,1.63,4,352,15
1147174224210375956,The Peony Room,554475884,1470476343099859658,Maurane,Brooklyn,Bushwick,40.688610,-73.919860,Private room,137,5,49,2026-06-24,1.78,4,346,22
1147177261454074491,The Rose Room,554475884,1470476343099859658,Maurane,Brooklyn,Bedford-Stuyvesant,40.687010,-73.917890,Private room,104,5,47,2026-07-01,1.71,4,364,16
1147706571147821466,Queen Hi-Floor | Public Hotel | Lower East Side,501999278,1468058277289999419,RoomPicks,Manhattan,Lower East Side,40.723110,-73.992090,Hotel room,473,1,53,2025-12-30,1.97,147,356,9
1162353501828814676,Exclusive Apartment 819 | Shared Bathroom,401202937,1469841047362978348,Eliza,Manhattan,Midtown,40.746300,-73.987150,Entire home/apt,209,1,35,2026-07-26,1.41,70,158,13
1162391790200266813,Private Room in LES,578708158,1470581726652001485,Javier,Manhattan,Chinatown,40.717330,-73.991210,Private room,180,3,57,2026-07-25,2.16,2,59,23
1162454771886304951,Large Private Room in LES,578708158,1470581726652001485,Javier,Manhattan,Chinatown,40.716130,-73.989490,Private room,166,3,66,2026-07-26,2.56,2,57,28
1163543650436796829,"Niche Queen at Penny Williamsburg, Pets Allowed!",501999278,1468058277289999419,RoomPicks,Brooklyn,Williamsburg,40.715490,-73.952770,Private room,317,1,0,,,147,279,0
1163544610116673894,Pet-Friendly Room at Penny Williamsburg!,501999278,1468058277289999419,RoomPicks,Brooklyn,Williamsburg,40.715490,-73.952770,Private room,317,1,0,,,147,279,0
1163763415369886027,Mega Choice360 near jfk airport,552156990,1470468219776660048,Mega Chioce,Queens,Springfield Gardens,40.665320,-73.748340,Private room,192,1,39,2026-01-02,1.59,1,263,8
1153860659602699823,Beverley's Cozy Nest,576905680,1470576403902981360,Beverley,Brooklyn,Canarsie,40.640790,-73.914860,Entire home/apt,252,2,63,2026-08-08,2.36,1,299,27
1154008541926835914,New Crown Heights duplex + backyard,38837666,1462679609884892761,Heidi,Brooklyn,Crown Heights,40.669473,-73.926172,Private room,326,1,28,2026-08-01,1.51,1,166,18
1164526551554310303,"Newly Renovated, close to Manhattan",579595727,1470584341074533948,Claudia And Nick,Queens,Sunnyside,40.746395,-73.912608,Private room,224,4,54,2026-07-28,2.30,1,260,29
1164725978874743894,The Perfect Place,579647764,1463888723651210918,Cindy,Queens,Rosedale,40.680500,-73.726060,Entire home/apt,199,2,29,2026-07-07,1.09,1,364,6
1154544392831607955,Boho Oasis: Private Apt 15m walk to FH stadium,30777013,1465453099490538118,Jean,Queens,Forest Hills,40.711120,-73.853840,Private room,383,1,108,2026-08-03,4.09,3,224,48
1155101211287750818,Junior Suite | Restaurant. NYC Views,566582358,1470522766065101792,Michelangelo New York City,Manhattan,Theater District,40.760830,-73.981900,Private room,357,1,6,2026-01-04,0.35,4,362,2
1155345060662921091,Unique 2Bed/ 1 Bath Apartment,577238929,1470577352845627837,Theresa,Manhattan,Midtown,40.752060,-73.985720,Entire home/apt,390,3,52,2026-07-31,1.92,5,163,20
1155719449518235785,Charming Central Brooklyn Brownstone,577318264,1470577610462125375,Shani,Brooklyn,Crown Heights,40.674170,-73.939000,Entire home/apt,643,2,64,2026-08-02,2.47,1,304,31
1155943556816365963,Private near prospect park,577397390,1470577919307853418,Yousif,Brooklyn,Prospect-Lefferts Gardens,40.659530,-73.950780,Private room,217,1,45,2026-06-28,1.69,1,365,18
1156080303867289962,"2BR Gem: Prime Location, 2 minute walk to Subway.",576856246,1470576270076555819,Jesse,Manhattan,Kips Bay,40.741760,-73.982330,Entire home/apt,380,3,66,2026-07-07,2.49,2,287,32
1156391923343194437,Private room with kitchen <Shared bathroom>,408979935,1463633576430998493,The Village House,Manhattan,Chelsea,40.750140,-73.997020,Entire home/apt,213,1,67,2026-07-10,2.48,39,102,32
1156413929372688840,Beautiful 1bedroom available,577238929,1470577352845627837,Theresa,Manhattan,Midtown,40.752440,-73.984140,Private room,222,4,17,2025-12-19,0.64,5,159,3
1156554847207826030,It's a Fine Day in Bed-Stuy!,556435992,1470485283634873287,Kweson,Brooklyn,Brownsville,40.672810,-73.908470,Private room,98,5,35,2026-07-16,1.30,3,364,12
1156614671118327928,Private Queen Bedroom with Private Bathroom,556435992,1470485283634873287,Kweson,Brooklyn,Crown Heights,40.674050,-73.910240,Private room,193,5,38,2026-05-03,1.40,3,274,13
1156635783015189633,Delightful Queen Bed + Closet,556435992,1470485283634873287,Kweson,Brooklyn,Brownsville,40.672970,-73.908480,Private room,108,5,43,2026-07-08,1.61,3,353,14
1156658607250716102,"3 Br apt LIC, next to Manhattan!",577584534,1470578462122691290,Tusher,Queens,Long Island City,40.756630,-73.941400,Entire home/apt,523,1,17,2026-08-02,0.69,1,101,5
1156713518442743761,Urban Charm: Stylish Subway Hideaway,548332044,1470453046294192017,Menachem,Brooklyn,Crown Heights,40.669666,-73.931935,Entire home/apt,463,2,57,2026-08-02,2.16,3,166,28
1156741059474885318,Great Space Near Subway,549466196,1470457642274207480,Zalmen,Brooklyn,Crown Heights,40.665774,-73.953828,Entire home/apt,502,2,72,2026-08-02,2.70,1,131,36
1156823160048267908,Hells Kitchen Quiet Room,297222629,1469529730908721181,Adrian,Manhattan,Hell's Kitchen,40.759520,-73.991640,Private room,149,1,136,2026-07-26,5.02,3,203,67
1156833200612630293,Petite Room in Hell's Kitchen,297222629,1469529730908721181,Adrian,Manhattan,Hell's Kitchen,40.762370,-73.990590,Private room,154,1,115,2026-07-27,4.26,3,225,50
1156852367898738067,Quiet Room in the Heart of Hell's K,297222629,1469529730908721181,Adrian,Manhattan,Hell's Kitchen,40.760100,-73.989720,Private room,154,1,133,2026-07-26,4.92,3,254,46
1156886612042523980,Private Studio with Shared Bath,577638890,1470578578617982097,Hal,Manhattan,Gramercy,40.733870,-73.987060,Entire home/apt,171,1,124,2026-07-26,4.79,5,53,65
1157155043074005989,Very Spacious Manhattan Residence – Prime Area,99798035,1467199340805647653,Jax,Manhattan,Midtown,40.760890,-73.974360,Entire home/apt,1426,1,121,2026-08-05,4.49,1,293,46
1157197533311665382,Central Williamsburg Bedroom,271577882,1469433899252795758,Amy,Brooklyn,Williamsburg,40.706880,-73.956570,Private room,133,1,23,2026-07-26,0.85,6,11,14
1157225718519495014,Spacious 3-Bedroom Retreat in the Heart of Chelsea,403843912,1469850034679969076,Lucas,Manhattan,Chelsea,40.740760,-73.999490,Entire home/apt,676,1,102,2026-07-22,3.80,1,86,45
1157321297978459399,Simple Bedroom in Prime Brooklyn,271577882,1469433899252795758,Amy,Brooklyn,Williamsburg,40.712350,-73.959170,Private room,120,1,83,2026-07-13,3.06,6,59,34
1157373408782735382,Fresh Bedroom in Great Location,271577882,1469433899252795758,Amy,Brooklyn,Williamsburg,40.710530,-73.959860,Private room,122,1,91,2026-07-21,3.37,6,182,34
1157613893781912488,Peaceful Room in Williamsburg,271577882,1469433899252795758,Amy,Brooklyn,Williamsburg,40.710710,-73.960080,Private room,133,1,79,2026-07-06,2.93,6,44,30
1157962645994268273,Exquisite Duplex Penthouse,577026106,1470576728184751879,Brian,Manhattan,Midtown,40.757570,-73.967060,Entire home/apt,1020,2,110,2026-07-25,4.08,1,339,48
1157978341548890561,Vibrant Williamsburg Bedroom,271577882,1469433899252795758,Amy,Brooklyn,Williamsburg,40.710620,-73.959750,Private room,122,1,93,2026-07-18,3.47,6,22,41
1157986393909875539,Cozy Williamsburg Bedroom,271577882,1469433899252795758,Amy,Brooklyn,Williamsburg,40.711380,-73.961320,Private room,120,1,101,2026-07-20,3.75,6,254,41
1157999417746123228,2 bed 2 bath prime location,530541163,1470383486076647187,Joshua,Manhattan,Little Italy,40.719930,-73.996550,Entire home/apt,508,2,74,2026-07-09,3.59,1,216,38
1158036284237494994,Private Room in NYC near RUMC,345002809,1469681888534121674,Kadiatou,Staten Island,Tompkinsville,40.632100,-74.090970,Private room,147,3,6,2026-05-26,0.31,2,159,3
1158056628085190794,Bright Master Suite,345002809,1469681888534121674,Kadiatou,Staten Island,Tompkinsville,40.633470,-74.091410,Private room,172,3,6,2026-06-27,0.41,2,118,3
1158653190106321101,Deluxe Room,572829186,,,Manhattan,Midtown,40.752494,-73.983108,Private room,356,1,38,2026-06-07,1.95,10,321,31
1158653190110852406,Classic Room,572829186,,,Manhattan,Midtown,40.752494,-73.983108,Private room,356,1,43,2026-05-25,1.76,10,328,17
1158653388755170834,Premier Room,572829186,,,Manhattan,Midtown,40.752494,-73.983108,Private room,356,1,1,2026-03-13,0.20,10,326,1
1158653538635036820,Premier Studio Suite,572829186,,,Manhattan,Midtown,40.752494,-73.983108,Private room,257,1,2,2026-06-20,0.55,10,306,2
1158653540493638407,Premier Studio Suite Park View,572829186,,,Manhattan,Midtown,40.752494,-73.983108,Private room,372,1,8,2026-05-22,0.72,10,303,8
1158653696748073958,Accessible Premier Room,572829186,,,Manhattan,Midtown,40.752490,-73.983110,Private room,356,1,5,2026-04-27,0.22,10,328,4
1158653698325596710,Premier - High Floor,572829186,,,Manhattan,Midtown,40.752490,-73.983110,Private room,356,1,14,2026-08-02,1.03,10,327,13
1158653848440419640,Deluxe - High Floor,572829186,,,Manhattan,Midtown,40.752490,-73.983110,Private room,356,1,7,2026-04-17,0.47,10,319,5
1158653986677506132,Deluxe Studio,572829186,,,Manhattan,Midtown,40.752494,-73.983108,Private room,372,1,0,,,10,271,0
1158653996040798180,Deluxe Studio King,572829186,,,Manhattan,Midtown,40.752494,-73.983108,Private room,356,1,1,2025-09-28,0.09,10,311,1
1158663044631946975,"NobleDEN Hotel, Selected by hotel",576543598,1470575295440930985,NobleDEN Hotel,Manhattan,Little Italy,40.719160,-73.996880,Private room,383,1,154,2026-08-17,5.61,1,96,101
1158822239391648858,Room in the heart of the City,577816301,1470579179496331640,Christ Assou,Manhattan,Midtown,40.750830,-73.984917,Private room,216,5,17,2026-07-27,0.85,2,343,11
1159053260701230398,Cozy Studio with Shared Bath,577638890,1470578578617982097,Hal,Manhattan,Gramercy,40.734220,-73.985950,Entire home/apt,185,1,116,2026-07-23,4.59,5,52,55
1165965036051271935,Exclusive Apartment 212 | Shared Bathroom,401202937,1469841047362978348,Eliza,Manhattan,Midtown,40.748090,-73.988290,Entire home/apt,229,1,15,2026-07-29,0.57,70,131,11
1166090512207969562,Sunny brownstone suite with private bathroom!,9121728,1462795465912895460,Kate,Brooklyn,Bedford-Stuyvesant,40.680692,-73.941689,Private room,248,3,53,2026-08-01,2.09,2,169,26
1166118086665626216,"Huge Private Room, Closet, Bathroom and Office",51005682,1465791155472444290,Joshua,Manhattan,Upper West Side,40.790770,-73.977953,Private room,353,1,65,2026-08-08,2.83,1,189,34
1166708562651517657,Coziest 1 bedroom- near JFK,502503070,1470259339134155330,Pat,Queens,Jamaica,40.680530,-73.769850,Private room,171,1,67,2026-08-09,2.68,2,85,24
1167975742517801891,Bay Ridge Retreat: Relax in Your Private Studio,556730397,1470487031088986876,Emily,Brooklyn,Fort Hamilton,40.618850,-74.032560,Entire home/apt,118,1,108,2026-08-05,4.16,2,249,65
1168168558442207918,Deluxe quadruple,576845958,,,Manhattan,Gramercy,40.732180,-73.984036,Private room,208,1,9,2026-07-09,1.85,6,131,9
1168168558837722720,Single,576845958,1470576241457031531,,Manhattan,West Village,40.740120,-74.003430,Private room,279,1,3,2026-05-06,0.53,6,105,3
1168168738463898991,Quadruple,576845958,1470576241457031531,,Manhattan,West Village,40.740120,-74.003430,Private room,318,1,13,2026-08-02,2.60,6,142,13
1168168742111738570,Triple,576845958,,,Manhattan,Gramercy,40.732180,-73.984036,Private room,234,1,5,2026-07-23,0.26,6,131,4
1168168869806739414,Standard,576845958,1470576241457031531,,Manhattan,West Village,40.740120,-74.003430,Private room,318,1,26,2026-08-02,0.96,6,135,20
1168169359485094237,Standard with Kitchenette,576882378,1470576346860956248,Chelsea Pines Inn,Manhattan,East Village,40.728272,-73.985079,Private room,266,1,40,2026-07-27,1.48,2,138,14
1168169423572347613,Standard with Kitchenette and Cot or Crib,576882378,1470576346860956248,Chelsea Pines Inn,Manhattan,East Village,40.728272,-73.985079,Private room,450,1,0,,,2,130,0
1168752743571994035,"The Chatwal, The Unbound Collection, Selected b...",574409829,1470568629909946471,"The Chatwal,The Unbound Collection By Hyatt",Manhattan,Theater District,40.756500,-73.984580,Private room,491,1,6,2025-06-15,0.24,1,10,0
1169101124186546477,Luxe Patio Suite — King Bed & Ensuite,580806459,1470587795899165153,Guang,Queens,Flushing,40.764540,-73.824660,Private room,170,2,85,2026-07-24,3.32,3,147,35
1170428810365985606,City Explorer's Nest: Inviting Bay Ridge Studio,472603377,1470131495644496767,Emily And Saul,Brooklyn,Fort Hamilton,40.618810,-74.032382,Entire home/apt,145,1,115,2026-08-02,4.35,63,236,60
1170435457640013444,"Queens Hidden Gem, near DT Flushing",534193501,1470397527472345758,Kevin,Queens,Flushing,40.754850,-73.810080,Private room,238,1,51,2026-07-20,1.99,2,314,23
1170435534385420529,City Nest: Contemporary Bay Ridge Studio,472603377,1470131495644496767,Emily And Saul,Brooklyn,Fort Hamilton,40.618810,-74.032382,Entire home/apt,127,1,68,2026-07-29,2.60,63,349,39
1170440093103733601,Cosmopolitan Comfort: Sleek Bay Ridge Studio,472603377,1470131495644496767,Emily And Saul,Brooklyn,Fort Hamilton,40.618810,-74.032382,Entire home/apt,145,1,154,2026-08-05,5.87,63,200,77
1170443689607051726,Your Stylish Urban Escape: Bay Ridge Studio,472603377,1470131495644496767,Emily And Saul,Brooklyn,Fort Hamilton,40.618810,-74.032382,Entire home/apt,145,1,157,2026-08-07,6.04,63,185,78
1170446381119755665,Explore Bay Ridge: Modern Studio in Prime Location,472603377,1470131495644496767,Emily And Saul,Brooklyn,Fort Hamilton,40.618810,-74.032382,Entire home/apt,156,1,117,2026-08-05,4.42,63,223,49
1170447796069675601,Cozy Bay Ridge Studio: Your Home Away from Home,472603377,1470131495644496767,Emily And Saul,Brooklyn,Fort Hamilton,40.618810,-74.032382,Entire home/apt,146,1,113,2026-08-07,4.32,63,252,57
1170449637391846183,Bay Ridge Hideaway: Studio w/ Verrazano View,472603377,1470131495644496767,Emily And Saul,Brooklyn,Fort Hamilton,40.618810,-74.032382,Entire home/apt,146,1,156,2026-07-31,5.94,63,229,81
1170451381770726306,Charming Bay Ridge: Ideal for Urban Explorers,472603377,1470131495644496767,Emily And Saul,Brooklyn,Fort Hamilton,40.618810,-74.032382,Entire home/apt,144,1,114,2026-07-25,4.42,63,257,55
1170453307286952641,Bay Ridge Serenity: Tranquil Studio in the City,472603377,1470131495644496767,Emily And Saul,Brooklyn,Fort Hamilton,40.618810,-74.032382,Entire home/apt,146,1,144,2026-08-07,5.48,63,242,76
1170455226677183433,Modern Hideaway: Homey Bay Ridge Studio,472603377,1470131495644496767,Emily And Saul,Brooklyn,Fort Hamilton,40.618810,-74.032382,Entire home/apt,141,1,92,2026-07-20,3.52,63,206,42
1170456838784966947,Chic Studio in Bay Ridge: Your Key to NYC Living,472603377,1470131495644496767,Emily And Saul,Brooklyn,Fort Hamilton,40.618810,-74.032382,Entire home/apt,141,1,103,2026-07-31,3.90,63,230,43
1170458830141183381,Bay Ridge Bound: Trendy Studio for Your City Stay,472603377,1470131495644496767,Emily And Saul,Brooklyn,Fort Hamilton,40.618810,-74.032382,Entire home/apt,165,1,122,2026-08-02,4.59,63,314,48
1170461052236041690,Bay Ridge Vibes: Hip Studio for City Living,472603377,1470131495644496767,Emily And Saul,Brooklyn,Fort Hamilton,40.618810,-74.032382,Entire home/apt,144,1,145,2026-08-03,5.49,63,244,76
1170462643049849090,Bay Ridge Charm: Unique Studio in Hip Neighborhood,472603377,1470131495644496767,Emily And Saul,Brooklyn,Fort Hamilton,40.618810,-74.032382,Entire home/apt,225,1,123,2026-08-02,4.66,63,254,48
1170464440178951116,Urban Chic Studio: Your Stylish Bay Ridge Getaway,472603377,1470131495644496767,Emily And Saul,Brooklyn,Fort Hamilton,40.618810,-74.032382,Entire home/apt,144,1,140,2026-08-05,5.27,63,258,67
1170670494932737213,Bright BK 1BR | Cozy & Spacious | Workspace,31553252,1465463787426056134,Jane,Brooklyn,East Flatbush,40.636030,-73.943810,Entire home/apt,283,3,37,2026-07-20,2.07,2,253,17
1161590328282171804,Cozy 1 Bedroom - World Cup Savings!,562348181,1470509966585085075,Laila,Manhattan,Harlem,40.817740,-73.945520,Entire home/apt,264,3,39,2026-07-25,2.31,1,324,24
1161852019227175942,Private Room With Lock,577638890,1470578578617982097,Hal,Manhattan,Gramercy,40.734738,-73.986961,Private room,139,1,128,2026-07-27,5.05,5,53,61
1174665140305981711,Brooklyn's Oasis,582289058,1470592041547228501,Aaron,Brooklyn,East New York,40.670228,-73.891809,Entire home/apt,347,1,91,2026-08-03,3.66,1,101,37
1176767328774849157,Superior Room,577004595,1470576670109096478,,Manhattan,Murray Hill,40.750899,-73.980069,Private room,259,1,1,2025-11-27,0.11,4,328,1
1176767328809600408,Classic Room,577004595,,,Manhattan,Murray Hill,40.750899,-73.980069,Private room,294,1,1,2026-06-06,0.45,4,305,1
1176767469652344496,Superior Room City View,577004595,1470576670109096478,,Manhattan,Murray Hill,40.750899,-73.980069,Private room,184,1,0,,,4,323,0
1176767474837148726,Balcony Room,577004595,,,Manhattan,Murray Hill,40.750899,-73.980069,Private room,294,1,0,,,4,319,0
1176791392931671935,Slice of East Village Life,582874420,1463890073583538410,David,Manhattan,East Village,40.728644,-73.978869,Private room,267,2,84,2026-07-01,3.42,1,255,41
1176949977746491520,MJ's Room 2,122625837,1462923308962899284,Michael,Brooklyn,Bedford-Stuyvesant,40.681490,-73.918630,Private room,207,1,48,2026-07-20,2.80,2,236,29
1177327595254297656,Bay Ridge Studio with Classic New York Charm,472603377,1470131495644496767,Emily And Saul,Brooklyn,Fort Hamilton,40.618810,-74.032382,Entire home/apt,195,1,75,2026-07-19,2.90,63,23,36
1177345913286082983,City Getaway: Bay Ridge Studio near Shops & Dining,472603377,1470131495644496767,Emily And Saul,Brooklyn,Fort Hamilton,40.618810,-74.032382,Entire home/apt,141,1,90,2026-08-07,3.50,63,354,43
1177359119693006427,Bay Ridge Beauty: Perfect Studio for Travelers,472603377,1470131495644496767,Emily And Saul,Brooklyn,Fort Hamilton,40.618810,-74.032382,Entire home/apt,139,1,97,2026-08-02,3.83,63,346,62
1177419977162681836,Sleek Urban Studio: Experience NYC in Bay Ridge,472603377,1470131495644496767,Emily And Saul,Brooklyn,Fort Hamilton,40.618810,-74.032380,Entire home/apt,125,1,116,2026-07-01,4.45,63,362,57
1177429576159372498,Vibrant Bay Ridge Studio: Close to Everything,472603377,1470131495644496767,Emily And Saul,Brooklyn,Fort Hamilton,40.618810,-74.032380,Entire home/apt,152,1,133,2026-08-06,5.11,63,318,62
1177433226728660401,Discover Bay Ridge: Comfortable Studio Hideaway,472603377,1470131495644496767,Emily And Saul,Brooklyn,Fort Hamilton,40.618810,-74.032382,Entire home/apt,140,1,59,2026-07-27,2.26,63,343,21
1177449988217037376,City Base: Convenient Studio in Bay Ridge,556730397,1470487031088986876,Emily,Brooklyn,Fort Hamilton,40.618810,-74.032382,Entire home/apt,120,1,87,2026-07-26,3.41,2,347,42
1177453509132101787,Stylish Bay Ridge Studio: Experience NYC Living,472603377,1470131495644496767,Emily And Saul,Brooklyn,Fort Hamilton,40.618810,-74.032382,Entire home/apt,139,1,77,2026-08-03,2.97,63,347,23
1177454816617609897,Urban Style Studio: Experience NYC in Bay Ridge,472603377,1470131495644496767,Emily And Saul,Brooklyn,Fort Hamilton,40.618810,-74.032380,Entire home/apt,234,1,59,2026-07-22,2.27,63,351,18
1177461605461458079,Bay Ridge Bliss: Your Chic Studio Retreat in NYC,472603377,1470131495644496767,Emily And Saul,Brooklyn,Fort Hamilton,40.618810,-74.032380,Entire home/apt,120,1,82,2026-07-31,3.17,63,362,26
1177473168936527770,Sleek Urban Studio: Experience NYC in Bay Ridge,472603377,1470131495644496767,Emily And Saul,Brooklyn,Fort Hamilton,40.618810,-74.032380,Entire home/apt,146,1,134,2026-08-07,5.19,63,345,65
1177476704781804039,Tranquil Bay Ridge Nook: Studio w/ Verrazano View,472603377,1470131495644496767,Emily And Saul,Brooklyn,Fort Hamilton,40.618810,-74.032380,Entire home/apt,134,1,68,2026-07-28,2.62,63,364,19
1177478027022642683,City Style: Contemporary Bay Ridge Studio Living,472603377,1470131495644496767,Emily And Saul,Brooklyn,Fort Hamilton,40.618810,-74.032382,Entire home/apt,134,1,110,2026-07-18,4.22,63,363,43
1177479778077102447,Bay Ridge City Oasis: Brooklyn Studio Close to All,472603377,1470131495644496767,Emily And Saul,Brooklyn,Fort Hamilton,40.618810,-74.032382,Entire home/apt,134,1,118,2026-07-31,4.54,63,268,41
1177481454077077957,Calm Studio Escape: Bay Ridge Comfort,472603377,1470131495644496767,Emily And Saul,Brooklyn,Fort Hamilton,40.618810,-74.032380,Entire home/apt,217,1,109,2026-08-06,4.19,63,328,57
1177486926345069371,Traveler's Delight: Restful Bay Ridge Studio,472603377,1470131495644496767,Emily And Saul,Brooklyn,Fort Hamilton,40.618810,-74.032380,Entire home/apt,219,1,127,2026-08-06,4.87,63,354,49
1177495468022051968,Stylish & Central Bay Ridge Studio Living,472603377,1470131495644496767,Emily And Saul,Brooklyn,Fort Hamilton,40.618810,-74.032382,Entire home/apt,110,1,84,2026-07-31,3.26,63,302,42
1177500655441331249,Serene City Getaway: Bay Ridge Haven,472603377,1470131495644496767,Emily And Saul,Brooklyn,Fort Hamilton,40.618810,-74.032382,Entire home/apt,224,1,127,2026-08-07,4.88,63,361,66
1177502740401038558,Sleek Bay Ridge Studio: Perfect NYC Base,472603377,1470131495644496767,Emily And Saul,Brooklyn,Fort Hamilton,40.618810,-74.032382,Entire home/apt,147,1,83,2026-07-25,3.19,63,332,37
1177504045631878580,Modern Bay Ridge Studio: Perfect Urban Escape,472603377,1470131495644496767,Emily And Saul,Brooklyn,Fort Hamilton,40.618810,-74.032382,Entire home/apt,224,1,157,2026-08-05,6.08,63,242,92
1177505327183162711,Urban Charm: Bay Ridge Studio w/ Verrazano View,472603377,1470131495644496767,Emily And Saul,Brooklyn,Fort Hamilton,40.618810,-74.032382,Entire home/apt,125,1,111,2026-08-01,4.27,63,358,58
1177516630169566287,Sleek Bay Ridge Nook: Modern NYC Studio,472603377,1470131495644496767,Emily And Saul,Brooklyn,Fort Hamilton,40.618810,-74.032382,Entire home/apt,170,1,140,2026-08-01,5.41,63,328,68
1177520082587526383,Trendy Bay Ridge Studio: Ideal Location,472603377,1470131495644496767,Emily And Saul,Brooklyn,Fort Hamilton,40.618810,-74.032380,Entire home/apt,139,1,159,2026-07-31,6.26,63,269,81
1185401055995420199,Home Away from Home: Friendship,347560493,1469689135188546023,Tracey,Queens,East Elmhurst,40.761630,-73.872800,Private room,241,1,16,2026-06-25,0.63,3,360,5
1171012769356179541,Rooftop Green Space + Chinatown + Walk Everywhere,236127830,1463251123772983559,Jenny,Manhattan,Chinatown,40.714511,-73.998039,Entire home/apt,809,1,72,2026-07-26,3.99,1,98,47
1171092946447246095,"Elegant Bedroom
Home w parking & Patio",581331178,1470589282314553215,Rivkah,Brooklyn,East Flatbush,40.658060,-73.936450,Private room,455,1,78,2026-08-07,3.22,1,344,34
1171907062596212569,Renovated-Jacuzzi Tub Home NYC/LGA/JFK Washer/Drye,581562296,1470589962645462676,Mo,Queens,Kew Gardens Hills,40.720037,-73.819248,Entire home/apt,402,3,67,2026-08-02,2.56,1,325,26
1172294590570526294,Sensible Brooklyn Room II,1406250,1462544939889075288,Catina,Brooklyn,Crown Heights,40.664960,-73.957880,Private room,118,1,117,2026-07-20,4.47,1,334,34
1172482872067209423,"Light-filled, with high ceilings and skyline views",576488520,1470575129660940795,The Marmara Park Avenue,Manhattan,Midtown,40.745273,-73.981686,Private room,469,1,1,2026-02-15,0.17,9,222,1
1172482872107801367,Sweeping views of the city,576488520,1470575129660940795,The Marmara Park Avenue,Manhattan,Midtown,40.745273,-73.981686,Private room,449,1,0,,,9,221,0
1172500363755547171,"Feather Factory Hotel, Selected by hotel",545883598,1470443537160838000,Feather Factory Hotel,Queens,Long Island City,40.744090,-73.940620,Private room,218,1,73,2026-08-17,2.73,1,149,67
1172960017227697691,Broadway Family Studio,581845609,1470590711711637844,Silvia,Manhattan,Midtown,40.746350,-73.986970,Entire home/apt,305,1,64,2026-08-02,2.90,2,330,38
1173103794217373729,Bay Ridge Studio Retreat with Modern Flair,472603377,1470131495644496767,Emily And Saul,Brooklyn,Fort Hamilton,40.618810,-74.032380,Entire home/apt,147,1,88,2026-08-03,3.39,63,19,41
1173155686408356519,Nestled Nook: Inviting Bay Ridge Studio Hideaway,472603377,1470131495644496767,Emily And Saul,Brooklyn,Fort Hamilton,40.618810,-74.032382,Entire home/apt,145,1,62,2026-08-07,2.49,63,107,26
1173168273112763284,Soothing Bay Ridge Haven: Comfy Studio Oasis,472603377,1470131495644496767,Emily And Saul,Brooklyn,Fort Hamilton,40.618810,-74.032382,Entire home/apt,122,1,85,2026-08-08,3.35,63,347,48
1173178020006389735,Urban Refuge: Bay Ridge Warm Studio Escape,472603377,1470131495644496767,Emily And Saul,Brooklyn,Fort Hamilton,40.618810,-74.032380,Private room,154,1,54,2026-07-30,2.08,63,188,25
1173184225634950250,Charming Studio: Bay Ridge Warm Haven,472603377,1470131495644496767,Emily And Saul,Brooklyn,Fort Hamilton,40.618810,-74.032380,Entire home/apt,139,1,90,2026-08-07,3.45,63,156,56
1173233962500563626,Bay Ridge Metroscape: Inviting NYC Studio Living,472603377,1470131495644496767,Emily And Saul,Brooklyn,Fort Hamilton,40.618810,-74.032380,Entire home/apt,139,1,163,2026-08-06,6.30,63,324,83
1173237288996322274,Perfectly Situated Bay Ridge Studio,472603377,1470131495644496767,Emily And Saul,Brooklyn,Fort Hamilton,40.618810,-74.032380,Entire home/apt,158,1,129,2026-07-23,4.92,63,231,68
1173239609371845295,City Sanctuary: Bay Ridge Tranquil Studio,472603377,1470131495644496767,Emily And Saul,Brooklyn,Fort Hamilton,40.618810,-74.032382,Entire home/apt,140,1,83,2026-08-01,3.20,63,342,61
1173497139301669046,A Brooklyn Sanctuary - Private Bedroom in BK,548723261,1470454831552672772,Luigi,Brooklyn,Crown Heights,40.676060,-73.949920,Private room,198,5,20,2026-07-28,0.84,1,180,11
1178171946295620150,Great Studio for groups NY Empire State Views #8,345231956,1469682626840654976,Alberto,Manhattan,Midtown,40.747200,-73.987820,Entire home/apt,301,1,15,2026-06-28,0.75,4,192,10
1178421569168776033,Sunny Private Room in Best Location!,583283765,1463890279120860795,Alex,Brooklyn,Williamsburg,40.710450,-73.955000,Private room,111,1,66,2026-08-02,2.76,3,335,26
1178901341144672363,Gramercy Park Private Studio<Shared Bathroom>,408979935,1463633576430998493,The Village House,Manhattan,Gramercy,40.734738,-73.986961,Entire home/apt,301,1,63,2026-07-26,2.44,39,97,26
1179574566320269059,NYC Union Square Studio <Shared Bathroom>,408979935,1463633576430998493,The Village House,Manhattan,Gramercy,40.734738,-73.986961,Entire home/apt,196,1,62,2026-07-15,2.39,39,115,24
1179739442698641990,Adventure: M & L Train AC WiFi TV Bushwick,527022914,1470369882835555672,Roderick,Brooklyn,Bushwick,40.698970,-73.924450,Private room,122,1,128,2026-07-26,5.10,4,363,51
1179802084308327475,"Modern Luxury in Brooklyn Townhouse, Private Suite",10701260,1462847562968959678,Matt,Brooklyn,Prospect Heights,40.678180,-73.965750,Entire home/apt,716,1,30,2026-08-02,1.16,1,211,20
1187189107122379344,Stylish King Suite & Private Bathroom in Flushing,580806459,1470587795899165153,Guang,Queens,Flushing,40.764300,-73.822390,Private room,160,2,91,2026-07-20,3.62,3,156,18
1187671575907468905,The Central At 5Th - Studio,475761645,1470144736865069399,Fabian,Manhattan,Midtown,40.756743,-73.977333,Private room,775,1,1,2026-07-23,1,9,229,1
1194458269999890435,"1Br Love nest, jacuzi tub, getway ,shared wth host",572894370,1470553245474759930,Jeffrey,Queens,Rockaway Beach,40.589737,-73.811147,Private room,122,2,55,2025-12-28,2.26,1,215,20
1195786673178332789,Astoria Parkside,138611727,1468375646149333300,Melissa,Queens,Ditmars Steinway,40.782380,-73.917210,Private room,200,1,52,2026-07-19,2.20,1,154,28
1196346309498202769,Spacious Duplex in Hell’s Kitchen 3BR,587327827,1470606194877130974,Nancy,Manhattan,Hell's Kitchen,40.764089,-73.989899,Entire home/apt,1181,2,65,2026-07-26,3.15,1,351,34
1196675137374418456,Private Porch Queen Suite with private bathroom,580806459,1470587795899165153,Guang,Queens,Flushing,40.763680,-73.824710,Private room,147,2,87,2026-07-20,3.44,3,106,31
1197284752024889416,"Central Location Studio, Walk to Times Square",378112960,1469772105806202515,Alex,Manhattan,Hell's Kitchen,40.761270,-73.991860,Private room,194,1,114,2026-08-04,4.72,11,164,58
1180991665522250201,Enjoy views from the rooftop at Balcon,576488520,1470575129660940795,The Marmara Park Avenue,Manhattan,Midtown,40.745270,-73.981690,Private room,577,1,0,,,9,222,0
1180991667116377325,"Unwind in the hammam, spa or subterranean pool",576488520,1470575129660940795,The Marmara Park Avenue,Manhattan,Midtown,40.745270,-73.981690,Private room,499,1,0,,,9,222,0
1181127097467285907,Cozy Brooklyn view,584022815,,,Brooklyn,Williamsburg,40.720960,-73.958599,Private room,349,1,19,2026-08-01,1.18,4,353,15
1181127097582334636,Cozy,584022815,1470596943271887801,,Brooklyn,Williamsburg,40.720960,-73.958599,Private room,309,1,173,2026-08-14,7.03,4,340,112
1181127191887492795,Cozy Manhattan View,584022815,,,Brooklyn,Williamsburg,40.720960,-73.958599,Private room,349,1,4,2026-08-01,0.25,4,351,3
1181127204208572788,Cozy twin,584022815,,,Brooklyn,Williamsburg,40.720960,-73.958599,Private room,349,1,14,2026-08-01,0.92,4,353,10
1181193436897014238,Nyc • Stylish City Retreat • Broadway,475752211,1470144857751552210,Megan,Manhattan,Midtown,40.764369,-73.977907,Private room,561,1,1,2024-10-18,0.05,12,296,0
1181394579984036414,A cozy apartment near Yankee Stadium,252043685,1469335546591858075,Elda,Bronx,Melrose,40.819851,-73.915504,Private room,169,4,46,2026-07-27,1.97,1,181,24
1181939406837292669,Boutique Hotel Family Room | Moderne Hotel,584269688,,,Manhattan,Midtown,40.765163,-73.982907,Private room,179,1,15,2026-07-06,1.71,4,356,15
1181939407106867938,Retro King Room | Moderne Hotel,584269688,1470597538107681286,,Manhattan,Midtown,40.765163,-73.982907,Private room,149,1,61,2026-08-14,2.39,4,363,44
1181939492885685973,Suite Boutique Hotel | Moderne Hotel,584269688,,,Manhattan,Midtown,40.765163,-73.982907,Private room,209,1,9,2026-04-03,1.49,4,358,9
1181939496860744554,Accessible King | Moderne Hotel,584269688,,,Manhattan,Midtown,40.765163,-73.982907,Private room,189,1,4,2026-06-22,0.40,4,319,4
1182031921680617824,Chez Leia - Manhattan Suite,584304216,1470597622086386137,Leia,Manhattan,East Harlem,40.797810,-73.939700,Private room,378,2,64,2026-07-15,3.66,2,246,41
1182210505899484216,Luxury Duplex NYC Loft!,584354864,1470597729929709273,Samantha,Manhattan,East Harlem,40.798480,-73.942180,Entire home/apt,617,2,78,2026-07-26,3.07,1,288,36
1182703112092638753,Chez Leia - Manhattan Studio,584304216,1470597622086386137,Leia,Manhattan,East Harlem,40.799030,-73.938300,Private room,230,2,48,2026-07-26,2.77,2,260,32
1182793483521637790,Bright & Modern Brooklyn Room in Shared House,20063690,1463098476720680732,Naheima,Brooklyn,Bedford-Stuyvesant,40.686640,-73.948100,Private room,256,4,43,2026-07-05,1.77,3,325,20
1183290796056119188,Brooklyn Oasis,126636517,1468274541603916006,Sam,Brooklyn,Sunset Park,40.661492,-73.997345,Private room,196,2,81,2026-07-23,3.17,1,25,34
1187723295314942476,AKA Times Square - Two Bedroom Platinum Suite,176950781,1468713843233332236,AKA Times Square,Manhattan,Theater District,40.757150,-73.983220,Private room,689,7,3,2026-04-10,0.13,17,361,1
1188015017416675461,(Cozy) Brooklyn Stay for Peace & Tranquility,585984692,1463891416486875424,Donald,Brooklyn,Canarsie,40.639930,-73.912869,Private room,209,1,97,2026-08-01,3.85,1,279,48
1188328691952819508,Modern Brooklyn Townhome w/ Private Backyard Oasis,573870959,1470566964151333630,Aaron,Brooklyn,Bedford-Stuyvesant,40.683778,-73.921454,Private room,321,2,64,2026-07-19,2.53,1,335,33
1188765896977220359,Cozy Stylish Stay | Fast NYC Access | Quiet Area,464658136,1463766286239234585,Yira Vargas,Bronx,Castle Hill,40.814430,-73.850800,Private room,172,2,59,2026-07-30,2.68,4,358,33
1189748843602025370,3 Bedroom Apartment near Prospect Park + Barclays,127721863,1468283655524518884,Machel,Brooklyn,Crown Heights,40.673878,-73.958644,Entire home/apt,606,1,29,2026-07-15,1.32,2,91,27
1197840122888670257,Brooklyn Terrace,543460585,,Wythe Hotel,Brooklyn,Williamsburg,40.722098,-73.958082,Private room,689,1,11,2026-07-19,1.42,3,295,11
1197859177973871671,Cozy & Peaceful / Near Train + 15 Min to Manhattan,503124824,1470262002591246787,Daniela,Queens,Sunnyside,40.745250,-73.923150,Private room,164,1,53,2026-07-21,3.74,4,211,48
1198100494592953253,Luxury Home In Brooklyn,387033571,1469797125400942893,Joe,Brooklyn,East Flatbush,40.660290,-73.938730,Entire home/apt,618,1,46,2026-08-05,4.18,1,139,46
1198752324486006811,Keyless Pink Lady!  Near to Laguardia Airport!,160097529,1463007378772809744,Hal,Queens,Ditmars Steinway,40.775100,-73.907750,Private room,193,3,30,2026-05-18,1.26,3,359,14
1199474355907371585,One Bedroom + Bathroom by LGA & JFK,23479368,1465273838296017944,Karanpreet,Queens,South Ozone Park,40.674390,-73.818970,Private room,135,3,11,2025-06-08,0.56,2,55,0
1200238572259388527,NYC Retreat- 5min from JFK 30min from Times Square,589687501,1470611248924091859,Ebenezer,Queens,Rosedale,40.656180,-73.732950,Private room,283,1,84,2026-07-23,3.48,1,253,40
1200982419378873635,"1BR w/ Backyard Access + 20% Off, 2mins to train",481452777,1470168098247100824,Jude,Manhattan,Harlem,40.828700,-73.949150,Entire home/apt,371,1,15,2026-07-27,1.18,17,291,14
1201021216831769703,Cozy Cat Retreat in the Heart of Brooklyn,544140097,1470436977679113021,Jesus Alfredo,Brooklyn,Bushwick,40.696967,-73.933866,Private room,126,2,109,2026-07-10,4.40,2,71,47
1202281667370725866,2 Double Beds - City View,564806229,1470517398820717429,The Chelsean New York,Manhattan,Chelsea,40.745100,-73.994120,Private room,140,1,31,2026-07-30,1.35,1,305,26
1203564246582112713,NYC Studio with Kitchen <Shared Bathroom>,408979935,1463633576430998493,The Village House,Manhattan,Gramercy,40.734738,-73.986961,Entire home/apt,195,1,61,2026-07-17,2.52,39,110,23
1203607162308243976,Brownstone | Duplex | Private BR + Ensuite Bath,4352619,1462535077656340008,Cava,Brooklyn,Bedford-Stuyvesant,40.688820,-73.928110,Private room,212,2,15,2026-08-07,1.42,1,16,15
1203626121096834302,Private Studio kids & Pet-friendly W Private Patio,18057505,1462604702560447702,Michael,Brooklyn,East Flatbush,40.660360,-73.927270,Private room,292,1,38,2026-07-27,1.61,12,351,19
1203710607479353731,Highly Recommended Studio Near Times Square,378112960,1469772105806202515,Alex,Manhattan,Hell's Kitchen,40.761270,-73.991860,Entire home/apt,176,1,75,2026-06-14,3.04,11,148,24
1203936636043065935,"Queens, NYC, USA! Females only. Host occupied.",30870512,1465454627669226966,Linda,Queens,Elmhurst,40.728350,-73.879390,Private room,121,3,16,2026-06-08,0.68,1,336,9
1204771167699076347,World Cup 2026 Luxury Suite Brooklyn NYC,740748308,1600570632533562978,Lilianna,Brooklyn,East Flatbush,40.649884,-73.950898,Entire home/apt,386,1,101,2026-08-02,4.50,1,305,48
1189820404103982633,Best location of Bushwick (1st room),6914686,1462547858334594145,Ronan,Brooklyn,Bushwick,40.701543,-73.923551,Private room,113,1,52,2026-07-16,2.61,2,191,39
1190239794540320139,Cozy 2 Bdr in Ocean Hill/Bedstuy Brooklyn,584082202,1470597027908089795,Anthony,Brooklyn,Bedford-Stuyvesant,40.679001,-73.914282,Private room,288,2,85,2026-07-25,3.42,2,277,33
1210411941311186494,Clean & Cozy NYC Room / Full-Access Private Apt!,42767903,1465635333775422972,Shara,Manhattan,Washington Heights,40.834210,-73.941300,Private room,189,4,14,2026-07-15,0.65,2,214,10
1211075863285668785,Modern Brooklyn Stay w/ Parking,2096871,1462586256879069640,Red,Brooklyn,Canarsie,40.640068,-73.917888,Entire home/apt,313,2,43,2026-08-04,1.86,1,291,25
1211608172160011490,"Apartment on 2nd floor+kitchen | JFK, metro",592879137,1470619224894002179,Iryna,Queens,Woodhaven,40.688370,-73.853360,Private room,122,1,74,2026-08-03,3.13,2,242,43
1211632114992944986,Private 2BR in Clinton Hill,42458523,1465631161738767405,Lui,Brooklyn,Clinton Hill,40.695148,-73.966049,Private room,383,3,30,2026-08-03,2.06,1,224,29
1211817562712075496,Casita Azul,287345020,1469499466094100663,Jessica,Queens,Ditmars Steinway,40.767310,-73.895810,Private room,214,2,38,2026-07-27,1.64,1,314,16
1212264314233147082,Brooklyn Creative Loft,586152880,1470603024237741703,Richard,Brooklyn,Williamsburg,40.707430,-73.951830,Private room,339,1,93,2026-07-27,3.98,2,341,33
1212477898608171624,"The “Oasis 
near JFK airport",591664165,1470616301447504341,Molly,Queens,Cambria Heights,40.697430,-73.732099,Private room,197,1,59,2025-12-21,2.51,1,230,9
1212893880121060294,NYC Chelsea Studio <Share bathroom>,408979935,1463633576430998493,The Village House,Manhattan,Chelsea,40.750140,-73.997020,Entire home/apt,221,1,110,2026-07-26,4.58,39,81,61
1206481896594390866,Cozy Queen Bed Room with Private Bathroom,591423487,1470615653887102122,Meihua,Queens,Flushing,40.762950,-73.824630,Private room,151,2,81,2026-07-23,3.27,2,152,28
1207806421010100811,Family Cozy Studio,581845609,1470590711711637844,Silvia,Manhattan,Midtown,40.746390,-73.986910,Entire home/apt,298,1,78,2026-07-26,3.69,2,322,49
1208099973553742658,Huge Stylish Room in Beautiful Artist Loft,35539450,1465525045904881226,Luis,Brooklyn,Williamsburg,40.710260,-73.968520,Private room,311,3,48,2026-07-27,2.03,2,141,24
1208178944493199800,"Gorgeous, Stylish, Spacious Duplex w/ Regal Vibes",591968488,1470617066357289731,The Luxe Manor NYC,Brooklyn,East Flatbush,40.649140,-73.925880,Entire home/apt,428,2,14,2025-11-03,0.64,1,133,5
1208241249110457793,Comfy APT / Close to JFK,569747157,1470532608249519870,Marie,Brooklyn,East New York,40.675290,-73.883110,Entire home/apt,289,2,30,2026-07-19,1.42,2,353,9
1208775987732062681,Cozy & Comfortable Studio in Charming Brooklyn,592139577,1470617467423893192,Krystal,Brooklyn,Midwood,40.626660,-73.962470,Entire home/apt,305,1,47,2026-08-09,3.13,1,276,37
1209390906014800200,Splendid Stay | Skyline views. Gym,559446215,1470500906779129815,NoMo SoHo New York City,Manhattan,SoHo,40.718730,-73.999830,Private room,335,1,20,2025-09-02,0.86,9,157,1
1209393633569416487,Urban Escape | Museums. Fitness Center,559446215,1470500906779129815,NoMo SoHo New York City,Manhattan,SoHo,40.719190,-74.001020,Private room,303,1,97,2026-08-04,3.98,9,157,31
1209395778771475659,Solace Stays | Skyline views. Gym,559446215,1470500906779129815,NoMo SoHo New York City,Manhattan,SoHo,40.718930,-74.000790,Private room,352,1,4,2025-01-25,0.17,9,155,0
1209676112847837893,Chic Private Bedroom + Balcony | Shared Apt BKLN,8148105,1462750371856038472,Nina,Brooklyn,Bushwick,40.689170,-73.918550,Private room,151,1,106,2026-08-08,4.35,1,185,52
1210054863016150123,Artist Apt (L M J trains),89580636,1467085322481954615,Hui,Brooklyn,Bushwick,40.694984,-73.921103,Private room,457,1,83,2026-08-01,3.47,1,216,42
1227362166997664136,Spacious Brooklyn Retreat with Garden Terrace,103150928,1467238542469971114,Sammir,Brooklyn,Bushwick,40.703210,-73.914260,Entire home/apt,407,1,110,2026-07-28,4.98,1,316,65
1227420009397765852,Pod Brooklyn - Queen Pod,595011883,1470624433494476571,,Brooklyn,Williamsburg,40.715196,-73.959091,Private room,314,1,391,2026-08-07,16.54,4,310,327
1213288727949202646,The Pacific House An Upscale Ground Floor Apt,593420113,1470620558693050226,Phylicia,Brooklyn,Crown Heights,40.676805,-73.936836,Entire home/apt,627,3,33,2025-08-20,1.47,1,214,1
1213312688643568568,Ace Brooklyn Room – Let Us Surprise You,564300557,1470515823586011977,Ace Hotel Brooklyn,Brooklyn,Boerum Hill,40.687819,-73.983733,Private room,219,1,167,2026-08-16,11.11,1,13,127
1213364464605802277,Charming townhouse Apartment in Williamsburg,393992614,1463600115950207706,Zee,Brooklyn,Williamsburg,40.712920,-73.967030,Entire home/apt,360,3,4,2026-07-19,0.22,2,23,3
1213762639596599602,Modern One bedroom with Private Yard,593545860,1470620909840473764,Samantha,Queens,Astoria,40.757240,-73.926000,Entire home/apt,377,3,50,2026-07-27,2.88,1,236,33
1213830900403046409,suite in townhouse apt.,27973267,1465412994922662862,Gus,Manhattan,Washington Heights,40.851050,-73.933610,Private room,287,1,90,2026-08-06,3.94,4,303,49
1213918539223846664,1 BR: Astoria Green House | 10 Mins to Manhattan,110176129,1467332657538973036,Stefanie And Andrew,Queens,Ditmars Steinway,40.772650,-73.914590,Private room,291,1,98,2026-07-25,4.18,1,216,52
1213938382576828150,"The Blue Room - Comfy, Clean & Close to the City",593609144,1470621124477446251,Carolyn,Brooklyn,Bedford-Stuyvesant,40.686268,-73.922210,Private room,142,1,49,2026-07-26,2.10,1,342,27
1214007448847086508,"The Quin, A Hilton  - Studio - Std",475709628,1470144570495804405,Bruce,Manhattan,Midtown,40.764736,-73.977383,Private room,885,1,7,2025-10-15,0.46,8,230,4
1214181323231993112,Cat Cozy Haven in Prime Location,544140097,1470436977679113021,Jesus Alfredo,Brooklyn,Bushwick,40.698020,-73.934900,Private room,116,2,102,2026-08-09,4.29,2,66,44
1214351541513386808,Union Square Studio (Shared Bathroom),408979935,1463633576430998493,The Village House,Manhattan,Gramercy,40.734740,-73.986960,Entire home/apt,151,1,63,2026-07-27,2.60,39,87,24
1214532369615046777,Cozy Guest Suite-Serenity Place,593765756,1470621420223685368,Angella,Queens,Laurelton,40.673691,-73.738419,Private room,435,2,15,2026-07-27,1.18,1,341,13
1216854624177570316,Stylish 1 BR apartment,3558909,1462632541030644977,Annie,Queens,Ridgewood,40.701987,-73.911029,Entire home/apt,109,3,97,2026-08-01,4.50,2,243,43
1217279784872684048,Private Guest Suite in Brooklyn Townhouse,82133443,1466997041699148390,Matt,Brooklyn,Bedford-Stuyvesant,40.687820,-73.920680,Shared room,159,27,42,2025-09-28,1.93,1,193,4
1218439205588842717,"Private Entry King Suite, 3‑Min Stroll to Subway",594634816,1463895268148902648,Jay,Brooklyn,Bedford-Stuyvesant,40.677560,-73.919270,Private room,131,1,119,2026-07-26,6.59,1,30,67
1219756010828425878,"The Quin, A Hilton  - Studio - Std",475709628,1470144570495804405,Bruce,Manhattan,Midtown,40.764736,-73.977383,Private room,885,1,3,2025-10-09,0.27,8,230,3
1227420009454632466,"Pod Brooklyn - Queen Pod, ADA",595011883,,,Brooklyn,Williamsburg,40.715196,-73.959091,Private room,89,1,28,2026-07-17,1.87,4,275,24
1227524153620436301,2BR - Hidden Gem in Brooklyn,593379709,1470620472190314217,Vanessa,Brooklyn,Brownsville,40.656681,-73.908147,Entire home/apt,346,2,36,2026-07-20,1.71,1,65,21
1227616751915023600,Spacious New York Times Square Hotel Room,597334645,1470629810454225511,Renaissance New York Times Square,Manhattan,Theater District,40.759680,-73.984300,Private room,299,1,54,2026-07-06,2.38,1,86,30
1228208636927429868,Trendy SoHo Room w/ Stunning Rooftop River Views,501999278,1468058277289999419,RoomPicks,Manhattan,SoHo,40.726374,-74.008850,Hotel room,388,1,0,,,147,279,0
1228208733106915413,"Superior Double Double, Hotel Hugo, Rooftop Bar",501999278,1468058277289999419,RoomPicks,Manhattan,SoHo,40.726374,-74.008850,Hotel room,388,1,8,2026-02-18,0.63,147,278,7
1228208840794867363,2 Chic Rooms Perfect for Foodies in Heart of SoHo,501999278,1468058277289999419,RoomPicks,Manhattan,SoHo,40.726370,-74.008850,Hotel room,850,1,4,2025-08-29,0.22,147,266,2
1228208873942226530,"2 Superior Double Double, Hotel Hugo, Soho NYC",501999278,1468058277289999419,RoomPicks,Manhattan,SoHo,40.726370,-74.008850,Hotel room,834,1,0,,,147,266,0
1228209041418823286,Bohemian Chic Room w/ Hip Industrial Design in NYC,501999278,1468058277289999419,RoomPicks,Manhattan,SoHo,40.726374,-74.008850,Hotel room,738,1,2,2025-07-27,0.10,147,290,0
1228209227100908495,"Deluxe Double Double, Hotel Hugo, Stylish Design",501999278,1468058277289999419,RoomPicks,Manhattan,SoHo,40.726374,-74.008850,Hotel room,738,1,7,2026-05-11,0.51,147,289,5
1228209499513589730,"2 Rooms in Scenic SoHo, NYC - Easy Metro Access",501999278,1468058277289999419,RoomPicks,Manhattan,SoHo,40.726374,-74.008850,Hotel room,1476,1,0,,,147,288,0
1228209537665417176,"Two Deluxe 2 Double, Hotel Hugo, SoHo NYC Location",501999278,1468058277289999419,RoomPicks,Manhattan,SoHo,40.726374,-74.008850,Hotel room,1476,1,2,2026-05-01,0.12,147,288,1
1228209656943203149,Bohemian Industrial Room Ideal for Urban Explorers,501999278,1468058277289999419,RoomPicks,Manhattan,SoHo,40.726374,-74.008850,Hotel room,592,1,8,2026-08-03,0.50,147,297,4
1228209782947268423,"Superior King, Hotel Hugo, Near Hudson River, Pets",501999278,1468058277289999419,RoomPicks,Manhattan,SoHo,40.726370,-74.008850,Hotel room,592,1,1,2025-02-17,0.06,147,298,0
1228345176676845327,"Hotel 32|32, Queen Studio with balcony",268598785,1463346184942342436,⁨Hotel 32 32⁩,Manhattan,Midtown,40.744980,-73.984130,Private room,184,1,230,2026-07-27,9.90,10,232,94
1228576821149395610,"Beautiful Suite in Queens, New York",220128768,1463206160523462164,Zain,Queens,Flushing,40.737590,-73.826990,Private room,256,1,62,2026-07-20,2.72,1,331,26
1229023902731509556,Exclusive Studio 1108 | Private Bathroom,401202937,1469841047362978348,Eliza,Manhattan,Midtown,40.747660,-73.988760,Entire home/apt,284,1,43,2026-08-06,1.83,70,127,23
1229818908920654651,Exclusive Lodge,597892428,1470631139441588413,Kathy,Bronx,Pelham Gardens,40.865230,-73.847360,Private room,175,1,59,2026-07-27,2.88,5,265,31
1230013531084210418,Stylish Brooklyn Apt | Near Prospect Park & Trains,2706968,1462525828912169608,Patrick,Brooklyn,Prospect-Lefferts Gardens,40.662008,-73.952976,Entire home/apt,271,1,82,2026-08-06,5.97,1,319,76
1230393548626498362,chic brownstone retreat,581305765,1470589212959919009,Melody Glick,Manhattan,Washington Heights,40.836735,-73.941964,Entire home/apt,536,1,49,2026-07-27,2.17,1,108,28
1230413477536936223,Rooms available for you.,469251516,1470115949752341771,Heilly,Bronx,Castle Hill,40.816750,-73.853250,Private room,179,1,74,2026-08-04,3.17,1,35,27
1230456467253112427,"Guest Suite-2 Rooms/ Beds, 5 min from JFK",26871,1462507066769790440,J Haze,Queens,Springfield Gardens,40.665210,-73.761300,Private room,216,2,62,2026-07-30,2.68,1,317,22
1232863059744383368,Chic Space in Amazing Neighborhood,35249373,1465520772671458294,Hannah,Brooklyn,Crown Heights,40.673720,-73.955500,Entire home/apt,861,2,69,2026-08-09,3.58,1,276,34
1233214287379071861,Spacious 2 Bedrooms | Parking | Close to Transit,598718468,1470633085988121203,Jefferson,Queens,Maspeth,40.738078,-73.905292,Entire home/apt,301,2,43,2026-07-30,1.96,1,66,24
1233550549684575733,The Blue House on 105,598810246,1470633294398286562,FaShan,Queens,Jamaica,40.702101,-73.786080,Private room,204,1,32,2026-06-28,1.40,2,360,13
1233741840559332037,Budget Cozy Modern Room | Train to Times Square,41705336,1465620444925734722,Ty,Bronx,Claremont Village,40.835090,-73.911620,Private room,110,1,120,2026-07-26,5.17,2,29,55
1234105027643190339,Home base in the heart of the East Village,24673321,1465312492167842699,Enrique,Manhattan,East Village,40.730792,-73.984824,Private room,375,1,18,2026-06-04,0.83,1,264,7
1234329085499860302,Private Place all to your self,61625798,1466758336001381858,Steve,Brooklyn,Canarsie,40.644990,-73.896730,Entire home/apt,106,1,52,2026-07-09,2.29,1,266,34
1234343699153118755,Danberry Home Away From Home,567134312,1470524576004686877,Daniel,Queens,St. Albans,40.706100,-73.767910,Private room,124,2,30,2026-01-03,1.35,1,158,9
1219761487691460780,New York City Apartment Near Free Ferry Boat!,595237440,1470624990342074218,Christian,Staten Island,Stapleton,40.632799,-74.075818,Private room,136,1,40,2026-07-31,1.68,1,294,15
1221844217141658479,"Close to train, Park, Manhattan",431921077,1469955300967561738,Baydaa,Brooklyn,Prospect-Lefferts Gardens,40.656460,-73.953110,Private room,167,1,89,2026-06-16,3.79,1,364,39
1222473226143955232,7BEDS JFK Aprt/Lux Apt/MNHAT-Train/65TV/Game/PARK,479574253,1463800024764091008,Florida Vacation Rentals,Queens,Richmond Hill,40.687920,-73.825520,Entire home/apt,663,1,61,2026-07-31,2.58,2,341,41
1223535327602999644,Charming Apartment in NYC!,595793386,1470626221387494923,Evelyn,Manhattan,Harlem,40.809810,-73.942570,Entire home/apt,528,2,81,2026-07-27,3.53,1,314,36
1224070827522419491,The Heart of the Lower East Side | No Cleaning Fee,594980997,1470624361910718473,Leon Hotel LES,Manhattan,Chinatown,40.717070,-73.994790,Private room,144,1,3,2025-11-26,0.28,9,264,3
1224072616282673348,Moments Away From The Iconic Manhattan Bridge,594980997,1470624361910718473,Leon Hotel LES,Manhattan,Chinatown,40.717170,-73.994480,Private room,168,1,48,2026-07-18,2.38,9,339,30
1224073554655958276,Boutique Retreat On The Lower East Side,594980997,1470624361910718473,Leon Hotel LES,Manhattan,Chinatown,40.715050,-73.994840,Private room,187,1,7,2026-07-30,0.31,9,349,1
1224074648512628836,Distinctively Unique Stay In Lower East Side,594980997,1470624361910718473,Leon Hotel LES,Manhattan,Chinatown,40.715320,-73.994650,Private room,215,1,21,2026-07-31,0.92,9,324,13
1224075612952225334,Steps From The Lower East Side | Sightseeing,594980997,1470624361910718473,Leon Hotel LES,Manhattan,Chinatown,40.715370,-73.994030,Private room,235,1,14,2025-10-02,0.65,9,300,2
1224076540419059623,Close To The Lower East Side | Sightseeing,594980997,1470624361910718473,Leon Hotel LES,Manhattan,Chinatown,40.714930,-73.995580,Private room,172,1,18,2026-08-08,0.80,9,296,6
1224077366954401078,Steps From NY’s historic Chinatown Neighborhood,594980997,1470624361910718473,Leon Hotel LES,Manhattan,Chinatown,40.715510,-73.996220,Private room,214,1,2,2025-08-19,0.09,9,352,1
1224079069637556316,In The Heart Of Lower East Side | Accessible Room,594980997,1470624361910718473,Leon Hotel LES,Manhattan,Chinatown,40.717210,-73.995530,Private room,188,1,39,2026-05-30,1.78,9,264,29
1224080184492952160,Close To Chinatown | Sightseeing,594980997,1470624361910718473,Leon Hotel LES,Manhattan,Chinatown,40.715310,-73.994690,Private room,421,1,80,2026-07-14,3.72,9,282,50
1226780451927503437,West 57Th Street By Hilton - Studio Plus,475752211,1470144857751552210,Megan,Manhattan,Midtown,40.764512,-73.977912,Private room,561,1,5,2025-11-03,0.33,12,296,3
1226812479353670317,Nyc • Stylish City Retreat • Broadway,475752211,1470144857751552210,Megan,Manhattan,Midtown,40.764512,-73.977912,Private room,561,1,4,2026-05-21,0.18,12,296,3
1226899584080273038,Amazing Brooklyn Room,25719943,1465349300267067984,Leslie,Brooklyn,East Flatbush,40.639040,-73.933650,Private room,115,1,27,2026-08-06,1.22,1,36,14
1236537387132575664,Stay The Night In Manhattan-Midtown East | Bar,599107071,1470634031830348364,Hilton Garden Inn New YorkManhattan-Midtown,Manhattan,Midtown,40.756630,-73.969530,Private room,161,1,4,2026-01-18,0.33,2,300,4
1236537551602845393,Amazing Stay In Manhattan-Midtown East |Restaurant,599107071,1470634031830348364,Hilton Garden Inn New YorkManhattan-Midtown,Manhattan,Midtown,40.756630,-73.969410,Private room,288,1,29,2026-06-14,1.26,2,291,19
1236545710562306407,Sunny Private Room,583283765,1463890279120860795,Alex,Brooklyn,Williamsburg,40.710460,-73.953680,Private room,123,1,30,2026-07-12,1.80,3,291,24
1237094641902152706,"Luxury Loft w Private Garden, Sauna, Cinema, WkSpc",2821175,1462609620777063876,Aurora Queiroz,Brooklyn,Bedford-Stuyvesant,40.685030,-73.952160,Entire home/apt,826,1,73,2026-07-24,3.31,1,142,38
1237716908582199687,Walker Hotel Tribeca | City View Corner King,650015634,,,Manhattan,Chinatown,40.718282,-74.001986,Private room,255,1,2,2026-03-15,0.14,6,240,1
1237716908695660523,City View King,650015634,1470635627820974800,,Manhattan,Chinatown,40.718282,-74.001986,Private room,319,1,6,2026-05-17,0.68,6,244,6
1237717005881741151,"Walker Hotel Tribeca, Walker Cozy King",650015634,1470635627820974800,,Manhattan,Chinatown,40.718282,-74.001986,Private room,275,1,21,2026-08-09,1.24,6,245,20
1237717011284041812,"Walker Hotel Tribeca, Walker Full",650015634,1470635627820974800,,Manhattan,Chinatown,40.718282,-74.001986,Private room,275,1,170,2026-08-15,9.71,6,248,112
1237717109706768815,Walker Hotel Tribeca | Queen Room,650015634,1470635627820974800,,Manhattan,Chinatown,40.718282,-74.001986,Private room,319,1,50,2026-08-09,3.16,6,258,42
1237717109925539462,"Walker Hotel Tribeca, Walker King",650015634,,,Manhattan,Chinatown,40.718282,-74.001986,Private room,309,1,8,2026-06-28,0.57,6,270,7
1238331353606952943,King Bed | Breakfast Included. Manhattan Views,599143667,1470634110389826372,Fairfield Inn Suites New York Brooklyn,Brooklyn,Gowanus,40.680550,-73.983560,Private room,150,1,180,2026-08-05,10.07,2,139,139
1238331693437400297,Double Beds | Breakfast Included. Manhattan View,599143667,1470634110389826372,Fairfield Inn Suites New York Brooklyn,Brooklyn,Gowanus,40.680550,-73.983560,Private room,240,1,46,2026-07-26,2.64,2,114,26
1238724380621296610,Bright Room with Manhattan View & Prime Amenities,31621291,1462655697784350964,Elizabeth Weber,Brooklyn,East Flatbush,40.647930,-73.948850,Private room,171,1,34,2026-07-29,1.60,2,66,30
1238744170136593900,Sunny Room with  Manhattan View close to Subway,31621291,1462655697784350964,Elizabeth Weber,Brooklyn,East Flatbush,40.648850,-73.948870,Private room,109,1,39,2026-05-14,1.75,2,81,34
1238949399264193597,Backyard Queen Room,650340917,1470636346880293247,,Manhattan,Hell's Kitchen,40.759773,-73.996461,Private room,235,1,15,2026-04-20,2.60,6,364,15
1238949399367464977,Superior Queen Room,650340917,,,Manhattan,Hell's Kitchen,40.759773,-73.996461,Private room,120,1,17,2026-07-13,2.29,6,304,17
1238949487641826102,Superior Double Room,650340917,,,Manhattan,Hell's Kitchen,40.759773,-73.996461,Private room,125,1,29,2026-07-20,1.28,6,333,25
1238949505811904967,Standard King Room,650340917,1470636346880293247,,Manhattan,Hell's Kitchen,40.759773,-73.996461,Private room,235,1,116,2026-08-04,4.93,6,364,70
1238949579173891616,ADA King,650340917,,,Manhattan,Hell's Kitchen,40.759773,-73.996461,Private room,230,1,7,2026-06-05,0.31,6,326,5
1234762276793313957,"Charming 2BR in Harlem, Steps from Central Park!",577557153,1470578387649816741,Tiago,Manhattan,East Harlem,40.790310,-73.947270,Entire home/apt,359,3,59,2026-06-19,2.64,1,280,27
1234888929469835175,"OBH MD, Rotation Student Healthcare, Nomad retreat",479528151,1470160146189837117,Diane,Brooklyn,East Flatbush,40.649670,-73.911610,Private room,201,2,18,2026-05-07,1.03,1,349,12
1244315762211523437,Exclusive Apartment 431 | Shared bathroom,401202937,1469841047362978348,Eliza,Manhattan,Midtown,40.747198,-73.987820,Entire home/apt,209,1,29,2026-07-29,1.38,70,166,17
1244325659318422349,Exclusive Apartment 826 | Shared Bathroom,401202937,1469841047362978348,Eliza,Manhattan,Midtown,40.748080,-73.988350,Entire home/apt,207,1,24,2026-07-20,1.09,70,83,14
1245656021841386552,Warm and cozy 2.0,415733609,1463647466238253832,Jeremiah,Queens,Cambria Heights,40.694863,-73.743671,Private room,208,2,6,2026-07-19,0.26,1,269,2
1247340469677882768,"Charming Brooklyn Stay – near JFK, W/Parking.",652451100,1470640839136418032,Anthony,Brooklyn,Canarsie,40.638510,-73.888080,Entire home/apt,492,1,13,2026-08-08,2.89,1,323,13
1249221352694050295,"Room in Bay Ridge, Brooklyn",652950677,1470641761071715705,Phong,Brooklyn,Bay Ridge,40.620350,-74.022120,Private room,203,2,66,2026-08-05,2.97,1,321,33
1249320025783707099,Pod 51 - Bunk Pod with Shared Bathroom,652986283,1470641898826500046,⁨Pod 51 Bunk Pods (Shared Bathroom)⁩,Manhattan,Midtown,40.755698,-73.969160,Private room,199,1,110,2026-07-13,7.32,1,19,69
1249322572045047561,Pod 51 - Single Pod with Shared Bath in Midtown,652987273,1470641901063056938,Pod 51 Single Shared Bathroom,Manhattan,Midtown,40.755698,-73.969160,Private room,205,1,39,2026-03-08,1.77,1,29,17
1249338724924728010,Beautiful Bed-Stuy Brownstone,6868098,1462717328185704658,Bowen,Brooklyn,Bedford-Stuyvesant,40.682660,-73.915770,Entire home/apt,661,3,43,2026-08-07,1.95,1,331,25
1249885048976163714,Pod 51 - Queen Pod,652606311,1470641142898562957,,Manhattan,Midtown,40.755698,-73.969160,Private room,179,1,28,2026-07-05,1.52,6,361,22
1249885103311069319,Pod 39 - Queen Pod,651519038,,,Manhattan,Murray Hill,40.749300,-73.976700,Private room,161,1,56,2026-07-18,2.83,4,365,54
1249885166911603587,Pod 51 - Full Pod,652606311,1470641142898562957,,Manhattan,Midtown,40.755698,-73.969160,Private room,209,1,293,2026-08-05,13.93,6,362,289
1249885175886103818,Pod Times Square - Queen Pod,651521635,,,Manhattan,Hell's Kitchen,40.758395,-73.993099,Private room,168,1,157,2026-07-25,10.09,4,326,154
1249885477081983500,Pod 39 - Queen Pod ADA,651519038,,,Manhattan,Murray Hill,40.749300,-73.976700,Private room,161,1,28,2026-07-24,2.03,4,361,26
1249885513565135493,Pod 39 - Full Pod,651519038,1470638979014629740,,Manhattan,Murray Hill,40.749300,-73.976700,Private room,224,1,691,2026-08-07,34.55,4,364,633
1250142072874699076,Supreme Queen Room at Penny Williamsburg,501999278,1468058277289999419,RoomPicks,Brooklyn,Williamsburg,40.715490,-73.952770,Private room,322,1,0,,,147,281,0
1250311553581512433,Cozy Retreat Near JFK | Self Check-In,553236316,1463877456242967722,Sandra,Queens,Springfield Gardens,40.664780,-73.750820,Private room,146,1,36,2026-07-19,3.44,2,321,36
1250415588517175726,Solo: M & L Train AC WiFi Netflix Bushwick,527022914,1470369882835555672,Roderick,Brooklyn,Bushwick,40.699540,-73.923780,Private room,128,1,113,2026-07-16,5.04,4,363,61
1250591269065708227,"Queen Room at Penny Williamsburg, Pet-friendly!",501999278,1468058277289999419,RoomPicks,Brooklyn,Williamsburg,40.715486,-73.952765,Private room,285,1,1,2026-01-12,0.14,147,334,1
1250785543979843686,15 mins to Manhattan and airport ensuite bathroom,234875736,1469250579757847185,Jiang,Queens,Woodside,40.743238,-73.894128,Private room,137,1,118,2026-07-20,5.18,2,58,53
1250872395822100404,Comfy Clean 2BR 1.5BA - 15 mins to Times Square!,31991068,1462657029406006512,Kat,Queens,Astoria,40.755960,-73.926450,Entire home/apt,612,2,40,2026-07-27,3.28,2,263,40
1250959938354495705,Private Entrance Dedicated Bath in Windsor Terrace,364334009,1469732565988711014,Amy,Brooklyn,Windsor Terrace,40.652070,-73.978390,Private room,245,2,48,2026-07-26,2.16,1,313,26
1238949593292603574,"Hudson Yards Hotel, The Manhattan Suite",650340917,1470636346880293247,,Manhattan,Hell's Kitchen,40.759773,-73.996461,Private room,155,1,4,2026-06-14,0.17,6,358,3
1239161290493617093,Exclusive Studio 629 | Private Bathroom,401202937,1469841047362978348,Eliza,Manhattan,Midtown,40.747560,-73.988890,Entire home/apt,313,1,31,2026-08-06,1.45,70,155,16
1239163475555358770,Peaceful townhome near Central Park - SuperHost,650402381,1470636483616423713,Moe,Manhattan,Harlem,40.805750,-73.951050,Private room,1367,3,83,2026-08-05,3.61,1,286,36
1240781192769856007,"nyc speakeasy, Bed-Stuy Chapel, pvt unit",539907102,1470420156176932550,German,Brooklyn,Bedford-Stuyvesant,40.689410,-73.936140,Entire home/apt,444,3,0,,,3,178,0
1240902102261861994,The haven retreat/near JFK,595401341,1463895685331780264,Enese,Queens,Springfield Gardens,40.665140,-73.774640,Entire home/apt,446,2,45,2026-05-31,2.00,1,252,23
1240907389087561186,Master Comfort Haven(RM#3) 5 mins from JFK airport,650815112,1470637364325759759,Gloria,Queens,Springfield Gardens,40.662040,-73.769480,Private room,152,1,41,2026-07-20,2.49,3,354,24
1241073818947566837,Cozy Comfort Room (RM#2) 5 mins from JFK airport,650815112,1470637364325759759,Gloria,Queens,Springfield Gardens,40.661730,-73.767590,Private room,132,1,79,2026-07-19,4.02,3,360,35
1241089095491325338,Comfort Cove (RM#1) 5 mins from JFK airport,650815112,1470637364325759759,Gloria,Queens,Springfield Gardens,40.661600,-73.769090,Private room,143,1,125,2026-07-27,6.36,3,351,68
1241470878700755751,"Stylish Guest Suite in The 
 Heart of NYC",72203373,1466892068858152188,Kevin,Bronx,Riverdale,40.883900,-73.909823,Entire home/apt,200,2,71,2026-08-09,3.15,1,220,36
1241917958618743552,Walk to Times Square + On-Site Gym & Free Wi-Fi,596033623,1470626822579331059,Manhattan Times Square,Manhattan,Theater District,40.763010,-73.983520,Private room,248,1,6,2026-06-17,0.46,3,150,3
1241918143091745981,Close to Central Park + Free Wi-Fi & 24-hour Gym,596033623,1470626822579331059,Manhattan Times Square,Manhattan,Theater District,40.763150,-73.983530,Private room,190,1,56,2026-07-21,4.07,3,21,54
1242207256270289189,Union Square Studio with Kitchen -Shared Bathroom,408979935,1463633576430998493,The Village House,Manhattan,Gramercy,40.734738,-73.986961,Entire home/apt,176,1,49,2026-07-18,2.16,39,186,16
1242207711854330557,Private Studio Union Square 2 (Shared Bathroom),408979935,1463633576430998493,The Village House,Manhattan,Gramercy,40.734738,-73.986961,Entire home/apt,203,1,68,2026-07-20,2.94,39,72,35
1242258674913144403,"2 Luxurious bedrooms
entire home, exclude basement",651171856,1470638163412786254,Erlande,Queens,Cambria Heights,40.702109,-73.739717,Private room,393,2,10,2025-08-08,0.48,1,340,0
1243047044449907230,Quiet Room w/ Private Ensuite Bath Near LGA,595957213,1470626602129214942,Jean,Queens,East Elmhurst,40.769943,-73.871992,Private room,151,3,6,2026-07-26,2.77,1,21,6
1243439250383188600,Chic Williamsburg Guest Suite,119506180,1468218108055154666,Yaritza,Brooklyn,Williamsburg,40.713080,-73.942869,Private room,323,3,48,2026-07-24,2.11,1,41,20
1243589400344031947,Charming ground level private room.,3961636,1462643666961554572,LaToya,Brooklyn,Flatlands,40.629880,-73.928540,Private room,196,2,17,2026-07-19,0.74,1,267,7
1243613478682097482,Pod 39 - Bunk Pod - your urban stay in Murray Hill,651520553,1470638982002324860,Pod 39 - Bunk Pods,Manhattan,Murray Hill,40.749354,-73.976529,Private room,167,1,37,2026-05-20,1.81,1,10,32
1243635476218013219,Pod Times Square - Bunk Pod in the heart of NYC,651526731,1470638993297595942,Pod Times Square - Bunk Pod,Manhattan,Hell's Kitchen,40.758395,-73.993099,Private room,197,1,190,2026-07-20,8.76,1,9,140
1244172937099805760,Urban Retreat In The Heart Of Chelsea | King Bed,650030672,1470635657913642528,Hotel Hayden NYC,Manhattan,Chelsea,40.746710,-73.991650,Private room,249,1,158,2026-08-01,9.46,2,175,80
1244250404861933619,Stay Near NYC Icons | City Views + Subway Access,650982594,1470637746967132382,The Chelsean New York Hotel,Manhattan,Chelsea,40.745010,-73.994360,Private room,328,1,94,2026-08-07,17.74,2,206,94
1244250558089359943,Steps to High Line + On-Site Cocktail Lounge,650982594,1470637746967132382,The Chelsean New York Hotel,Manhattan,Chelsea,40.745040,-73.994290,Private room,302,1,12,2026-07-15,2.73,2,232,12
1252473971468254993,Skylit Serenity 2BR in Crown Heights,246260,1462510682496110336,Mme Diagne,Brooklyn,Crown Heights,40.670207,-73.948724,Private room,385,2,57,2026-07-30,3.24,1,279,36
1253045441873124439,Cozy Central,307123320,1469568718304293715,Hugo,Queens,Astoria,40.760310,-73.920670,Shared room,437,1,90,2026-08-02,4.03,1,279,47
1253619776470486222,Amazing Modern & Cozy Apartment,14961638,1462950984780407341,Elito,Brooklyn,Bedford-Stuyvesant,40.687960,-73.955350,Private room,255,1,14,2026-07-26,1.27,1,53,14
1253637197155495149,Renovated Home with a guest suite 15 mins from JFK,576365332,1463887217311362315,Luis,Brooklyn,Canarsie,40.637390,-73.888860,Private room,198,2,49,2026-07-27,2.27,1,260,14
1252107560022918034,Private Bedroom in Bushwick,66049051,1466816506803612399,Nzinga,Brooklyn,Bushwick,40.687710,-73.908240,Private room,249,2,39,2026-07-12,1.78,3,189,23
1252199797400381865,Beautiful 2 Bedroom 2 bath apartment,36156796,1465536987964144602,Angela,Manhattan,Chinatown,40.716500,-73.990990,Entire home/apt,745,1,52,2026-07-16,2.50,6,238,34
1252413066242522626,Tranquil zone,508266327,1470284780342801891,Mark,Queens,Springfield Gardens,40.686850,-73.754680,Private room,348,2,52,2026-07-20,2.99,1,350,33
1252451165029445196,Lovely Manhattan shared room,448514816,1470019821104930774,Winston,Manhattan,Harlem,40.807940,-73.942280,Private room,600,2,75,2026-07-16,3.32,1,300,42
1258859657820234315,"Cozy Nest, minutes to Manhattan, 7 mins to LGA",653981888,1470644072645456320,Meherun,Queens,Woodside,40.748950,-73.900360,Entire home/apt,503,1,76,2026-06-28,3.45,1,280,37
1259346787743465908,Central Suite Family Studio,654351651,1463903487572103055,Fonise,Manhattan,Midtown,40.747420,-73.988860,Entire home/apt,549,4,0,,,3,222,0
1259713131991061274,Cozy Private 1BR Suite with own entrance,307259188,1469569154127059229,Keisha,Brooklyn,East Flatbush,40.638120,-73.940766,Private room,185,3,43,2026-07-28,2.50,1,235,29
1261897966427843773,Luxury Room Heart of Brooklyn Steps from Manhattan,203800166,1469063496530319878,Albert,Brooklyn,Midwood,40.613830,-73.958360,Private room,201,1,71,2026-08-02,3.32,2,310,40
1261914911656674600,Ultimate Luxury in Heart of Brookyln- Queen,203800166,1469063496530319878,Albert,Brooklyn,Midwood,40.612230,-73.959670,Private room,203,1,54,2026-06-16,2.48,2,310,17
1262229944679607254,NYC Chelsea Studio II (Shared Bathroom),408979935,1463633576430998493,The Village House,Manhattan,Chelsea,40.749861,-73.997179,Entire home/apt,193,1,71,2026-07-17,3.24,39,96,46
1262392606853447214,15 mins to Manhattan & airport,234875736,1469250579757847185,Jiang,Queens,Woodside,40.743238,-73.894128,Private room,120,1,111,2026-07-16,5.53,2,47,56
1262862334844299713,The Manhattan Family Loft (No exterior window),654351651,1463903487572103055,Fonise,Manhattan,Midtown,40.747320,-73.988780,Entire home/apt,208,1,11,2026-07-28,1.21,3,334,11
1263730288751841976,Gatsby Full,656284518,1470649139250863087,The Gatsby Hotel,Manhattan,Lower East Side,40.723340,-73.990280,Private room,271,1,14,2026-05-10,0.66,2,52,4
1263730288826126406,Boutique Hotel in LES,656284518,1470649139250863087,The Gatsby Hotel,Manhattan,Lower East Side,40.723340,-73.990280,Private room,271,1,18,2026-05-11,0.85,2,52,8
1263907024375050215,Large cozy bedroom with patio - close to airports,237217934,1469262352794805889,Princess,Brooklyn,East New York,40.669720,-73.881100,Private room,150,3,36,2026-07-20,1.78,2,175,14
1266664600275277605,HM Shared With Host NrJFK Belmont Pk .UBS Arena,656924611,1470650503565483889,Abundant Seed,Queens,Rosedale,40.654427,-73.736770,Private room,313,1,5,2025-10-02,0.35,2,365,3
1266787305018735167,Exclusive Studio 303 | Private Bathroom,401202937,1469841047362978348,Eliza,Manhattan,Midtown,40.746130,-73.987610,Entire home/apt,290,1,46,2026-07-28,2.15,70,132,24
1267390765842861010,Exclusive Studio 862 | Private Bathroom,401202937,1469841047362978348,Eliza,Manhattan,Midtown,40.746020,-73.988810,Entire home/apt,416,1,35,2026-08-04,2.40,70,79,26
1254681143607226822,Guest Bedroom with private bath in Bushwick,444449014,1470003721973050121,Thaly,Brooklyn,Bushwick,40.692330,-73.921310,Private room,482,1,19,2025-10-13,0.85,1,7,1
1254768519402138477,Harlem Ground Floor Suite – Sleeps 4 - 2 Full Beds,545427407,1470441811070247909,David,Manhattan,Harlem,40.810220,-73.942810,Private room,255,2,1,2026-05-06,0.31,11,162,1
1254917685336216399,NYC Chelsea Studio 3 (Shared Bathroom),408979935,1463633576430998493,The Village House,Manhattan,Chelsea,40.749861,-73.997179,Entire home/apt,216,1,70,2026-07-26,3.33,39,79,44
1255050913206140074,The Blue Room,10768674,1462849167817625198,Marissa,Brooklyn,Bushwick,40.688470,-73.913020,Private room,184,2,62,2026-07-31,3.58,1,94,41
1256584718898593494,Bedroom Room in Ozone Park-5 Mint Walk to A Train,654638756,1470645445950893388,Sid,Queens,Ozone Park,40.680696,-73.856358,Private room,323,1,21,2025-12-28,1.57,1,358,15
1256696774596202074,Perfectly Located Cozy Modern BR & Priv. Backyard,89594887,1467085479327924786,Bernadette,Brooklyn,Bedford-Stuyvesant,40.679990,-73.911020,Private room,181,2,85,2026-08-08,4.27,2,346,44
1256820994229299628,Trendy Brooklyn Brownstone - Steps to Subway!,346718140,1469686958156726408,Mendel,Brooklyn,Crown Heights,40.668370,-73.935770,Entire home/apt,743,2,46,2026-08-03,2.25,1,314,25
1257251953674571946,"Art-Inspired Oasis in Midtown, Close to Broadway!",174792040,1463062109462152996,Roompicks By Victoria,Manhattan,Murray Hill,40.750192,-73.977539,Private room,1178,1,0,,,24,313,0
1257283103113705433,Room in Brooklyn Artist Home!,264071568,1469396814254312372,Chiara,Brooklyn,Bedford-Stuyvesant,40.684970,-73.915820,Private room,199,5,13,2025-10-21,0.59,1,353,1
1257284372443566405,Big Apple Getaway! Steps from Chrysler Building!,174792040,1463062109462152996,Roompicks By Victoria,Manhattan,Murray Hill,40.750192,-73.977539,Private room,1058,1,0,,,24,313,0
1257287972746351647,Roh,654804597,1470645854826823356,Moxy NYC Times Square,Manhattan,Midtown,40.752430,-73.989460,Private room,412,1,91,2026-06-19,4.10,1,306,78
1257659081038880456,Cozy Retreat in NYC - 20 min to Manhattan,191269032,1468993677532920334,Mia,Staten Island,Tompkinsville,40.634740,-74.088550,Private room,254,1,45,2026-05-11,2.34,1,227,12
1257889081334810242,Studio apartment near JFK,536928603,1470408804981931116,Gladys,Brooklyn,Mill Basin,40.617650,-73.914280,Entire home/apt,252,1,60,2026-08-09,2.71,1,361,29
1258267990600001591,Charming & Peaceful,598810246,1470633294398286562,FaShan,Queens,Jamaica,40.702720,-73.786920,Private room,194,1,27,2026-06-28,1.20,2,359,9
1258624899903340471,Trendy Hotel Room in LES with Rooftop Bar,655113356,1470646515945890262,Moxy NYC Lower East Side,Manhattan,Lower East Side,40.718968,-73.994463,Private room,193,1,58,2026-07-11,2.69,1,101,13
1267449405198185516,Pod Times Square - Full Pod,651521635,1470638983953485286,,Manhattan,Hell's Kitchen,40.758395,-73.993099,Private room,230,1,396,2026-08-06,19.51,4,314,376
1268146645583849349,Private Room in House,225290158,1469196923972064931,Nima,Brooklyn,Fort Hamilton,40.615970,-74.031630,Private room,193,2,13,2026-06-28,1.20,1,51,13
1268950356586183928,Trendy Williamsburg Hotel with rooftop bar,657490603,1470651812979966246,Moxy Brooklyn Williamsburg,Brooklyn,Williamsburg,40.711702,-73.962876,Private room,264,1,189,2026-08-07,10.18,1,79,122
1269004912797968568,Comfy and Spacious King Bedroom w private bathroom,154960741,1462995208182580684,Anna Cy,Queens,Flushing,40.730160,-73.807990,Private room,186,3,15,2026-07-22,0.97,3,5,14
1267441997402319351,Jfk Jupiter Suites,598639779,1470632904239034113,Enyinne,Queens,St. Albans,40.690750,-73.774560,Private room,157,1,154,2026-07-27,7.09,1,299,86
1277595699583112534,Bedroom w Private Bath 5 min subway 10 min airport,230192818,1469227156540462157,Felicia,Queens,Jackson Heights,40.752620,-73.853990,Private room,133,2,41,2026-07-28,2.68,1,28,31
1277613014804999034,Relax Private room,566082049,1470521228399572527,Sam,Queens,Glendale,40.703793,-73.877167,Private room,117,3,56,2026-08-02,2.97,4,330,29
1277634170164164364,Beverly Lodge,597892428,1470631139441588413,Kathy,Bronx,Pelham Gardens,40.865230,-73.847220,Private room,160,1,29,2026-07-19,1.89,5,365,22
1277646948639349904,Iconic NYC Stay | Gym & Daily Cleaning,658940021,1470654975281748653,New Yorker By Lotte Hotels,Manhattan,Hell's Kitchen,40.752650,-73.993520,Private room,270,1,208,2026-08-10,13.65,5,317,133
1277860842634805302,The Cozy Nook | Home Away From Home - South BK,139488886,1462960597582083083,Esther,Brooklyn,Borough Park,40.615660,-73.975840,Private room,155,3,43,2026-08-03,2.11,1,257,22
1277873605907772334,"3 bedroom (4beds), kitchen, living room,& bathroom",556495396,1470485600267844438,Melissa,Queens,Richmond Hill,40.685843,-73.823677,Private room,611,1,28,2026-07-20,1.39,2,333,17
1279659842295891774,Steps to Times Square | Pet Friendly. Gym + Bikes,658749694,1470654520978137088,Muse New York - NYC,Manhattan,Theater District,40.757845,-73.983761,Private room,314,1,93,2026-08-05,10.81,8,152,93
1279662145155502966,Near Broadway Shows | Gym + Bicycle Rentals,658749694,1470654520978137088,Muse New York - NYC,Manhattan,Hell's Kitchen,40.761000,-73.993250,Private room,461,1,3,2026-01-04,0.28,8,139,3
1279666081527148590,Deluxe Queen,572984161,1470553543966009037,The Broome,Manhattan,SoHo,40.721354,-73.999346,Private room,279,1,10,2026-08-07,1.33,1,278,10
1279668704913671652,Near Bryant Park | Pet Friendly + Fitness Center,658749694,1470654520978137088,Muse New York - NYC,Manhattan,Theater District,40.757840,-73.983729,Private room,352,1,2,2026-03-22,0.25,8,153,2
1279676140647985129,Walk to Broadway | Bar. Balcony + City Views,658749694,1470654520978137088,Muse New York - NYC,Manhattan,Theater District,40.757864,-73.983721,Private room,445,1,0,,,8,135,0
1279691717688251905,Near MoMA & Bryant Park | Pet Friendly + Bikes,658749694,1470654520978137088,Muse New York - NYC,Manhattan,Theater District,40.757846,-73.983723,Private room,439,1,0,,,8,53,0
1279699245295400653,Steps from Times Square | Gym. Pet Friendly + Bar,658749694,1470654520978137088,Muse New York - NYC,Manhattan,Hell's Kitchen,40.763060,-73.994300,Private room,439,1,0,,,8,154,0
1279717291672022825,2 Bedroom Queen Standard,656441510,1470649472653159878,One Dutch Hotel,Manhattan,Financial District,40.710150,-74.008820,Entire home/apt,500,1,30,2026-06-27,2.16,21,102,26
1279747786358341953,2 Bedroom King/Queen Standard,656441510,1470649472653159878,One Dutch Hotel,Manhattan,Financial District,40.708510,-74.008710,Entire home/apt,419,1,74,2026-07-27,4.85,21,96,64
1279760233718399289,Near Rockefeller Center | Balcony + Pet Friendly,658749694,1470654520978137088,Muse New York - NYC,Manhattan,Theater District,40.757861,-73.983761,Private room,533,1,0,,,8,86,0
1279894814266093381,Iconic NYC Luxury Stay | Pet Friendly. Bikes + Gym,658749694,1470654520978137088,Muse New York - NYC,Manhattan,Hell's Kitchen,40.761570,-73.994550,Private room,515,1,0,,,8,138,0
1281410200551469789,"Private Ensuite in Elmhurst, Queens, NYC",660242051,1470657826217938973,Danny,Queens,Elmhurst,40.731890,-73.873620,Private room,121,1,72,2026-08-08,6.12,2,127,72
1282241919059204971,Private studio | 25min Train to time square,41705336,1465620444925734722,Ty,Bronx,Claremont Village,40.835093,-73.911616,Entire home/apt,164,1,102,2026-08-03,5.24,2,128,59
1282545954980077188,Deluxe studio king,555538068,1470480816994780514,,Manhattan,Midtown,40.744840,-73.983354,Private room,259,1,32,2026-08-11,1.74,7,342,17
1282545955165350829,Studio king,555538068,,,Manhattan,Midtown,40.744840,-73.983354,Private room,199,1,35,2026-08-06,1.22,7,320,9
1282546479462535028,Premier studio king,555538068,1470480816994780514,,Manhattan,Midtown,40.744840,-73.983354,Private room,259,1,10,2026-08-14,0.88,7,344,10
1282794995978969622,Family Escape In The Heart Of Chelsea | 2 Doubles,650030672,1470635657913642528,Hotel Hayden NYC,Manhattan,Chelsea,40.746710,-73.991650,Private room,296,1,29,2026-07-26,1.74,2,129,11
1284218136316352861,"Room in the heart of brooklyn, newly renovated",238741247,1463258056694422516,Shawn,Brooklyn,Bedford-Stuyvesant,40.680400,-73.915040,Private room,232,3,7,2026-06-03,0.88,1,164,7
1270373232572829349,Stunning Duplex in Brooklyn,31116203,1465457904000906922,Sena,Brooklyn,East Flatbush,40.644450,-73.925390,Private room,561,1,20,2025-09-15,1.11,1,364,1
1270574959477241737,South Bronx Haven,24194353,1465284461494618888,Nadege,Bronx,Longwood,40.818190,-73.899550,Private room,114,1,21,2026-07-26,2.61,3,90,21
1272394631792431577,Studio Apartment,656441510,1470649472653159878,One Dutch Hotel,Manhattan,Financial District,40.708220,-74.008430,Entire home/apt,383,1,61,2026-07-23,4.41,21,136,56
1272553847685302526,Very comfortable Private room,566082049,1470521228399572527,Sam,Queens,Glendale,40.704590,-73.878090,Private room,132,3,50,2026-07-28,2.59,4,339,25
1273264356481916955,"1 Bedroom Suite in
Heart of Queens close to USTA.",169414764,1468638343242535275,Laila,Queens,Richmond Hill,40.702340,-73.817850,Entire home/apt,231,1,96,2026-08-03,4.65,1,145,51
1274691077561855573,Beautiful room for rent hosted by Svitlana,658783772,1470654598040653083,Svitlana,Staten Island,Eltingville,40.535470,-74.151350,Private room,136,1,25,2026-06-20,1.26,1,140,13
1277574482013322658,Exclusive Studio 721 | Private Bathroom,401202937,1469841047362978348,Eliza,Manhattan,Midtown,40.748290,-73.988680,Entire home/apt,319,1,23,2026-08-01,1.08,70,133,13
1277579374332627051,Exclusive Apartment 818 | Shared Bathroom,401202937,1469841047362978348,Eliza,Manhattan,Midtown,40.746440,-73.988730,Entire home/apt,316,1,20,2026-07-19,0.97,70,149,13
1286532155164209258,Cozy room,158781381,1463004114264238517,Samuel Stephens,Brooklyn,East New York,40.661510,-73.890330,Private room,196,1,47,2026-07-25,2.39,3,365,32
1287085243477928046,Charming 2-Bedroom little Italy,555609789,1470481048794826222,Marco,Manhattan,Little Italy,40.718030,-73.999380,Entire home/apt,636,3,51,2026-06-13,2.62,3,297,29
1287114426742259858,The Comfort Stop- apartment close to JFK Airport,129539413,1468299049163332513,Joanna,Queens,Howard Beach,40.654310,-73.828650,Entire home/apt,440,1,65,2026-08-03,3.19,1,247,36
1287801525313977680,POD Brooklyn - Bunk Pod in vibrant neighborhood,653692663,1470643369019794456,Pod Brooklyn - Bunk Pods,Brooklyn,Williamsburg,40.715196,-73.959091,Private room,176,1,95,2026-07-06,4.66,1,114,85
1287828599090091641,Magic Wolf Private Studio in Brooklyn,661686998,1470661086468665715,Yoel,Brooklyn,Williamsburg,40.704570,-73.935940,Private room,239,1,83,2026-07-18,4.21,1,84,47
1284343037656878070,Entire Place - Cozy and Peaceful,660933061,1470659354073839441,Linoy,Queens,Flushing,40.737070,-73.796670,Entire home/apt,274,1,71,2026-07-20,3.79,1,196,49
1285057395908288186,Stunning loft in Nolita/Manhattan,97315486,1467172276646708349,Adam,Manhattan,Lower East Side,40.718280,-73.993700,Entire home/apt,950,3,35,2026-07-23,1.77,1,302,18
1285131670173788352,Row House Brooklyn World Cup / Summer,1649684,1462564063870012151,Paul,Brooklyn,Bay Ridge,40.635920,-74.031770,Private room,416,2,4,2024-12-29,0.19,1,362,0
1294388669495954876,Bright King Room | Kitchen | 1.3 mi to Broadway,657467122,1470651762004048644,Number 1 Stays New York,Manhattan,Upper West Side,40.780687,-73.981036,Hotel room,903,1,1,2025-01-12,0.05,16,38,0
1294389252493707420,Modern King Suite w/ Kitchen 5 min to Central Park,657467122,1470651762004048644,Number 1 Stays New York,Manhattan,Upper West Side,40.780687,-73.981036,Hotel room,903,1,9,2026-03-19,0.42,16,38,7
1294401898458773751,Modern Double Suite | Kitchen | Heart of UWS NYC,657467122,1470651762004048644,Number 1 Stays New York,Manhattan,Upper West Side,40.780687,-73.981036,Hotel room,813,1,28,2026-08-02,0.52,16,38,7
1294404569677291746,Bright King Studio | Kitchenette | Heart of UWS,657467122,1470651762004048644,Number 1 Stays New York,Manhattan,Upper West Side,40.780687,-73.981036,Hotel room,767,1,11,2026-03-10,0.28,16,38,2
1295019599160645328,Bright private bedroom in Astoria,147146445,1468443385931484716,Alex Meh,Queens,Astoria,40.767890,-73.925770,Private room,126,1,65,2026-07-26,3.15,1,317,36
1295054021439479562,Charming Manhattan getaway!,663347349,1470664883353238624,Freddy,Manhattan,Harlem,40.807960,-73.941830,Entire home/apt,507,2,72,2026-07-27,3.50,1,309,44
1289945114068321574,"Cozy Room Prvt Btrm/Balcony/Prkg 
Stay with Janet",658148070,1463908875322479040,Janet,Brooklyn,Flatbush,40.645171,-73.954282,Private room,200,1,127,2026-08-10,6.55,2,304,72
1290526529867690092,Chelsea Studio 4 (Shared Bathroom),408979935,1463633576430998493,The Village House,Manhattan,Chelsea,40.749861,-73.997179,Entire home/apt,163,1,68,2026-07-25,3.29,39,93,38
1290712572437787645,Beautiful Apartment near LGA airport & Citi field,43021059,1462692396263893694,Jason,Queens,Corona,40.742040,-73.866680,Private room,163,1,45,2026-07-30,2.84,1,26,32
1290768376240023755,2025 New Development near JFK 3 bed 2 bath,11586857,1462868254115340333,Courtney,Queens,South Ozone Park,40.663410,-73.814940,Private room,410,2,50,2026-07-18,2.51,1,312,29
1291680070107054691,Elegant Urban Escape,52021251,1465821130821391959,Gulden,Manhattan,Harlem,40.822890,-73.954250,Private room,219,2,34,2026-07-27,1.82,2,342,18
1292806829994884564,Brownstone - 1BR |Ideal for Visiting Parents!| W/D,662819447,1463915119778250348,Melanie,Brooklyn,Crown Heights,40.676433,-73.945375,Private room,367,1,64,2026-08-01,3.14,1,261,39
1292859461638994844,Amazing 2 Bedroom in Brooklyn,662835444,1470663666206973356,Tanya,Brooklyn,Prospect-Lefferts Gardens,40.658610,-73.945730,Private room,239,2,42,2026-07-27,2.04,1,135,25
1298736958709030142,The Bricklane Nest,210811197,1469100005597288699,Iustin,Queens,Ridgewood,40.709360,-73.900390,Private room,156,4,16,2026-07-14,1.71,5,352,16
1299222792779005171,Near Theater District & Times Square + Dining,513003509,1470307297723894122,Romer Hell's Kitchen New York City,Manhattan,Theater District,40.762450,-73.984930,Private room,261,1,105,2026-08-09,11.84,2,131,105
1299274159107059262,Private Room NYC FIFA 2026 JFK UBS LGA - 2,438355992,1469980645470528628,Donald,Queens,Queens Village,40.723260,-73.744320,Private room,150,2,23,2026-08-04,1.13,2,261,15
1299303649233998267,Private Room NYC FIFA 2026 JFK UBS LGA,438355992,1469980645470528628,Donald,Queens,Queens Village,40.722060,-73.744290,Private room,163,2,13,2026-01-03,0.66,2,365,7
1300037681233437424,"8 Bedroom 5 Baths, no Steps, Outdoors, by train!",664326830,1470667156984752006,Dave,Brooklyn,Crown Heights,40.668410,-73.929410,Entire home/apt,819,1,47,2026-07-20,2.78,1,336,34
1295194110768365332,"Homely. AC / Heat, Parking, Breakfast",275722729,1463363622690630778,Ola,Bronx,Wakefield,40.884750,-73.857410,Private room,115,1,128,2026-08-05,7.37,3,361,78
1297388751512103486,I Love It Here!,658355010,1470653604797651456,Neysa,Brooklyn,Bushwick,40.681805,-73.906508,Private room,520,2,1,2025-09-03,0.09,1,140,1
1297422699209994514,Guest Quarters in Italian Mansion within Fieldston,12954322,1462899500050329219,Berthold,Bronx,Fieldston,40.895090,-73.904950,Entire home/apt,234,2,42,2026-07-17,2.56,1,311,30
1297822453324252559,*Private Apt Near JFK w/ Yard-Quiet Neighborhood*,23583139,1465275211180584677,Guillermo,Brooklyn,East New York,40.672412,-73.881119,Entire home/apt,137,1,72,2026-07-22,5.58,1,40,67
1297904562696647997,Brownstone Suite by Prospect Park,663946156,1470666238905043735,Nelson,Brooklyn,Crown Heights,40.674980,-73.960280,Entire home/apt,371,2,9,2026-06-21,1.09,1,32,9
1297920874380365861,Top Rated • Upscale-Cozy-Stylish • Free Parking,143217239,1468412313527267032,Amer,Staten Island,Tottenville,40.520340,-74.231730,Private room,147,1,124,2026-07-30,6.47,1,356,71
1298254618591900869,Desert Rose: Calm & Cute Deluxe Private Room - NYC,664033605,1470666418229528290,Chris,Queens,Sunnyside,40.739900,-73.926510,Private room,108,1,48,2026-07-23,2.60,1,56,39
1305169178697509818,Historic Midtown Gem! Minutes from Central Park!,657467122,1470651762004048644,Number 1 Stays New York,Manhattan,Murray Hill,40.750192,-73.977539,Private room,362,1,0,,,16,273,0
1305169539262043240,Explore The City! Steps to Empire State Building!,657467122,1470651762004048644,Number 1 Stays New York,Manhattan,Murray Hill,40.750192,-73.977539,Private room,362,1,0,,,16,273,0
1305294589180823626,Entire cozy 1 Bedroom apartment,480603123,1463802419872125849,Nya,Manhattan,Chinatown,40.714860,-73.991040,Entire home/apt,351,1,41,2026-07-27,2.44,12,266,34
1307658363754176454,Private Bedroom in Downtown Flushing,666098433,1470671317025487081,Alex,Queens,Flushing,40.763920,-73.830690,Private room,137,1,74,2026-07-25,3.78,2,7,48
1300820745713362015,Comfy Room Near JFK Airport – 10 Min Ride,488127797,1470196858144647820,RoomPicks,Queens,Jamaica,40.696925,-73.804680,Hotel room,158,1,19,2026-07-19,1.10,2,221,2
1300823553800804690,Easy NYC Access from Budget-friendly Room,488127797,1470196858144647820,RoomPicks,Queens,Jamaica,40.696925,-73.804680,Hotel room,171,1,28,2026-07-19,1.68,2,222,18
1301737585869376595,Suite Life! Private 1br apt found within triplex,52586141,1465851683001931982,Lance,Brooklyn,Bedford-Stuyvesant,40.695830,-73.947620,Entire home/apt,291,4,24,2026-07-22,1.56,2,50,19
1302598873140366555,"Private Suite｜1910 Townhouse｜Bushwick, Brooklyn",2465562,1462595858560314939,Ivan,Brooklyn,Bushwick,40.693090,-73.907900,Private room,207,3,59,2026-07-22,3.01,1,18,32
1303617625483722758,"Deluxe King, Hotel Hugo, Near One WTC, Rooftop Bar",501999278,1468058277289999419,RoomPicks,Manhattan,SoHo,40.726374,-74.008850,Hotel room,349,1,0,,,147,295,0
1303617700217918030,Central Crown Heights Beauty | Steps to Subway!,492232316,1470216420913496610,Menachem,Brooklyn,Crown Heights,40.667990,-73.937580,Entire home/apt,931,2,60,2026-08-02,3.45,1,142,40
1303617711329772605,Enjoy Panoramic River Views at Cuban Rooftop Bar,501999278,1468058277289999419,RoomPicks,Manhattan,SoHo,40.726374,-74.008850,Hotel room,349,1,0,,,147,295,0
1303859613356603180,Penthouse with roof,59195724,1466713073684921102,Mitchell,Manhattan,Gramercy,40.733870,-73.987610,Private room,856,1,1,2025-09-28,0.09,1,365,1
1303884604226371796,"Spacious Room in Richmond Hill, Queens, NYC 2",568516009,1470528833413147076,John,Queens,Richmond Hill,40.699030,-73.833940,Private room,95,1,93,2026-08-01,4.89,2,57,63
1303917519314967935,"Spacious Room in Richmond Hill, Queens, NYC 1",568516009,1470528833413147076,John,Queens,Richmond Hill,40.699660,-73.833200,Private room,95,1,70,2026-08-08,3.55,2,69,46
1304329225248372879,Contemporary Suite near Radio City Music Hall!,657467122,1470651762004048644,Number 1 Stays New York,Manhattan,Murray Hill,40.750192,-73.977539,Hotel room,382,1,2,2025-02-23,0.08,16,333,0
1304349391191425554,Enjoy Ample Living area at Midtown Manhattan Room,657467122,1470651762004048644,Number 1 Stays New York,Manhattan,Murray Hill,40.750192,-73.977539,Hotel room,382,1,0,,,16,333,0
1304352511269283749,Big Apple Getaway! Steps from Chrysler Building!,657467122,1470651762004048644,Number 1 Stays New York,Manhattan,Murray Hill,40.750190,-73.977540,Private room,1058,1,0,,,16,313,0
1304363574510916244,"Art-Inspired Oasis in Midtown, Near Bryant Park!",657467122,1470651762004048644,Number 1 Stays New York,Manhattan,Murray Hill,40.750192,-73.977539,Entire home/apt,431,1,0,,,16,291,0
1304364318927629697,Walk to Broadway! Near Empire State Building,657467122,1470651762004048644,Number 1 Stays New York,Manhattan,Murray Hill,40.750192,-73.977539,Entire home/apt,431,1,2,2023-12-17,0.06,16,291,0
1304368349137254293,Ultimate NYC Getaway! Two Convenient Units!,657467122,1470651762004048644,Number 1 Stays New York,Manhattan,Murray Hill,40.750192,-73.977539,Entire home/apt,862,1,0,,,16,250,0
1305092541518230802,17John: Luxury One Bedroom Apartment,665383900,1470669672380457525,⁨17John⁩,Manhattan,Financial District,40.710000,-74.008700,Entire home/apt,413,1,128,2026-07-26,6.89,25,365,68
1305092969836556862,17John: Executive King Suite with Sofa Bed,665383900,1470669672380457525,⁨17John⁩,Manhattan,Financial District,40.710000,-74.008700,Entire home/apt,393,1,504,2026-08-02,27.19,25,365,272
1305093690842228163,17John: Junior King Studio,665383900,1470669672380457525,⁨17John⁩,Manhattan,Financial District,40.710000,-74.008700,Entire home/apt,336,1,23,2026-06-16,1.27,25,365,7
1305094445506176270,17John: Deluxe King Studio Apartment,665383900,1470669672380457525,⁨17John⁩,Manhattan,Financial District,40.710000,-74.008700,Entire home/apt,345,1,370,2026-07-30,19.93,25,363,190
1305094594871339028,17John: Premier King Studio Apartment,665383900,1470669672380457525,⁨17John⁩,Manhattan,Financial District,40.710000,-74.008700,Entire home/apt,346,1,76,2026-07-03,4.10,25,365,25
1305095106716193497,17John: Classic Queen Studio Apartment,665383900,1470669672380457525,⁨17John⁩,Manhattan,Financial District,40.710000,-74.008700,Entire home/apt,372,1,133,2026-08-03,7.18,25,365,87
1305095293816213388,17John: Queen Studio Apartment - Disability Access,665383900,1470669672380457525,⁨17John⁩,Manhattan,Financial District,40.710000,-74.008700,Entire home/apt,388,1,51,2026-07-21,2.79,25,326,31
1305095466098421605,17John: Grand King Suite Apartment,665383900,1470669672380457525,⁨17John⁩,Manhattan,Financial District,40.710000,-74.008700,Entire home/apt,363,1,139,2026-08-02,7.51,25,364,72
1305095686123663481,17John: Presidential King Suite with Sofa Bed,665383900,1470669672380457525,⁨17John⁩,Manhattan,Financial District,40.710000,-74.008700,Entire home/apt,459,1,144,2026-07-28,7.80,25,365,69
1305096322826956646,17John: Classic King Studio Apartment,665383900,1470669672380457525,⁨17John⁩,Manhattan,Financial District,40.710000,-74.008700,Entire home/apt,340,1,167,2026-07-11,8.99,25,365,84
1305113783528748377,Ultimate Getaway! Steps to Times Square!,657467122,1470651762004048644,Number 1 Stays New York,Manhattan,Murray Hill,40.750192,-73.977539,Private room,431,1,0,,,16,331,0
1313122595316445483,Luxury 8BR Brooklyn • Fast WiFi • Smart TVs,581506027,1470589760928122604,Joshua,Brooklyn,Brownsville,40.667020,-73.922970,Entire home/apt,1201,2,41,2026-08-02,2.42,1,297,32
1313430859428844249,Cozy Brooklyn Getaway,667380813,1470674423761540771,Lauren,Brooklyn,Flatbush,40.636580,-73.962510,Private room,189,1,46,2026-08-06,2.62,2,281,25
1313866429333234266,Beaming in Bed-Stuy,14102974,1462930586916079616,Todd,Brooklyn,Bedford-Stuyvesant,40.682650,-73.955620,Private room,226,2,30,2026-07-20,1.63,1,269,17
1308085978089541612,Cozy APT in Hell's Kitchen 2BR,468686072,1470113184594957738,Tanapon,Manhattan,Hell's Kitchen,40.765180,-73.990560,Entire home/apt,730,1,57,2026-08-01,3.34,1,216,46
1308178606830498075,"Private Room in 
1884 Townhouse 
by Yankee Stadium",206757209,1469078643534502586,Anthony,Bronx,Concourse Village,40.826210,-73.916470,Private room,197,1,108,2026-08-08,5.49,1,135,64
1308810839695104610,Breathtaking NYC 2BR/2BA w Fireplace & Epic Views,269146709,1469422306758550618,Allyza,Manhattan,Hell's Kitchen,40.760410,-73.989370,Entire home/apt,1057,1,38,2026-08-01,2.14,2,191,30
1308813592917247558,Cozy Bedroom with patio - close to airports,237217934,1469262352794805889,Princess,Brooklyn,East New York,40.669810,-73.882650,Private room,136,3,36,2026-04-26,1.88,2,89,17
1308822069323762943,Cozy 2BR | Manhattan | 20 min to Times Square,269146709,1469422306758550618,Allyza,Manhattan,Harlem,40.823181,-73.952041,Entire home/apt,297,2,45,2026-08-02,2.45,2,345,36
1309444805038800524,The Midtown Haven Studio Loft,654351651,1463903487572103055,Fonise,Manhattan,Midtown,40.746200,-73.987410,Entire home/apt,758,5,0,,,3,222,0
1309475998047965582,Exclusive Studio 410 | Private Bathroom,401202937,1469841047362978348,Eliza,Manhattan,Midtown,40.747800,-73.987110,Entire home/apt,355,1,24,2026-07-29,1.25,70,161,12
1311034051037122798,Ultra-comfy signature bed & amenities by Drybar,666851651,1470673302705114228,Aloft New York Chelsea,Manhattan,Chelsea,40.746445,-73.992030,Private room,599,1,432,2026-08-01,22.98,1,114,389
1312549916498073457,Clean & Cozy Duplex,487069857,1470192232375194874,Genesis,Brooklyn,East Flatbush,40.650110,-73.944940,Entire home/apt,218,3,27,2026-07-29,1.95,1,329,25
1328496455575839443,Cool spot,38593087,1465577171550583510,Russell,Brooklyn,Williamsburg,40.706870,-73.967370,Private room,149,1,13,2026-07-27,3.17,3,240,13
1314710618035612256,(R3)Cozy Townhouse In The Bronx.,334527081,1469646648200434917,Gracebymercy,Bronx,Longwood,40.818710,-73.910080,Private room,157,1,22,2026-08-01,1.18,4,309,21
1314782090718692471,Cozy Luxury Queen,667380813,1470674423761540771,Lauren,Brooklyn,Flatbush,40.634660,-73.962620,Private room,189,1,44,2026-08-01,2.50,2,341,28
1314854424760333152,Cozy King Room @ The Cozy Bronx Haven,454771905,1470046086858530494,Kayan,Bronx,Concourse Village,40.831720,-73.915290,Private room,145,2,28,2026-07-30,1.76,3,319,24
1315924666207563599,Exquisite Room Near JFK,489972536,1470205642445798032,Abideen,Queens,Laurelton,40.684551,-73.746997,Private room,139,1,26,2026-06-03,1.46,2,10,8
1316046799962075466,Heaven House in Woodside 1,545089959,1470440630080433969,Fnu,Queens,Astoria,40.758030,-73.905070,Private room,157,1,59,2026-08-02,3.76,2,284,48
1318261047321763717,Midtown Studio - Prime Location,589221542,1468323964260712835,Alex,Manhattan,Midtown,40.754550,-73.981830,Private room,238,1,45,2026-08-09,3.88,8,151,45
1318351786056351879,Chic Two Bedroom Apartment at the Mansfield,589221542,1468323964260712835,Alex,Manhattan,Midtown,40.754440,-73.980210,Entire home/apt,362,1,51,2026-08-09,3.60,8,126,44
1318357973196619223,Private Guest Suite  Home Cinema Queens,284662880,1469489940774138334,Wayne,Queens,South Ozone Park,40.672630,-73.800250,Private room,181,3,68,2026-07-27,3.61,1,54,39
1329043156366012625,"Modern, Cozy & Clean 2-BR (5-beds) Apt Near JFK",261652624,1469383216333813814,Rohena,Queens,South Ozone Park,40.674910,-73.809010,Entire home/apt,435,1,55,2026-07-21,3.90,1,362,48
1330018504919571860,"2 Bedroom Warwick St Brooklyn 
 Driveway Access",671762306,1470683396631436047,David,Brooklyn,East New York,40.663760,-73.884300,Private room,202,2,56,2026-08-10,3.41,1,333,42
1330439807102814879,Best Location in Greenwich Village,671868466,1470683691310511778,Jack,Manhattan,West Village,40.731600,-74.001430,Entire home/apt,487,2,40,2026-07-08,2.14,1,163,29
1331328148835085189,"1 Bedroom, up to 2 people with Free parking",667505267,1470674802850822563,Md,Bronx,Castle Hill,40.823180,-73.848860,Private room,166,1,41,2026-07-12,2.33,1,270,23
1332922746745732220,Full Suite Near JFK Airport & UBS Arena,60637082,1462746119289132704,Mathew,Queens,Rosedale,40.682560,-73.726650,Entire home/apt,190,5,4,2025-08-16,0.24,3,221,1
1333268675438835113,Heavenly beds and fully-equipped kitchens,672693185,1470685268378457002,Element Times Square West,Manhattan,Hell's Kitchen,40.755776,-73.991831,Private room,289,1,389,2026-08-02,21.30,1,83,265
1333465565598309761,Cozy Lux Bedroom Apartment,672770122,1470685435856871109,Mimi,Queens,Rosedale,40.675510,-73.732630,Entire home/apt,249,2,42,2026-07-26,2.30,1,165,21
1333516717751510224,"Luxury, AC, Private Bath, k/bed, Parking, breakfst",275722729,1463363622690630778,Ola,Bronx,Wakefield,40.885620,-73.855510,Private room,145,1,116,2026-08-02,6.68,3,346,81
1333611945537439513,Brooklyn Brownstone Living - Women Only,672820763,1470314087648012991,Sarah,Brooklyn,Sunset Park,40.650480,-74.006160,Private room,194,2,49,2026-08-02,2.76,1,124,33
1319022674512111823,Near Williamsburg + Free Breakfast. Gym. Wi-Fi.,668558711,1470677190838936551,Pointe Plaza Hotel,Brooklyn,Williamsburg,40.698880,-73.959980,Private room,203,1,0,,,3,98,0
1319022775863233271,Close to Bedford Ave + Free Breakfast. Gym. Wi-Fi.,668558711,1470677190838936551,Pointe Plaza Hotel,Brooklyn,Bedford-Stuyvesant,40.698460,-73.957830,Private room,243,1,2,2026-03-03,0.16,3,93,1
1319022934984304366,Close to Williamsburg + Free Breakfast. Gym. Wi-Fi,668558711,1470677190838936551,Pointe Plaza Hotel,Brooklyn,Bedford-Stuyvesant,40.698350,-73.960050,Private room,141,1,28,2026-07-21,2.75,3,97,28
1319569215899340385,Spacious Brooklyn Townhouse • Theater • Backyard,580170368,1470585992941973638,Sumaiya,Queens,Astoria,40.768910,-73.928220,Entire home/apt,890,1,75,2026-07-20,4.25,3,342,39
1321226209678557133,Park Slope one of a kind,669090275,1470678217219448511,Charles Dorr,Brooklyn,Park Slope,40.676940,-73.975760,Entire home/apt,385,3,67,2026-08-03,4.21,1,242,52
1321577662261907481,Cozy room in Queens near JFK,489972536,1470205642445798032,Abideen,Queens,Laurelton,40.684550,-73.747000,Private room,145,1,50,2026-06-29,2.61,2,192,23
1325202188867231613,Deluxe doubles,650573439,1470636887783157022,,Manhattan,Theater District,40.756600,-73.984200,Private room,289,1,14,2026-07-16,1.33,9,357,14
1325202402737710245,Deluxe Queen,650573439,,,Manhattan,Theater District,40.756600,-73.984200,Private room,191,1,10,2026-07-08,1.68,9,300,10
1325202410820621081,One Bedroom Suite,650573439,,,Manhattan,Theater District,40.756600,-73.984200,Private room,235,1,2,2025-11-17,0.20,9,347,2
1325202729992411766,Executive Queen,650573439,1470636887783157022,,Manhattan,Theater District,40.756600,-73.984200,Private room,289,1,9,2026-07-31,0.69,9,347,8
1325202739410758684,Accessible executive queen with roll-in shower,650573439,,,Manhattan,Theater District,40.756600,-73.984200,Private room,262,1,4,2026-06-09,0.70,9,339,4
1325202896471482238,Accessible executive queen with tub,650573439,1470636887783157022,,Manhattan,Theater District,40.756600,-73.984200,Private room,155,1,2,2025-07-29,0.14,9,356,0
1325202903597028213,Deluxe King,650573439,,,Manhattan,Theater District,40.756600,-73.984200,Private room,225,1,10,2026-06-18,0.79,9,348,8
1325203054691440439,Standard Full,650573439,1470636887783157022,,Manhattan,Theater District,40.756600,-73.984200,Private room,145,1,46,2026-07-28,3.30,9,319,26
1325203080654550137,Executive King,650573439,,,Manhattan,Theater District,40.756600,-73.984200,Private room,235,1,4,2026-04-26,0.60,9,355,4
1325494263481156396,Exclusive Studio 108 | Half Bathroom,401202937,1469841047362978348,Eliza,Manhattan,Midtown,40.746680,-73.988830,Entire home/apt,387,1,18,2026-08-04,1.13,70,141,15
1325502316895442115,Exclusive Apartment 213 | Shared Bathroom,401202937,1469841047362978348,Eliza,Manhattan,Midtown,40.747200,-73.987820,Entire home/apt,234,1,20,2026-07-16,1.25,70,123,13
1325507655204716982,Exclusive Studio 640 | Private Bathroom,401202937,1469841047362978348,Eliza,Manhattan,Midtown,40.747200,-73.987820,Entire home/apt,352,1,14,2026-08-09,0.98,70,169,9
1325585910512256569,Spacious Apartment near JFK & NYC,61484099,1466756690416207483,Kraidon,Queens,Jamaica,40.689190,-73.793400,Entire home/apt,259,2,45,2026-07-27,2.90,1,88,35
1326122680700710452,"Micro Studio –Walk to Time Square, 15 mins to",378112960,1469772105806202515,Alex,Manhattan,Hell's Kitchen,40.761270,-73.991860,Entire home/apt,220,1,74,2026-07-25,4.54,11,134,57
1326189425588302720,Designer Suite | 7m to Subway | 20m to Manhattan,490412669,1470207740658433202,Eden,Brooklyn,Crown Heights,40.672610,-73.939040,Private room,224,1,23,2026-06-07,1.81,7,361,21
1326843545245474119,"Lux Light Filled Crown Heights Townhouse
Unique",578710101,1470581730932550528,Robert,Brooklyn,Crown Heights,40.674060,-73.933180,Entire home/apt,1320,2,15,2026-07-31,0.82,1,178,8
1337925489341478152,Amazing private  Room,566082049,1470521228399572527,Sam,Queens,Glendale,40.704950,-73.877600,Private room,116,3,43,2026-07-02,2.45,4,351,26
1338005708777283899,Spacious Bklyn Apartment near Prospect Park & MTA,447283837,1470014288214837968,STR Management,Brooklyn,Prospect-Lefferts Gardens,40.655731,-73.953258,Entire home/apt,407,2,25,2026-07-24,1.52,8,89,15
1338396814205818201,Family-Friendly Duplex Near Subway | Patio + Games,269142813,1469422284019598725,Tiffany,Manhattan,Harlem,40.819202,-73.945563,Entire home/apt,523,2,33,2026-07-03,1.83,1,331,24
1334950027382895297,"2 Lux rooms, AC, p/bath, king bed, parking, b/fast",275722729,1463363622690630778,Ola,Bronx,Wakefield,40.884010,-73.855950,Private room,302,1,1,2025-06-04,0.07,3,349,0
1335177071117596151,Marriotts Pulse New York - Studio,475708922,1470144568950189094,Hank,Manhattan,Midtown,40.751300,-73.984818,Private room,1007,1,0,,,2,47,0
1335728428419812301,Stunning Manhattan Aprt | Steps from Times Square,598670262,1470632959626171566,Lee,Manhattan,Hell's Kitchen,40.760640,-73.992510,Entire home/apt,1761,1,27,2026-07-12,1.56,1,138,14
1336189890565158122,Accessible deluxe queen,539261524,,,Bronx,Mott Haven,40.815115,-73.915949,Private room,139,1,1,2026-07-26,1,5,353,1
1336189897341389326,Studio suite,539261524,,,Bronx,Mott Haven,40.815115,-73.915949,Private room,169,1,0,,,5,360,0
1336190112768300551,Superior king,539261524,1470417735129837753,,Bronx,Mott Haven,40.815115,-73.915949,Private room,259,1,20,2026-08-02,1.57,5,354,17
1336190206764499980,Accessible superior queen,539261524,1470417735129837753,,Bronx,Mott Haven,40.815115,-73.915949,Private room,159,1,3,2026-07-12,0.26,5,346,3
1342397129207892343,"Arlo NoMad, City queen",675221668,1470690422866778522,,Manhattan,Midtown,40.746360,-73.984947,Private room,269,1,77,2026-08-09,6.11,4,345,76
1343067513628898270,Cozy 2 bedroom near the Brooklyn  Bridge,63293804,1466781315288381856,Mo Samba,Manhattan,Tribeca,40.716870,-74.006270,Entire home/apt,1272,2,27,2026-07-20,1.68,4,316,21
1343389572792382905,Merged 2 Units – A Spacious 2BR Perfect for Groups,472603377,1470131495644496767,Emily And Saul,Brooklyn,Fort Hamilton,40.618810,-74.032382,Entire home/apt,291,1,13,2026-07-27,1.46,63,313,13
1343440696309404963,"2BR: Spacious, Stylish, Ideal for Groups",472603377,1470131495644496767,Emily And Saul,Brooklyn,Fort Hamilton,40.618810,-74.032382,Entire home/apt,559,1,9,2025-12-21,0.52,63,340,2
1343456689221296345,2BR: Cozy & Chic – Perfect for Group Get-Togethers,472603377,1470131495644496767,Emily And Saul,Brooklyn,Fort Hamilton,40.618100,-74.033110,Entire home/apt,504,1,12,2026-05-10,0.78,63,327,10
1343474517046541392,Cozy Dual Studios w/ Verrazano Bridge View,472603377,1470131495644496767,Emily And Saul,Brooklyn,Fort Hamilton,40.619300,-74.033240,Entire home/apt,292,1,20,2026-05-29,1.14,63,322,6
1343485681332345875,Perfect Brooklyn Duo Escape,472603377,1470131495644496767,Emily And Saul,Brooklyn,Fort Hamilton,40.618480,-74.033330,Entire home/apt,276,1,28,2026-06-14,1.67,63,307,12
1343507148823852914,Stunning Modern Brooklyn Studios,472603377,1470131495644496767,Emily And Saul,Brooklyn,Fort Hamilton,40.617840,-74.032150,Entire home/apt,256,1,7,2026-06-10,0.95,63,325,7
1343580218661220915,Gorgeous 2 Bedroom in Tribeca,63293804,1466781315288381856,Mo Samba,Manhattan,Tribeca,40.716220,-74.006190,Entire home/apt,1690,2,37,2026-02-22,2.26,4,325,20
1343589307181507328,Charming 2 Bedroom by BK bridge,63293804,1466781315288381856,Mo Samba,Manhattan,Tribeca,40.715300,-74.008030,Entire home/apt,1272,2,33,2026-07-27,1.95,4,343,25
1343599722099114905,Sisterly Touch House 1,675543109,1470691060913897051,Kelsang,Queens,East Elmhurst,40.757030,-73.871180,Private room,144,1,11,2026-07-12,1.17,2,315,11
1343814926716851544,Fort Greene Historic Townhouse,18888275,1463063907105626526,Andrew,Brooklyn,Fort Greene,40.689690,-73.970790,Private room,458,2,41,2026-08-08,2.39,1,86,32
1344203989320440460,Apartment in Brooklyn,381231688,1469779873310239967,Sucong,Brooklyn,Williamsburg,40.713480,-73.948420,Private room,389,1,71,2026-07-27,3.94,1,203,43
1344298115530569589,Huge kitch king bed private bth!,1859934,1462580250670233882,Al,Brooklyn,Bushwick,40.695170,-73.922660,Private room,238,1,71,2026-06-25,3.89,1,267,41
1344414959095536135,Cozy NY Room | 10 Min to Ferry for Easy NYC Access,5816670,1462542489796523325,John,Staten Island,Rosebank,40.611850,-74.072640,Private room,93,3,34,2026-08-01,1.96,2,46,22
1339185326253628655,Private Bed & Bath 5 Min JFK NYC,37095498,1465552441370859897,Eliana,Queens,Jamaica,40.667170,-73.784110,Private room,118,1,191,2026-08-06,11.32,1,98,131
1339957476623457262,Studio Premium with Terrace,176950173,1468713839790557670,AKA Central Park,Manhattan,Midtown,40.764140,-73.974580,Private room,470,7,0,,,28,321,0
1340005327486324249,AKA Times Square - One Bedroom Platinum Suite,176950781,1468713843233332236,AKA Times Square,Manhattan,Theater District,40.756280,-73.983260,Private room,500,7,1,2025-06-25,0.07,17,361,0
1340542116785072593,2BR Comfort – Spacious Merged Units w/ Garden View,472603377,1470131495644496767,Emily And Saul,Brooklyn,Fort Hamilton,40.619160,-74.033500,Entire home/apt,291,1,14,2026-07-05,0.82,63,324,7
1340563513768715346,2BR Combined Getaway in Brooklyn,472603377,1470131495644496767,Emily And Saul,Brooklyn,Fort Hamilton,40.619720,-74.031350,Entire home/apt,291,1,28,2026-07-29,1.68,63,318,24
1340579755776615161,Two Connected Studios for 4: Spacious Stay,472603377,1470131495644496767,Emily And Saul,Brooklyn,Fort Hamilton,40.619410,-74.033190,Entire home/apt,291,1,13,2026-06-29,0.95,63,315,10
1340603206714628842,Merged 2BR Experience for Groups,472603377,1470131495644496767,Emily And Saul,Brooklyn,Fort Hamilton,40.618120,-74.031620,Entire home/apt,291,1,8,2026-07-31,0.52,63,342,6
1341240224277057893,Charming 3BR Escape & Backyard,417712739,1469898478255519148,Divain,Queens,Cambria Heights,40.692790,-73.727000,Entire home/apt,330,1,29,2026-08-09,1.72,1,350,18
1341275350599266484,King bedroom (#3) 5 mins from JFK *️⃣,429946972,1469947583946482647,Cleveland,Queens,Jamaica,40.672241,-73.779514,Private room,174,1,41,2026-07-27,2.68,3,350,27
1341318668048407355,Queen bedroom (#1) 5 mins from JFK Airport *️⃣,368465567,1463542493273266606,Tracey,Queens,Jamaica,40.672241,-73.779514,Private room,133,1,50,2026-07-15,3.19,3,356,36
1341326116264924625,Queen bedroom (#2) 5 min from JFK airport *️⃣,368465567,1463542493273266606,Tracey,Queens,Jamaica,40.672241,-73.779514,Private room,143,1,82,2026-07-22,5.43,3,340,58
1341398588435786022,West 57Th Street By Hilton - 1 Bedroom,475752211,1470144857751552210,Megan,Manhattan,Midtown,40.764369,-73.977907,Private room,443,1,3,2025-10-10,0.28,12,237,3
1341539816207467739,Stylish Studio Pair in Bay Ridge,472603377,1470131495644496767,Emily And Saul,Brooklyn,Fort Hamilton,40.619110,-74.033300,Entire home/apt,302,1,1,2026-06-14,0.51,63,311,1
1342038349846774449,"NEW | NYC Home w/Yard, Game Room & Mural",407637719,1469862872621912462,Tina,Brooklyn,Bushwick,40.687049,-73.906577,Entire home/apt,601,2,55,2026-06-08,3.27,4,322,30
1342396891155481118,"Arlo NoMad, Essential king",675221668,,,Manhattan,Midtown,40.746360,-73.984947,Private room,289,1,72,2026-08-02,6.26,4,350,72
1342396892405949084,"Arlo NoMad, Queen",675221668,1470690422866778522,,Manhattan,Midtown,40.746360,-73.984947,Private room,269,1,17,2026-08-16,1.49,4,291,17
1342397122472746474,"Arlo NoMad, Essential queen",675221668,,,Manhattan,Midtown,40.746360,-73.984947,Private room,269,1,32,2026-08-03,2.82,4,345,32
1350018223190033305,Hidden Gem in Williamsburg,71023597,1466878812061929446,Ana,Brooklyn,Williamsburg,40.708640,-73.948920,Private room,207,1,18,2026-07-07,1.15,1,69,13
1350130887670690892,Dreamy Bay Ridge Central Studio,472603377,1470131495644496767,Emily And Saul,Brooklyn,Fort Hamilton,40.619640,-74.033550,Entire home/apt,195,1,72,2026-08-06,4.08,63,359,50
1353112820561322179,Spacious NY Room | 10 Min to Ferry for NYC Access,5816670,1462542489796523325,John,Staten Island,Rosebank,40.613860,-74.073650,Private room,73,3,28,2026-07-21,1.73,2,79,17
1348081441771732943,NYC Skyline Apt 2Br/2Bath,676667930,1470693363141762813,Drew,Manhattan,Hell's Kitchen,40.757180,-73.990510,Entire home/apt,1482,1,54,2026-07-31,3.02,1,316,32
1348711398533899913,Stunning View of the Hudson River,63293804,1466781315288381856,Mo Samba,Manhattan,Upper West Side,40.769060,-73.985700,Entire home/apt,1791,1,50,2026-07-20,2.92,4,276,40
1349352835775348547,"Historic Harlem Charm, Modern Comfort — New Reno!",662023210,1470661881234933226,Artifact Stays,Manhattan,Harlem,40.825700,-73.944890,Entire home/apt,320,3,4,2026-07-30,2.67,4,106,4
1361604419465241908,Beautiful Brooklyn brownstone! 1 block from Subway,663788460,1470665888284617708,Mushka,Brooklyn,Crown Heights,40.665830,-73.949300,Entire home/apt,913,1,51,2026-07-27,3.14,1,203,34
1361671546562262247,Residence Manhattan Fancy Apartment,680010460,1470700592886970650,Intern Immob,Manhattan,Lower East Side,40.715700,-73.987290,Entire home/apt,799,1,50,2026-06-07,3.09,7,341,41
1361690479377077763,Harlem Art House Studio,11950557,1462580582286285406,Loni,Manhattan,Harlem,40.807230,-73.950970,Private room,247,1,50,2026-07-22,3.17,1,138,38
1362319937122804648,*Modern Brooklyn Suite* w/Private Bathroom,146043026,1468434318711136401,Lucelia,Brooklyn,East Flatbush,40.665230,-73.925950,Private room,205,1,94,2026-08-08,6.10,1,65,65
1364623514493774353,*Apart-hotel loft Empire State & Times Sq*,678727558,1470697851460819429,Nestel,Manhattan,Midtown,40.747084,-73.987854,Entire home/apt,358,1,36,2026-07-26,2.43,5,220,30
1364636942795169332,"Walker Hotel Greenwich Village, Grove Queen",680991617,1470702533387579273,,Manhattan,Greenwich Village,40.736159,-73.996640,Private room,680,1,72,2026-08-16,4.77,5,348,58
1364636943029370237,"Walker Hotel Greenwich Village, Bedford Double",680991617,1470702533387579273,,Manhattan,Greenwich Village,40.736159,-73.996640,Private room,449,1,8,2026-08-09,0.90,5,346,8
1364637043134719145,"Walker Hotel Greenwich Village, Walker Queen Ac...",680991617,1470702533387579273,,Manhattan,Greenwich Village,40.736159,-73.996640,Private room,680,1,21,2026-08-01,1.77,5,344,21
1364637052530507780,"Walker Hotel Greenwich Village, Grove Queen Emp...",680991617,,,Manhattan,Greenwich Village,40.736159,-73.996640,Private room,410,1,10,2026-07-31,0.85,5,327,10
1364637126350215959,"Walker Hotel Greenwich Village, Bedford Double ...",680991617,1470702533387579273,,Manhattan,Greenwich Village,40.736159,-73.996640,Private room,590,1,28,2026-08-11,2.70,5,339,28
1364677586091366497,3 Bedroom Superior,656441510,1470649472653159878,One Dutch Hotel,Manhattan,Financial District,40.708430,-74.007000,Entire home/apt,781,1,56,2026-07-22,3.86,21,129,48
1364727166951214012,1 Bedroom King Deluxe,656441510,1470649472653159878,One Dutch Hotel,Manhattan,Financial District,40.709520,-74.008960,Entire home/apt,474,1,19,2026-03-28,1.44,21,139,17
1366228575653775138,New York City 5-Bed Suite A,681436540,1470703362540829369,Hotel NYC,Manhattan,Upper West Side,40.796450,-73.963240,Private room,970,1,49,2026-08-03,2.88,3,332,34
1366259830382103771,New York City 5-Bed Suite E,681436540,1470703362540829369,Hotel NYC,Manhattan,Upper West Side,40.798650,-73.963210,Private room,954,1,3,2026-07-26,1.64,3,354,3
1366263359400557457,New York City 5-Bed Suite C,681436540,1470703362540829369,Hotel NYC,Manhattan,Upper West Side,40.797950,-73.964750,Private room,954,1,41,2026-08-03,2.41,3,325,27
1353670955336848857,NYC Room Near Times Square & Local Hotspots,657467122,1470651762004048644,Number 1 Stays New York,Manhattan,Upper West Side,40.780687,-73.981036,Hotel room,942,1,1,2026-01-05,0.14,16,38,1
1353697223094683161,Sweet Oasis Your home away from home,677782208,1470695837462355591,Doris,Bronx,Edenwald,40.884280,-73.837140,Entire home/apt,287,1,28,2026-07-11,3.39,1,303,28
1353876642508740905,"The Central At 5Th, A Hilton  - Studio - Std",475761645,1470144736865069399,Fabian,Manhattan,Midtown,40.756628,-73.979546,Private room,846,1,2,2026-06-24,0.18,9,229,2
1353965318849191034,Sweet home close to everything(3),678177485,1470696592219115688,Jianzhong,Queens,Elmhurst,40.744580,-73.872060,Private room,138,1,65,2026-08-10,3.79,2,227,40
1355380433778984135,Quite private room,568386177,1470528391141491683,Randa,Queens,Glendale,40.704870,-73.877460,Private room,114,3,30,2026-07-20,2.18,3,357,21
1355382147091544142,The House of MOS,84809701,1467023756784714986,Aamiya,Queens,Jamaica,40.683990,-73.778160,Private room,287,2,30,2026-08-02,1.83,1,76,17
1356862958825673292,"A cozy room by the park, 3 mins walk to the subway",96876878,1467167038357962342,Ting,Brooklyn,Brownsville,40.665630,-73.923060,Private room,114,2,47,2026-07-18,2.87,2,194,33
1359380594439776345,Private Studio in Award Winning Historic House,211106440,1469101745848214869,Amber,Brooklyn,Crown Heights,40.677990,-73.942280,Private room,269,2,47,2026-08-09,3.13,1,312,41
1359702695327440866,Large Modern Bedroom 1-B,371046050,1469750874545688366,Daniela,Bronx,Edenwald,40.892830,-73.840800,Private room,134,1,58,2026-07-15,3.49,2,280,51
1360319360695014884,4 Bed Brooklyn Brownstone Peaceful Oasis,52194856,1465838157351031865,Jesse,Brooklyn,Bedford-Stuyvesant,40.681760,-73.918800,Private room,517,1,61,2026-08-09,4.02,1,252,48
1360899930891140524,*1BR apt Times Sq & Empire State,678727558,1470697851460819429,Nestel,Manhattan,Midtown,40.747084,-73.987854,Entire home/apt,384,1,46,2026-07-27,2.63,5,221,39
1360911494336023398,"New 6 Bed 3 full Bath Duplex 2decks, at the train!",678478919,1470697293517159104,Lev,Brooklyn,Crown Heights,40.670160,-73.926320,Entire home/apt,938,1,44,2026-07-23,2.53,1,345,30
1361315509828853625,NYC Stay with Skyline Terrace,366909711,1469739600575255987,Matthew,Queens,Woodside,40.757099,-73.905197,Private room,150,1,5,2026-08-03,1.49,1,325,5
1368894200869268296,NYC Renovated Private Room (Shared Bathroom),408979935,1463633576430998493,The Village House,Manhattan,Gramercy,40.734738,-73.986961,Entire home/apt,158,1,57,2026-07-19,3.32,39,96,42
1369568008405797995,Near LGA Airport | Free Breakfast & Shuttle to LGA,681238606,1470702996623512101,Fairfield Inn LaGuardia Airport Flushing,Queens,College Point,40.772490,-73.845350,Private room,154,1,67,2026-08-09,4.76,2,153,57
1369568062726145113,Near LGA Airport | Free Breakfast & Shuttle to LGA,681238606,1470702996623512101,Fairfield Inn LaGuardia Airport Flushing,Queens,College Point,40.772470,-73.844120,Private room,164,1,113,2026-08-09,8.00,2,140,90
1369655961730991232,Luxury Apartment in the Heart of Times Square,682174208,1470704731968270598,Jonathan,Manhattan,Hell's Kitchen,40.760160,-73.995530,Entire home/apt,1728,3,42,2026-07-20,2.93,1,120,33
1369742279571424258,"Lex Hotel NYC, Selected by hotel",682407463,1470705163501706967,Lex Hotel NYC,Manhattan,Kips Bay,40.740951,-73.983440,Private room,185,1,75,2026-08-14,4.25,1,19,69
1369769635705184273,1 BR Apartment *central 3 beds/sleeps 6,682416653,1470705177022073088,Neli,Manhattan,Midtown,40.746320,-73.988720,Entire home/apt,355,1,8,2026-06-29,0.86,2,226,8
1369837713297421704,*entire 1 br apartment  sleeps 6* central,682416653,1470705177022073088,Neli,Manhattan,Midtown,40.747322,-73.988026,Entire home/apt,355,1,29,2026-07-18,2.10,2,225,28
1367699298743566857,Cozy Suite with Private Bathroom,342475260,1469673909634851346,Angela,Queens,Rego Park,40.726710,-73.868430,Private room,218,1,30,2026-08-05,5.70,1,292,30
1368252790464589595,3BR |Game Room| Backyard| Ask about SummerDiscount,560688529,1470504900902028733,Von,Manhattan,East Harlem,40.806409,-73.940608,Entire home/apt,752,2,41,2026-07-31,2.53,2,315,30
1376110634846093635,Luxe Studio with Charming Juliet Balcony,537135281,1470409588267710994,The Sixty Two,Manhattan,Upper East Side,40.762008,-73.961398,Entire home/apt,500,1,176,2026-08-02,10.62,8,352,128
1377055711330157216,Chic Studio in the Heart of Brooklyn,437888275,1469979002553686836,Ricky,Brooklyn,Bedford-Stuyvesant,40.687007,-73.929284,Entire home/apt,296,2,52,2026-07-14,3.17,5,324,34
1378507643589697419,Nice room in the middle of Sunset Park Brooklyn,36634964,1462672649890693241,Mirka,Brooklyn,Sunset Park,40.652180,-74.003860,Private room,133,2,8,2026-07-14,0.78,1,52,8
1378576466841182145,"LGA 5 mins,3 Br Duplex Private House with Driveway",230705060,1469230123081445958,Tusher,Queens,East Elmhurst,40.761980,-73.870160,Entire home/apt,541,1,21,2026-08-02,1.30,2,152,15
1378675751263256760,"Bright Skyline Loft, 3min to Subway",437079870,1469976131014548475,Rebecca,Brooklyn,Williamsburg,40.705440,-73.933070,Private room,234,1,77,2026-07-20,4.67,1,220,55
1378918894777874321,Public | Residential Suite | Near Times Square,501999278,1468058277289999419,RoomPicks,Manhattan,Lower East Side,40.723110,-73.992094,Hotel room,1324,1,9,2026-05-04,0.74,147,348,9
1378920538642365271,"2 Units, Residential Hotel Suite, Public Hotel NYC",501999278,1468058277289999419,RoomPicks,Manhattan,Lower East Side,40.723110,-73.992094,Hotel room,2648,1,0,,,147,346,0
1378936791559311669,Residential Suite | Public | Stunning NYC Views,501999278,1468058277289999419,RoomPicks,Manhattan,Lower East Side,40.723110,-73.992094,Hotel room,1324,1,2,2026-04-06,0.21,147,349,2
1378939865342642735,"Residential Hotel Suite, 2 Units, Public Hotel NYC",501999278,1468058277289999419,RoomPicks,Manhattan,Lower East Side,40.723110,-73.992094,Hotel room,2648,1,0,,,147,347,0
1378949186738389090,Residential Suite Hi-Floor | Public Hotel NY,501999278,1468058277289999419,RoomPicks,Manhattan,Lower East Side,40.723110,-73.992094,Hotel room,1816,1,0,,,147,345,0
1378953459013460231,Public Hotel Stay | Residential Suite Hi-Floor,501999278,1468058277289999419,RoomPicks,Manhattan,Lower East Side,40.723110,-73.992094,Hotel room,1816,1,1,2025-09-23,0.09,147,345,1
1379060175065986207,Exclusive Apartment 744 | Shared Bathroom,401202937,1469841047362978348,Eliza,Manhattan,Midtown,40.746020,-73.988830,Entire home/apt,213,1,11,2026-07-12,0.74,70,157,8
1379443714373215070,NYC Gateway | 3BR Near LGA & JFK | Subway to City,30976764,1465456053387937577,Kazi,Queens,Woodside,40.742280,-73.899440,Entire home/apt,388,1,38,2026-08-04,2.71,1,312,37
1379800426031701673,Duplex Smart Home 2 Bed 2 Bath,70774951,1462793364732298909,Farhan,Queens,East Elmhurst,40.768550,-73.878440,Entire home/apt,456,1,88,2026-07-27,5.48,3,19,60
1380528903332684625,Private Garden Beautiful Spacious Unit,684012919,1470708340159820651,Claud,Manhattan,Harlem,40.817166,-73.944578,Entire home/apt,218,1,57,2026-07-27,3.82,2,34,48
1380653801422991291,"Best location w/ parking, 10 min to LGA & subway",61653549,1466758636442062087,Lucelia,Queens,Jackson Heights,40.751190,-73.891210,Private room,136,1,112,2026-08-10,7.03,2,302,88
1381334140112127842,"Private Chelsea Studio, Shared Bathroom",526312424,1470366964013070657,Mona,Manhattan,Chelsea,40.744540,-74.000560,Entire home/apt,230,2,6,2026-07-26,2.69,3,276,6
1381355123515773949,Large Private Room,684012919,1470708340159820651,Claud,Manhattan,Harlem,40.816290,-73.945000,Private room,200,1,37,2026-07-31,2.43,2,61,29
1381480841834366295,Your home in Brooklyn near JFK,685450719,1470711411285237381,Anis,Brooklyn,Canarsie,40.630640,-73.904150,Private room,200,2,21,2026-08-02,1.45,1,207,12
1382036343568021841,Private Room in Bedford-Stuyvesant,183813672,1468949963985797686,Simon,Brooklyn,Bedford-Stuyvesant,40.686170,-73.943190,Private room,156,1,56,2026-08-05,4.97,1,138,56
1390032969997338788,3 Bedroom 2 Bath Standard,656441510,1470649472653159878,One Dutch Hotel,Manhattan,Financial District,40.710320,-74.006850,Entire home/apt,675,1,73,2026-08-04,4.76,21,99,68
1390033029332861737,2 Bedroom Queen Deluxe,656441510,1470649472653159878,One Dutch Hotel,Manhattan,Financial District,40.708750,-74.008710,Entire home/apt,557,1,3,2026-06-06,0.28,21,133,3
1390033630090694567,2 Bedroom King/Queen Deluxe,656441510,1470649472653159878,One Dutch Hotel,Manhattan,Financial District,40.708150,-74.007610,Entire home/apt,575,1,35,2026-07-26,2.31,21,136,25
1390510799685853823,带卫生间的单房,687729229,1470716130987927608,Xiaofei,Queens,College Point,40.786317,-73.841367,Private room,149,1,53,2026-08-03,3.75,1,149,39
1370350205773867136,Private Rooftop | Top-Floor | W/D | City Retreat,682562903,1470705541197405239,The Collection,Manhattan,Lower East Side,40.719931,-73.983196,Entire home/apt,600,1,26,2026-07-21,4.38,3,291,26
1370393246742120853,(R4)Cozy Townhouse in the Bronx,334527081,1469646648200434917,Gracebymercy,Bronx,Longwood,40.818350,-73.911940,Private room,157,1,22,2026-08-05,3.65,4,306,22
1370617125100433700,4 Bedroom + Private Back Yard,682562903,1470705541197405239,The Collection,Manhattan,Lower East Side,40.719350,-73.982020,Entire home/apt,784,1,13,2026-07-05,2.83,3,181,13
1371759780031174612,Private 3BR/2Bath Guest Suite • Bronx NYC,662529944,1470662969770636865,Tanzina,Bronx,Soundview,40.828010,-73.861400,Private room,313,1,40,2026-08-01,3.53,1,290,40
1374104514889436099,Charming Brooklyn King-Size room,16326914,1462984107024726496,Joel,Brooklyn,Sunset Park,40.645909,-74.015118,Private room,158,2,37,2026-08-01,2.42,1,11,31
1374210513953603689,Beautiful Brooklyn brownstone! 1 block from Subway,683605643,1470707537204884717,Yisroel,Brooklyn,Crown Heights,40.668040,-73.949010,Entire home/apt,430,1,44,2026-07-20,3.02,1,220,37
1375022985881927979,Small Budget Room In Manhattan,135856127,1462952873665263178,Trenton,Manhattan,East Harlem,40.807110,-73.937960,Private room,131,1,44,2026-08-03,3.78,2,291,44
1375362734541224557,Spacious Studio with Charming Juliet Balcony,537135281,1470409588267710994,The Sixty Two,Manhattan,Upper East Side,40.762008,-73.961398,Entire home/apt,441,1,143,2026-08-04,8.60,8,352,113
1375400394602606376,Public NYC | 2x Queen Room | Sophisticated Design,501999278,1468058277289999419,RoomPicks,Manhattan,Lower East Side,40.723110,-73.992094,Hotel room,899,1,0,,,147,352,0
1375446150341884876,2x Queen Room | Public Hotel Stay | Pets Allowed,501999278,1468058277289999419,RoomPicks,Manhattan,Lower East Side,40.723110,-73.992094,Hotel room,899,1,1,2026-03-15,0.20,147,352,1
1375464955169291170,Public| 2x Queen Hi-Floor| Vibrant NYC Nightlife,501999278,1468058277289999419,RoomPicks,Manhattan,Lower East Side,40.723110,-73.992094,Hotel room,973,1,2,2025-12-30,0.26,147,355,2
1375464958259115553,2x Queen Hi-Floor | Public | Heart of the City,501999278,1468058277289999419,RoomPicks,Manhattan,Lower East Side,40.723110,-73.992094,Hotel room,989,1,3,2026-04-04,0.41,147,355,3
1384118775585291853,Queens/JFK Private Room #1,22730283,1462622403745414017,Kumar,Queens,Richmond Hill,40.704490,-73.818963,Private room,115,1,100,2026-08-05,6.45,4,338,74
1384120843589486169,Loft Living in Williamsburg,21680683,1463161390425902772,Jenny,Brooklyn,Williamsburg,40.720530,-73.958180,Private room,238,1,7,2026-08-01,0.94,1,253,7
1384153171785504020,Queens/JFK Room#4,22730283,1462622403745414017,Kumar,Queens,Kew Gardens,40.705640,-73.820000,Private room,118,1,84,2026-08-01,5.34,4,350,65
1384207415200635749,Sleeping Loft in Luxury Loft Apt,4440548,1462657540538473801,Thomas,Brooklyn,Williamsburg,40.715690,-73.945200,Private room,147,2,41,2026-08-03,2.54,3,194,34
1384733959726184048,Tranquil Midtown Sanctuary - Full Bed,16677326,1462598813783821932,Alex & Zinaida,Manhattan,Chelsea,40.742380,-73.999490,Private room,165,1,368,2026-08-09,24.64,4,355,342
1391357685128743617,*1br Aparthotel Entire Apartment,678727558,1470697851460819429,Nestel,Manhattan,Midtown,40.747084,-73.987854,Entire home/apt,413,1,18,2026-07-05,1.18,5,225,17
1392109196390862322,*Aparthotel walk to Empire State & Times Sq*,678727558,1470697851460819429,Nestel,Manhattan,Midtown,40.746700,-73.988710,Entire home/apt,327,1,25,2026-08-04,1.79,5,200,23
1392845043647898576,Private 1bd 1ba Guest Suite in Brooklyn,1478737,1462546954290545632,Stephen,Brooklyn,Bedford-Stuyvesant,40.683950,-73.933130,Entire home/apt,449,2,9,2026-07-06,1.21,1,220,9
1393008319956737999,Beautiful Private room,568386177,1470528391141491683,Randa,Queens,Glendale,40.703793,-73.877167,Private room,102,3,18,2026-07-05,1.63,3,337,18
1394220268881392821,Spacious Room in Brooklyn Home,10128763,1462832344511198965,Rachel,Brooklyn,East Flatbush,40.651120,-73.945130,Private room,318,2,8,2026-01-01,0.55,1,335,4
1394234603510215650,"Ameritania Hotel, Deluxe room 2 double beds",688681842,1470718210452495153,,Manhattan,Midtown,40.764025,-73.982833,Private room,145,1,182,2026-08-12,11.40,7,363,131
1394234603627644190,"Ameritania Hotel, Standard room 1 full bed",688681842,,,Manhattan,Midtown,40.764025,-73.982833,Private room,205,1,47,2026-07-30,2.93,7,359,41
1394234701245422022,"Ameritania Hotel, Superior room 1 queen bed",688681842,1470718210452495153,,Manhattan,Midtown,40.764030,-73.982830,Private room,259,1,98,2026-08-08,5.99,7,364,90
1394234701461568839,"Ameritania Hotel, Deluxe room 1 king bed",688681842,,,Manhattan,Midtown,40.764030,-73.982830,Private room,205,1,24,2026-07-21,1.76,7,364,23
1394234790998388843,"Ameritania Hotel, Junior suite 1 king bed",688681842,,,Manhattan,Midtown,40.764030,-73.982830,Private room,205,1,1,2026-01-14,0.14,7,312,1
1394234792421673852,"Ameritania Hotel, Accessible superior room 1 qu...",688681842,,,Manhattan,Midtown,40.764030,-73.982830,Private room,205,1,14,2026-07-13,1.04,7,354,11
1394234880855464626,"Ameritania Hotel, Accessible deluxe room 1 king...",688681842,,,Manhattan,Midtown,40.764030,-73.982830,Private room,225,1,5,2026-07-19,0.36,7,361,4
1394585085227274479,Cozy Home 1 Min from LGA,303671054,1469555942801719722,Mohamed,Queens,East Elmhurst,40.767500,-73.868720,Entire home/apt,281,1,79,2026-08-06,5.17,1,338,57
1394954836129805804,Public Hotel Retreat | Breathtaking Loft Park View,501999278,1468058277289999419,RoomPicks,Manhattan,Lower East Side,40.723110,-73.992094,Hotel room,727,1,0,,,147,342,0
1394954839290543790,"Residential Hotel Ste-High Floor, 2 Relaxing Units",501999278,1468058277289999419,RoomPicks,Manhattan,Lower East Side,40.723110,-73.992094,Hotel room,2975,1,0,,,147,342,0
1394954840207621526,"High Floor Suite, 2 Modern Units, Public Hotel",501999278,1468058277289999419,RoomPicks,Manhattan,Lower East Side,40.723110,-73.992094,Hotel room,2975,1,0,,,147,342,0
1394962093504014175,"Queen Great View, Public New York, Pets Allowed",501999278,1468058277289999419,RoomPicks,Manhattan,Lower East Side,40.723110,-73.992090,Hotel room,607,1,0,,,147,356,0
1394977539353506309,Loft Park View | Public Hotel | Near Times Square,501999278,1468058277289999419,RoomPicks,Manhattan,Lower East Side,40.723110,-73.992094,Hotel room,727,1,0,,,147,342,0
1394977545898242754,Queen Room with Spectacular City and Park Views,501999278,1468058277289999419,RoomPicks,Manhattan,Lower East Side,40.723110,-73.992090,Hotel room,596,1,0,,,147,356,0
1396377041844022823,Modern Gem,689254352,1470719543563644168,Cecelia,Brooklyn,Bedford-Stuyvesant,40.679001,-73.914282,Private room,220,2,17,2026-07-19,1.85,1,102,17
1384965112952491193,Brooklyn Hideaway-Modern Stylish Place in Brooklyn,572653930,1463885521783720299,Everett,Brooklyn,East Flatbush,40.658440,-73.927890,Private room,230,1,40,2026-08-01,3.09,1,329,35
1385448237489801735,Private Guest Suite|Outdoor Space + Transit Access,175167155,1468698832148889947,Shane,Brooklyn,Flatlands,40.621612,-73.937145,Entire home/apt,228,1,6,2026-08-06,6,1,180,6
1385758419382486826,Private Suite w/ Kitchen in Historic Townhouse,27074288,1465399479252277258,Edwin,Bronx,Concourse,40.819300,-73.927420,Private room,121,2,43,2026-07-27,3.30,1,110,41
1385932425735867189,Public Hotel Stay | King Great View | Floors 8–16,501999278,1468058277289999419,RoomPicks,Manhattan,Lower East Side,40.723110,-73.992094,Hotel room,662,1,0,,,147,359,0
1386229455581339207,Cozy Two Bedroom in Brooklyn,686639068,1470713763365784040,Marcela,Brooklyn,Bedford-Stuyvesant,40.686200,-73.918440,Shared room,267,3,39,2026-07-20,2.58,1,226,29
1386250234666523517,King Great View | Public Hotel | Lower East Side,501999278,1468058277289999419,RoomPicks,Manhattan,Lower East Side,40.723110,-73.992094,Hotel room,662,1,0,,,147,358,0
1386250239885164075,Public Hotel | King + Sofa Bed | Your NYC Awaits,501999278,1468058277289999419,RoomPicks,Manhattan,Lower East Side,40.723110,-73.992094,Hotel room,584,1,3,2026-04-27,0.25,147,354,3
1386250240664526413,King with Sofa Bed | Public Hotel | NYC Getaway,501999278,1468058277289999419,RoomPicks,Manhattan,Lower East Side,40.723110,-73.992094,Hotel room,584,1,1,2025-06-01,0.07,147,354,0
1386264308699480110,Loft | Public Hotel | Relaxing New York City Stay,501999278,1468058277289999419,RoomPicks,Manhattan,Lower East Side,40.723110,-73.992094,Hotel room,706,1,0,,,147,343,0
1386264479344931911,Public Hotel | Loft Room | New York City View,501999278,1468058277289999419,RoomPicks,Manhattan,Lower East Side,40.723110,-73.992094,Hotel room,741,1,0,,,147,343,0
1386311821293444010,Stylish 3BR in Heart of Crown Heights Near Subway,37517982,1465561836008128768,Shmuel,Brooklyn,Crown Heights,40.668120,-73.938340,Entire home/apt,414,2,44,2026-07-19,3.40,1,203,41
1386344432079105886,Romantic Manhattan Micro-Suite | Private Balcony,686674397,1470713964950111117,Romy,Manhattan,Harlem,40.824250,-73.952000,Entire home/apt,257,1,17,2026-08-09,5.15,5,357,17
1386611894099973399,Luxury 2 Bed 2 Bath Apt | Designer Decor & Views,578918757,1470582365650942970,Milton,Manhattan,Hell's Kitchen,40.761040,-73.995710,Entire home/apt,1236,1,49,2026-07-26,3.87,1,126,45
1387267428698423971,Luxury Large 2-Bed 2-Bath with Skyline+Water Views,685419244,1470711316096825367,Justin,Manhattan,Hell's Kitchen,40.761360,-73.996900,Entire home/apt,1302,2,52,2026-08-10,3.75,1,143,46
1387850620111521177,Charming and Sweet 2 Bedroom,47577415,1465717890846435612,Marie,Brooklyn,Flatlands,40.629860,-73.933250,Entire home/apt,345,1,3,2026-02-15,0.32,1,103,3
1387888210437869694,Oversized Guest Suite w/ Private Entrance and Bath,96223395,1467159077110042155,Karen,Brooklyn,Bedford-Stuyvesant,40.682480,-73.914180,Private room,199,5,18,2026-08-02,1.20,2,255,14
1388011608342177183,Spacious Cozy Room in Brooklyn,335160995,1469648414555369072,Rafael,Brooklyn,Bedford-Stuyvesant,40.680610,-73.910430,Private room,154,2,66,2026-08-09,4.19,1,200,50
1388603312620111466,Lovely 1 bedroom with Garden in NYC,116176016,1468191791519369353,Raymond,Manhattan,Harlem,40.806350,-73.945030,Private room,406,1,60,2026-08-01,3.90,1,172,47
1389889452853572869,3 Bedroom 2 Bath Deluxe,656441510,1470649472653159878,One Dutch Hotel,Manhattan,Financial District,40.710210,-74.006640,Entire home/apt,822,1,46,2026-07-25,3.04,21,115,40
1389897639100068918,2 Bedroom King/Queen Superior,656441510,1470649472653159878,One Dutch Hotel,Manhattan,Financial District,40.710100,-74.008560,Entire home/apt,594,1,23,2026-07-14,1.56,21,128,19
1389910716908432327,2 Bedroom with Den Deluxe,656441510,1470649472653159878,One Dutch Hotel,Manhattan,Financial District,40.708680,-74.007040,Entire home/apt,677,1,36,2026-07-26,2.74,21,137,34
1390020778009268609,1 Bedroom King Superior,656441510,1470649472653159878,One Dutch Hotel,Manhattan,Financial District,40.708530,-74.008770,Entire home/apt,450,1,74,2026-07-21,4.85,21,136,57
1390021223458084367,2 Bedroom Standard,656441510,1470649472653159878,One Dutch Hotel,Manhattan,Financial District,40.708780,-74.007000,Entire home/apt,640,1,14,2026-07-13,1.02,21,108,13
1390024971763183469,1 Bedroom King Standard,656441510,1470649472653159878,One Dutch Hotel,Manhattan,Financial District,40.710030,-74.006900,Entire home/apt,429,1,41,2026-07-22,2.70,21,113,37
1390025788460378550,3 Bedroom 2 Bath Superior,656441510,1470649472653159878,One Dutch Hotel,Manhattan,Financial District,40.709980,-74.008510,Entire home/apt,713,1,20,2026-07-23,1.34,21,113,17
1390027299904871283,3 Bedroom Standard,656441510,1470649472653159878,One Dutch Hotel,Manhattan,Financial District,40.710010,-74.008950,Entire home/apt,676,1,13,2026-07-17,0.88,21,124,10
1390028031299059274,2 Bedroom with Den Standard,656441510,1470649472653159878,One Dutch Hotel,Manhattan,Financial District,40.709620,-74.006830,Entire home/apt,605,1,34,2026-07-23,2.15,21,118,30
1390028203564224923,1 Bedroom Superior,656441510,1470649472653159878,One Dutch Hotel,Manhattan,Financial District,40.709510,-74.008860,Entire home/apt,403,1,3,2026-05-12,0.39,21,136,3
1390029551544738361,2 Bedroom with Den Superior,656441510,1470649472653159878,One Dutch Hotel,Manhattan,Financial District,40.710390,-74.008830,Entire home/apt,640,1,25,2026-05-21,1.64,21,129,23
1390030378967977843,1 Bedroom Deluxe,656441510,1470649472653159878,One Dutch Hotel,Manhattan,Financial District,40.709970,-74.007110,Entire home/apt,425,1,6,2026-06-14,0.40,21,138,4
1390031049651106785,2 Bedroom Queen Superior,656441510,1470649472653159878,One Dutch Hotel,Manhattan,Financial District,40.710460,-74.007390,Entire home/apt,527,1,37,2026-07-22,2.43,21,126,31
1397748622235788901,Modern 3 Bedroom Home Near JFK,689584815,1470720244365482631,Jonathan,Queens,South Ozone Park,40.666580,-73.819260,Private room,423,2,20,2026-07-22,1.74,1,330,20
1398007978098078307,Bright 2BR Brooklyn Apt | 2 Balconies & Cozy Vibes,105587963,1467275664025060264,Kevin,Brooklyn,Sunset Park,40.643120,-74.002050,Private room,342,1,55,2026-07-15,3.67,1,154,40
1399320007818137140,The Heaven House in Woodside 2,545089959,1470440630080433969,Fnu,Queens,Astoria,40.757610,-73.904580,Private room,170,1,54,2026-07-27,3.57,2,303,41
1396533455963750152,Lower East Side/East Village Private Studio Apt,11697192,1462870947818727771,Ej,Manhattan,Lower East Side,40.722330,-73.986710,Private room,339,2,41,2026-06-19,2.81,1,273,31
1396564733924805597,3 Bedroom Apartment Sky |  Placemakr Wall Street,420415528,1469908984443542334,Placemakr Wall Street,Manhattan,Financial District,40.704320,-74.007250,Entire home/apt,850,1,14,2026-06-21,0.94,22,240,5
1396642041564802377,Reno'd Townhouse w/Private Patio (Steps to Park!),13541440,1462913641439950191,Joanna,Brooklyn,Fort Greene,40.694650,-73.972810,Private room,467,3,17,2026-07-06,1.19,2,327,15
1406183260152120035,The Brownstone by Reza,691756446,1470724823585566886,Abeda,Brooklyn,Brownsville,40.665390,-73.918530,Private room,545,1,45,2026-07-19,3.91,1,329,45
1406456984207634500,Superior Full,577725937,,,Manhattan,Midtown,40.761100,-73.969600,Private room,182,1,40,2026-08-02,2.90,4,356,36
1406610300082102076,Seaport Serenity in Luxurious Downtown NYC,689697522,1470720346883435766,Hotel New York City Seaport - NYC,Manhattan,Financial District,40.707240,-74.002310,Private room,387,1,3,2026-01-15,0.29,7,237,3
1406610379414671869,Seaport Views NYC Stay + Terrace Access,689697522,1470720346883435766,Hotel New York City Seaport - NYC,Manhattan,Financial District,40.708670,-74.002380,Private room,746,1,0,,,7,239,0
1406610534243729388,Top Downtown NYC + Walk Everywhere,689697522,1470720346883435766,Hotel New York City Seaport - NYC,Manhattan,Financial District,40.707370,-74.002160,Private room,793,1,0,,,7,230,0
1406612232355694858,Bridge Views + Walk to Fulton Street Food,689697522,1470720346883435766,Hotel New York City Seaport - NYC,Manhattan,Financial District,40.709010,-74.000610,Private room,2031,1,0,,,7,226,0
1406612293491326809,"Steps to Seaport Eats, Bars & River Cruises",689697522,1470720346883435766,Hotel New York City Seaport - NYC,Manhattan,Financial District,40.707360,-74.000700,Private room,524,1,2,2026-05-23,0.23,7,232,2
1406612522657492879,Rooftop Cocktails & Brooklyn Bridge View,689697522,1470720346883435766,Hotel New York City Seaport - NYC,Manhattan,Financial District,40.708880,-74.000330,Private room,336,1,0,,,7,231,0
1406614110974511587,Perfect NYC Stay + City Lights & Terrace Nights,689697522,1470720346883435766,Hotel New York City Seaport - NYC,Manhattan,Financial District,40.707120,-74.002050,Private room,356,1,0,,,7,239,0
1406615900211251667,Classic Luxury Stay by Times Square & Broadway,658940021,1470654975281748653,New Yorker By Lotte Hotels,Manhattan,Chelsea,40.752240,-73.994450,Private room,279,1,62,2026-08-03,10.00,5,291,62
1406618214056431887,Premier Suite Moments from Times Square,658940021,1470654975281748653,New Yorker By Lotte Hotels,Manhattan,Chelsea,40.751840,-73.994240,Private room,731,1,0,,,5,309,0
1406619438342467010,Sophisticated Suite in Iconic Midtown Landmark,658940021,1470654975281748653,New Yorker By Lotte Hotels,Manhattan,Midtown,40.753200,-73.992320,Private room,598,1,0,,,5,321,0
1406619557326270969,Elegant Retreat Steps from Madison Square Garden,658940021,1470654975281748653,New Yorker By Lotte Hotels,Manhattan,Midtown,40.753090,-73.992390,Private room,169,1,4,2026-08-02,1.94,5,321,4
1406657765905666238,，NYC byseaside house,228608906,1469217899787320238,Linda,Staten Island,Arrochar,40.592160,-74.069978,Private room,224,1,25,2026-08-02,1.72,1,325,18
1407284631678356486,Superior Queen,577725937,1470578947764374435,,Manhattan,Midtown,40.761100,-73.969600,Private room,207,1,52,2026-08-09,3.64,4,362,45
1407336432341758567,Cozy Zen Midtown Room,16677326,1462598813783821932,Alex & Zinaida,Manhattan,Chelsea,40.743760,-73.999520,Private room,163,1,179,2026-08-10,12.37,4,351,156
1407344736645729737,Serene Queen Room - Midtown,16677326,1462598813783821932,Alex & Zinaida,Manhattan,Chelsea,40.742540,-73.999340,Private room,192,1,161,2026-08-10,10.81,4,353,135
1407592692117636824,Calm Comfortable Brooklyn Oasis,1978431,1462583244796910010,Marsha,Brooklyn,Canarsie,40.633990,-73.911620,Entire home/apt,257,1,31,2026-08-09,2.36,1,151,27
1408069541422186353,Private room close to JFK,1732534,1462577000981264704,Dr Luk,Queens,South Ozone Park,40.672640,-73.796580,Private room,173,1,32,2026-08-01,2.19,3,352,26
1408084029739769497,Private room with Private bathroom near JFK,1732534,1462577000981264704,Dr Luk,Queens,South Ozone Park,40.672640,-73.796578,Private room,189,1,29,2026-08-09,2.09,3,169,23
1408245929640946231,3.8 Million Dollar Brownstone | Newly Renovated,141000707,1468393962343714808,Hallie,Manhattan,Harlem,40.824237,-73.947842,Entire home/apt,1689,2,23,2026-06-19,1.53,11,305,17
1399612044638683748,Cozy 2BD in Woodside!,84705916,1467022714921320372,Anik,Queens,Woodside,40.743926,-73.910494,Entire home/apt,314,1,45,2026-08-10,3.15,1,306,35
1399983854571253039,Exclusive Studio 536 | Private Bathroom,401202937,1469841047362978348,Eliza,Manhattan,Midtown,40.747198,-73.987820,Entire home/apt,264,1,26,2026-08-03,2.25,70,155,26
1400012793380682513,Exclusive Apartment 525 | Shared Bathroom,401202937,1469841047362978348,Eliza,Manhattan,Midtown,40.747198,-73.987820,Private room,182,1,11,2026-07-28,0.80,70,126,10
1400241893855312181,Cozy Private Suite,690246212,1470721693867388724,Zhehong,Queens,College Point,40.782830,-73.841080,Entire home/apt,149,1,119,2026-08-10,7.79,1,256,90
1400792556812663024,Relaxed space!,480712002,1470165070592607649,Menachem,Brooklyn,Crown Heights,40.669032,-73.926759,Entire home/apt,504,2,40,2026-08-05,2.68,1,337,31
1400943192510497731,Cozy place near JFK airport,41769492,1465621482433645408,Thony,Queens,Rosedale,40.656410,-73.751150,Entire home/apt,380,2,59,2026-07-06,3.86,1,68,49
1402152279369382835,"Arlo SoHo, Courtyard queen",690722890,,,Manhattan,SoHo,40.724440,-74.008240,Private room,209,1,31,2026-07-31,3.55,2,328,31
1402152279503933995,"Arlo SoHo, Courtyard king",690722890,1470722714560902794,,Manhattan,SoHo,40.724439,-74.008238,Private room,209,1,85,2026-08-16,6.78,2,334,84
1402454491765742255,Cozy | Standing Desk | Washer Dryer | 2/5/Q Trains,39875238,1465595248958680196,Lucas,Brooklyn,Flatlands,40.623740,-73.946030,Private room,196,1,33,2026-07-26,2.70,2,341,33
1404403902815216178,Close to Carnegie Hall with On-site Bar & Gym,677427330,1470695073145953077,Park Central,Manhattan,Midtown,40.764814,-73.981406,Private room,256,1,79,2026-08-08,18.52,3,171,79
1404404115356772901,Steps to Central Park with On-site Bar & Gym,677427330,1470695073145953077,Park Central,Manhattan,Midtown,40.764814,-73.981406,Private room,263,1,33,2026-08-09,7.92,3,164,33
1404405979988006826,Walk to Times Square with Bar & Fitness Center,677427330,1470695073145953077,Park Central,Manhattan,Midtown,40.764814,-73.981406,Private room,268,1,0,,,3,171,0
1404474074983697358,Nana's House,123655188,1468249886577394461,Rosa,Queens,Springfield Gardens,40.681360,-73.755380,Private room,135,2,18,2026-08-01,1.18,1,364,9
1404935814898561635,Newly Renovated - Studio - Wash/Dyer & Kitchenette,691408571,1470724046100547255,Square 42 Apartments,Manhattan,Hell's Kitchen,40.759010,-73.991970,Private room,295,3,26,2026-07-06,1.74,6,289,20
1404936354180707399,Chelsea Studio 5 - Shared Bathroom,408979935,1463633576430998493,The Village House,Manhattan,Chelsea,40.749861,-73.997179,Entire home/apt,216,1,14,2026-06-25,1.21,39,186,14
1404938560908728633,Union Square Studio 4 with Shower - Shared toilet,408979935,1463633576430998493,The Village House,Manhattan,Gramercy,40.734738,-73.986961,Entire home/apt,229,1,16,2026-06-26,1.36,39,151,16
1404941838076962664,New Renovated - 1 Bed  Wash/Dryer & Kitchenette -E,691408571,1470724046100547255,Square 42 Apartments,Manhattan,Hell's Kitchen,40.758083,-73.992388,Private room,368,1,132,2026-07-26,8.52,6,316,111
1404944689000252282,New Renovated - 1 Bed  Wash/Dryer & Kitchenette -S,691408571,1470724046100547255,Square 42 Apartments,Manhattan,Hell's Kitchen,40.758083,-73.992388,Private room,342,1,82,2026-07-12,5.36,6,331,60
1404948249588353094,New Renovated - 1 Bed - Wash/Dyer & Kitchenette -G,691408571,1470724046100547255,Square 42 Apartments,Manhattan,Hell's Kitchen,40.758083,-73.992388,Private room,374,2,130,2026-07-27,8.53,6,315,99
1404951014625260423,Two Bedroom - Newly Renovated - Washer/Dryer,691408571,1470724046100547255,Square 42 Apartments,Manhattan,Hell's Kitchen,40.758083,-73.992388,Private room,647,3,150,2026-07-26,9.76,6,337,115
1404952705824480866,Three Bedroom - Newly Renovated - Washer/Dryer,691408571,1470724046100547255,Square 42 Apartments,Manhattan,Hell's Kitchen,40.758083,-73.992388,Private room,728,1,155,2026-07-26,10.24,6,302,130
1412278653987143077,Sunny BK Suite · Huge Windows · Tranquil & Stylish,31553252,1465463787426056134,Jane,Brooklyn,East Flatbush,40.638290,-73.944570,Entire home/apt,280,3,6,2026-06-26,0.71,2,259,6
1413253788430978399,Fantastic Apartment in Manhattan,133302822,1468331904879947272,Vito,Manhattan,Midtown,40.744720,-73.985060,Entire home/apt,780,2,28,2026-08-09,2.01,1,277,25
1419650836872348255,1-Bedroom Hotel Suite + Connecting Room - 2 beds,574270535,1470568222887016130,Jeanna,Manhattan,Financial District,40.705275,-74.007506,Private room,2320,1,0,,,20,117,0
1419651121324994272,2 Connecting Hotel Suites - 2 beds,574270535,1470568222887016130,Jeanna,Manhattan,Financial District,40.705275,-74.007506,Private room,5480,1,0,,,20,117,0
1419990170441618361,Cozy Stay Less than 5 Minutes From JFK!,262936296,1469390547825158689,Imrul,Queens,Springfield Gardens,40.666260,-73.775350,Private room,147,1,10,2025-06-29,0.71,1,68,0
1421061104645531307,Lovely duplex heart of Soho with charming alcove,695506202,1470732660604230009,Rafael And Ana,Manhattan,Nolita,40.723290,-73.994470,Entire home/apt,550,1,44,2026-07-13,3.03,1,248,35
1421238686103819773,Private Room,35242720,1465520673677610208,Cora,Brooklyn,Canarsie,40.633227,-73.910273,Private room,199,2,11,2026-06-14,0.89,3,364,10
1421425909867458285,Cozy Studio Near LGA,695609304,1470732826684106076,Paulina,Queens,East Elmhurst,40.769680,-73.870470,Entire home/apt,215,1,52,2026-08-10,3.80,1,351,48
1422485295788852595,Close to Times Square + Free Breakfast & Wi-Fi,470044717,1470119862548261510,Holiday Inn Express Times Square NYC,Manhattan,Hell's Kitchen,40.756710,-73.994250,Private room,424,1,71,2026-07-30,5.49,2,105,69
1423216923201842289,Crown Heights Cozy Retreat,696034256,1470733730230964983,Melakz,Brooklyn,Crown Heights,40.665540,-73.942750,Entire home/apt,233,2,10,2026-08-06,4.62,1,21,10
1424631952833700982,Cozy & Spacious Master Suite - 15 Min to Manhattan,81851298,1466994237701268669,Dewey,Queens,Astoria,40.758820,-73.913500,Private room,292,1,33,2026-07-24,2.22,2,301,27
1413901507290549159,Modern Brooklyn Room w/ laundry,479347338,1470159347398833714,Jamie,Brooklyn,East Flatbush,40.642830,-73.925750,Private room,191,1,23,2026-07-26,1.56,1,159,22
1414693507551491558,Elegant Stay Near Ferry | Easy to Manhattan,464658136,1463766286239234585,Yira Vargas,Bronx,Castle Hill,40.816650,-73.850660,Private room,167,2,4,2026-07-26,1.40,4,359,4
1414708748865373858,Studio Queen Gourmet | Placemakr Wall Street,420415528,1469908984443542334,Placemakr Wall Street,Manhattan,Financial District,40.705620,-74.005690,Entire home/apt,396,1,64,2026-07-16,4.44,22,231,53
1414728327286682158,Modern Apartment in Brooklyn,674135153,1470688195918703146,Vahe,Brooklyn,Sheepshead Bay,40.584260,-73.954510,Entire home/apt,260,2,24,2026-08-09,2.93,1,101,24
1415904760240240190,Deluxe Queen Bedded Room at The Artezen Hotel,501999278,1468058277289999419,RoomPicks,Manhattan,Financial District,40.709590,-74.008740,Hotel room,446,1,0,,,147,325,0
1415916235132452837,Petite Queen Bedded Room at The Artezen Hotel,501999278,1468058277289999419,RoomPicks,Manhattan,Financial District,40.709590,-74.008740,Hotel room,166,1,0,,,147,316,0
1415923607439958412,Charming Queen Bedded Room in Heart of the City,501999278,1468058277289999419,RoomPicks,Manhattan,Financial District,40.709590,-74.008740,Hotel room,446,1,0,,,147,325,0
1415923612343980107,Relax in a Spacious Room with Two Queen Beds,501999278,1468058277289999419,RoomPicks,Manhattan,Financial District,40.709590,-74.008740,Hotel room,384,1,0,,,147,326,0
1415923615360309112,Stylish Petite Queen Room in the Heart of the City,501999278,1468058277289999419,RoomPicks,Manhattan,Financial District,40.709590,-74.008740,Hotel room,166,1,0,,,147,316,0
1415933043250789397,Stylish New York Living! Minutes to Wall St!,496944100,1470236008567071749,RoomPicks,Manhattan,Financial District,40.709590,-74.008740,Private room,238,1,0,,,28,358,0
1415937583915633838,Spacious bedroom with ensuite in lovely home,15859890,1462972426351436863,Roca-Lisa,Manhattan,Harlem,40.804610,-73.951200,Private room,285,1,19,2026-08-06,1.79,1,203,19
1418262020426368596,Cozy Moroccan Vibes  -3BR 2BA- Groups 15 Min City,694789981,1470731124059352975,May,Queens,Astoria,40.769000,-73.934280,Entire home/apt,232,1,70,2026-07-26,5.83,2,337,70
1419551553934180284,Charming 3 Bedroom West Village Gem NYC,79281726,1466969209288067314,Jacob,Manhattan,West Village,40.734160,-74.007440,Entire home/apt,1124,1,22,2026-08-08,3.00,1,269,22
1419650368848607106,1-Bedroom Hotel Suite + Connecting Room - 2 beds,574270535,1470568222887016130,Jeanna,Manhattan,Financial District,40.705275,-74.007506,Private room,2963,1,0,,,20,117,0
1419650800065575808,2 Connecting Hotel Suites + Room,574270535,1470568222887016130,Jeanna,Manhattan,Financial District,40.705275,-74.007506,Private room,4192,1,0,,,20,117,0
1427614660860167615,Private peaceful room in the heart if Bushwick,200182757,1463140927040732075,Rosie,Brooklyn,Bushwick,40.700130,-73.922710,Private room,229,2,33,2026-05-17,2.30,1,343,24
1428281184578719792,Cozy RM Nr. JFK • UBS AR• Belmont PK• NYC Transit.,656924611,1470650503565483889,Abundant Seed,Queens,Rosedale,40.654390,-73.734500,Private room,210,1,6,2026-07-19,0.45,2,365,4
1429444642169000049,The Gatsby Apartment,589221542,1468323964260712835,Alex,Manhattan,Midtown,40.755078,-73.981057,Entire home/apt,332,1,66,2026-07-19,4.64,8,158,60
1430407400138248992,Cozy Suite next to Bayside LIRR,68950091,1466852460222725592,Xiaojie,Queens,Bayside,40.763390,-73.772830,Private room,171,3,9,2026-07-19,0.65,1,165,7
1440467235057811943,Cozy Bedroom for SOLO travelers only in Canarsie,161138236,1468567873628452522,Latoya,Brooklyn,Canarsie,40.636630,-73.889390,Private room,165,1,12,2026-08-09,1.00,2,365,12
1440470238104217566,Comfy Bedroom for SOLO travelers only in Canarsie,161138236,1468567873628452522,Latoya,Brooklyn,Canarsie,40.637110,-73.890540,Private room,165,1,24,2026-08-03,1.92,2,342,23
1440626318113722701,Minutes to Bay Ridge + Free Breakfast & Gym,699517677,1470740846668935631,Avid Hotel Brooklyn - Dyker Heights,Brooklyn,Fort Hamilton,40.617660,-74.023220,Private room,181,1,78,2026-08-04,6.39,2,241,78
1440628003355346767,Near Dyker Park + Free Wi-Fi. Breakfast. Gym.,699517677,1470740846668935631,Avid Hotel Brooklyn - Dyker Heights,Brooklyn,Fort Hamilton,40.617640,-74.021860,Private room,192,1,54,2026-08-07,4.46,2,217,54
1442195528784426308,Charming 2BR at the Mansfield,589221542,1468323964260712835,Alex,Manhattan,Midtown,40.755078,-73.981057,Entire home/apt,355,1,46,2026-07-23,3.81,8,178,46
1442199871061591011,Cozy 2BR at the Mansfield,589221542,1468323964260712835,Alex,Manhattan,Midtown,40.756220,-73.980700,Entire home/apt,360,1,27,2026-08-09,2.38,8,167,27
1442237655047880641,4-Star Mystery Hotel in Harlem NYC + Rooftop Bar,700504059,1470742668113879926,Uptown Manhattan Hotel Harlem,Manhattan,Harlem,40.809747,-73.949558,Private room,285,1,66,2026-07-31,5.21,6,237,64
1442238191907446878,4-Star Mystery Hotel Near Apollo Theater,700504059,1470742668113879926,Uptown Manhattan Hotel Harlem,Manhattan,Harlem,40.808830,-73.950570,Private room,290,1,0,,,6,240,0
1442244932392719267,Luxury 4-Star Mystery Hotel Near Apollo Theater,700504059,1470742668113879926,Uptown Manhattan Hotel Harlem,Manhattan,Harlem,40.809772,-73.949515,Private room,423,1,6,2025-10-07,0.48,6,234,4
1442245078847803261,4-Star Mystery Hotel in Harlem + Rooftop Bar,700504059,1470742668113879926,Uptown Manhattan Hotel Harlem,Manhattan,Harlem,40.809763,-73.949542,Private room,182,1,43,2026-07-17,3.46,6,224,42
1442428955417081560,Rich & H home,44702385,1465663516401378635,Milienne,Brooklyn,Canarsie,40.644040,-73.895270,Private room,177,2,5,2026-01-02,0.55,1,222,5
1444916331249989136,Private Entry 1BR Suite | Bath+Balc+WFH,135529353,1468350574461170595,Jt,Brooklyn,Bushwick,40.694320,-73.923750,Private room,252,1,0,,,2,39,0
1430548108982598861,Private Entry 2BR Suite | Bath+Balc+WFH,135529353,1468350574461170595,Jt,Brooklyn,Bushwick,40.694150,-73.924600,Private room,297,1,0,,,2,39,0
1430810758028525018,"King Bed 15 mins from JFK, early luggage drop off",139102337,1468379412705837718,Yosimar,Brooklyn,East New York,40.675257,-73.879405,Private room,113,2,65,2026-08-03,5.84,1,157,65
1431163615429546746,Astoria's Peaceful Retreat,698024848,1470737792754090581,John,Queens,Ditmars Steinway,40.774850,-73.901930,Entire home/apt,604,3,6,2026-07-28,0.81,1,134,6
1431223852948407524,Timeless Manhattan/New York Stay,49038956,1465745896480134149,Hasbi,Manhattan,Midtown,40.753970,-73.980250,Entire home/apt,217,1,47,2026-08-02,3.48,1,164,43
1431407794447217629,Steps from Times Square + Gym. Bar. Restaurant.,696765497,1470735196490247327,The Gallivant Times Square,Manhattan,Theater District,40.760620,-73.986359,Private room,204,1,195,2026-08-05,14.52,3,205,174
1431409034032225474,Near Broadway Theaters + Gym. Bar. Restaurant.,696765497,1470735196490247327,The Gallivant Times Square,Manhattan,Theater District,40.760620,-73.986359,Private room,212,1,68,2026-06-12,5.06,3,216,57
1431409789277682529,Near Times Square + Fitness. Bar. Restaurant.,696765497,1470735196490247327,The Gallivant Times Square,Manhattan,Theater District,40.760620,-73.986359,Private room,219,1,32,2026-06-03,2.43,3,216,20
1434058157431098290,Spacious Garden Apartment + Parking · 17 Min NYC,9872191,1462825783951689368,Ria,Brooklyn,Bushwick,40.704180,-73.928620,Entire home/apt,431,2,24,2026-08-02,1.80,1,150,22
1437050379697065080,Newly Renovated 2BR w/ Backyard,141000707,1468393962343714808,Hallie,Manhattan,Harlem,40.824237,-73.947842,Entire home/apt,334,2,18,2026-07-20,1.76,11,298,18
1438686431347188407,Astoria Park- 30 min to Times Sq,30428908,1465447613120602252,Mary,Queens,Astoria,40.773560,-73.927580,Private room,145,2,59,2026-07-28,4.77,1,171,58
1438751951893747692,"Cozy Bedroom in Elmhurst, Queens, NYC",660242051,1470657826217938973,Danny,Queens,Elmhurst,40.732920,-73.875680,Private room,90,1,77,2026-08-02,6.45,2,119,77
1445696452324669276,TRYP NYC | Queen Room | Walk to Broadway,699580639,1470740962707777979,TRYP By Wyndham,Manhattan,Hell's Kitchen,40.753830,-73.994600,Hotel room,263,1,0,,,16,341,0
1445696473007645335,Queen Room | TRYP NYC | Walk to Empire State,699580639,1470740962707777979,TRYP By Wyndham,Manhattan,Hell's Kitchen,40.753827,-73.994604,Hotel room,263,1,0,,,16,341,0
1445696483060035158,TRYP NYC | Theatre Room | near Rockefeller,699580639,1470740962707777979,TRYP By Wyndham,Manhattan,Hell's Kitchen,40.753827,-73.994604,Hotel room,464,1,0,,,16,349,0
1445696744543625051,Theatre Room | TRYP NYC | near Broadway,699580639,1470740962707777979,TRYP By Wyndham,Manhattan,Hell's Kitchen,40.753830,-73.994600,Hotel room,464,1,0,,,16,349,0
1445719574886394263,Brownstone 2 Bed with Private Backyard near Subway,371087937,1469751104578418772,Jordan,Manhattan,Harlem,40.809819,-73.953926,Entire home/apt,414,1,55,2026-07-25,4.01,4,255,48
1445740822406503935,Snow Lion Modern House 2,507226339,1463858279077254211,Ngawang,Queens,East Elmhurst,40.761370,-73.881880,Private room,136,2,43,2026-08-02,3.39,2,311,42
1445745174936428035,Studio with Patio in Midtown!,458591926,1470064918608942709,Menachem,Manhattan,Midtown,40.751419,-73.970514,Entire home/apt,370,1,58,2026-07-26,4.48,10,268,54
1445754863489244460,2BR/2BA in Historic Brownstone near Subway,371087937,1469751104578418772,Jordan,Manhattan,Harlem,40.809819,-73.953926,Entire home/apt,358,1,63,2026-08-08,4.70,4,220,58
1445759297956899711,Bright 3BR Harlem Home w/ In-Unit Laundry,371087937,1469751104578418772,Jordan,Manhattan,Morningside Heights,40.810850,-73.954460,Entire home/apt,563,1,52,2026-07-23,3.81,4,214,45
1445763656580631954,3BR Brownstone near Subway & Columbia Uni,371087937,1469751104578418772,Jordan,Manhattan,Harlem,40.809819,-73.953926,Entire home/apt,805,1,66,2026-08-09,4.84,4,228,59
1446425676832802565,Charming Quiet Greenpoint Hideaway by the Park,12680397,1462893222646199660,Kapil,Brooklyn,Greenpoint,40.727240,-73.945490,Entire home/apt,850,2,13,2026-08-07,1.47,1,306,13
1446500799922513977,Cozy home away from home,22209629,1463174252233660296,Jennifer,Queens,St. Albans,40.698110,-73.759430,Private room,160,1,7,2026-02-16,0.75,1,23,7
1445169185870831358,Snow Lion Modern house 1,507226339,1463858279077254211,Ngawang,Queens,East Elmhurst,40.759570,-73.883440,Private room,142,1,49,2026-08-06,3.98,2,294,48
1445606729621497353,Stylish Stay in Trendy East Village,701818099,1470745143923042366,Casey,Manhattan,East Village,40.729490,-73.984600,Entire home/apt,563,2,54,2026-08-07,4.09,1,218,51
1445612393342741087,La Quinta Times Sq | King Room | near Fancy Dining,699580001,1468050291044747180,LaQuinta By Wyndham,Manhattan,Hell's Kitchen,40.755610,-73.993020,Hotel room,306,1,5,2026-07-26,0.55,12,324,5
1445612408017952547,King Room | La Quinta Times Sq | Free Breakfast,699580001,1468050291044747180,LaQuinta By Wyndham,Manhattan,Hell's Kitchen,40.755612,-73.993022,Hotel room,351,1,0,,,12,324,0
1445612470358206846,La Quinta Times Sq | Premier King | Free Breakfast,699580001,1468050291044747180,LaQuinta By Wyndham,Manhattan,Hell's Kitchen,40.755610,-73.993020,Hotel room,296,1,0,,,12,235,0
1445612474570459567,Premier King | La Quinta Times Sq | Near Broadway,699580001,1468050291044747180,LaQuinta By Wyndham,Manhattan,Hell's Kitchen,40.755610,-73.993020,Hotel room,340,1,0,,,12,235,0
1445649617929460280,Exclusive Studio 235 | Private Bathroom,401202937,1469841047362978348,Eliza,Manhattan,Midtown,40.747199,-73.987820,Entire home/apt,264,1,13,2026-07-23,1.19,70,139,13
1445657735989441446,Beekman Tower | 1BR Apt | Full Kitchen + View,699580416,1468058120603417537,Trademark Collection By Wyndham,Manhattan,Midtown,40.753370,-73.966160,Hotel room,370,1,4,2025-12-21,0.36,20,360,4
1445657738356846166,Residential Comfort | Beekman Tower | 1BR,699580416,1468058120603417537,Trademark Collection By Wyndham,Manhattan,Midtown,40.753369,-73.966156,Hotel room,370,1,6,2025-12-03,0.67,20,360,6
1445657756574873724,Beekman Tower | Queen Studio | Prime Location,699580416,1468058120603417537,Trademark Collection By Wyndham,Manhattan,Midtown,40.753369,-73.966156,Hotel room,397,1,0,,,20,355,0
1445657776864655659,Beekman Tower | Modern 2BR Apartment | Queens,699580416,1468058120603417537,Trademark Collection By Wyndham,Manhattan,Midtown,40.753369,-73.966156,Hotel room,676,1,1,2026-04-06,0.23,20,330,1
1445657778202805163,Modern 2BR Apartment | Beekman Tower | Rockfeller,699580416,1468058120603417537,Trademark Collection By Wyndham,Manhattan,Midtown,40.753370,-73.966160,Hotel room,676,1,31,2026-08-03,4.04,20,330,31
1445657883269221895,Studio with Kitchenette | Beekman Tower | Queen,699580416,1468058120603417537,Trademark Collection By Wyndham,Manhattan,Midtown,40.753370,-73.966160,Hotel room,397,1,5,2026-03-20,0.69,20,355,5
1445696399294548212,TRYP NYC | Double Room | near Times Square XP,699580639,1470740962707777979,TRYP By Wyndham,Manhattan,Hell's Kitchen,40.753827,-73.994604,Hotel room,296,1,0,,,16,358,0
1445696404107613174,Double Room | TRYP NYC | near Times Square,699580639,1470740962707777979,TRYP By Wyndham,Manhattan,Hell's Kitchen,40.753830,-73.994600,Hotel room,296,1,8,2026-07-23,1.76,16,358,8
1445696405031341358,TRYP NYC | 2 Double Rooms | near Grand Central,699580639,1470740962707777979,TRYP By Wyndham,Manhattan,Hell's Kitchen,40.753830,-73.994600,Hotel room,677,1,5,2026-07-04,1.28,16,350,5
1445696410573867233,Spacious Family Room | TRYP NYC | near UN HQ,699580639,1470740962707777979,TRYP By Wyndham,Manhattan,Hell's Kitchen,40.753830,-73.994600,Hotel room,554,1,0,,,16,365,0
1445696411392807849,TRYP NYC | King Room | near Bryant Park,699580639,1470740962707777979,TRYP By Wyndham,Manhattan,Hell's Kitchen,40.753830,-73.994600,Hotel room,263,1,0,,,16,350,0
1445696411752658886,2 Double Rooms | TRYP NYC | near Penn Station,699580639,1470740962707777979,TRYP By Wyndham,Manhattan,Hell's Kitchen,40.753830,-73.994600,Hotel room,591,1,1,2026-08-08,1,16,350,1
1445696415216918411,TRYP NYC | Spacious Family Room | Pets are Allowed,699580639,1470740962707777979,TRYP By Wyndham,Manhattan,Hell's Kitchen,40.753827,-73.994604,Hotel room,554,1,0,,,16,365,0
1445696426174864260,King Room | TRYP NYC | near Hudson Yards,699580639,1470740962707777979,TRYP By Wyndham,Manhattan,Hell's Kitchen,40.753827,-73.994604,Hotel room,263,1,0,,,16,350,0
1445696430547920817,TRYP NYC | Premium Room | Pets are Allowed,699580639,1470740962707777979,TRYP By Wyndham,Manhattan,Hell's Kitchen,40.753827,-73.994604,Hotel room,442,1,37,2026-07-28,2.85,16,365,36
1445696434553126741,Premium Room | TRYP NYC | near Dining & Shopping,699580639,1470740962707777979,TRYP By Wyndham,Manhattan,Hell's Kitchen,40.753830,-73.994600,Hotel room,442,1,1,2025-07-14,0.08,16,365,0
1445696449072619996,TRYP NYC | Premium Family Room | Near NY Fun,699580639,1470740962707777979,TRYP By Wyndham,Manhattan,Hell's Kitchen,40.753830,-73.994600,Hotel room,576,1,0,,,16,348,0
1445696452279972520,Premium Family Room | TRYP NYC | Pets are Welcome,699580639,1470740962707777979,TRYP By Wyndham,Manhattan,Hell's Kitchen,40.753830,-73.994600,Hotel room,576,1,1,2026-04-26,0.28,16,348,1
1450815755934215052,Cozy Private Apt near NYC|Family & Pet Friendly,466812400,1470104459592781144,Prince,Staten Island,Emerson Hill,40.604820,-74.131230,Entire home/apt,203,2,17,2026-07-21,1.41,1,324,17
1450849639842604845,1 Queen Suite + Kitchen (Brooklyn Brownstone),703312158,1463950851775780652,Michelle,Brooklyn,Prospect-Lefferts Gardens,40.659270,-73.959840,Private room,183,3,38,2026-07-29,3.06,1,15,36
1450861899050801088,Terrace Cosmo Suite,703317541,,,Manhattan,Hell's Kitchen,40.754350,-73.993910,Private room,249,1,0,,,15,257,0
1450862009572573155,Glamour King ADA w/Roll-in Shower,703317541,1470747860490399226,,Manhattan,Hell's Kitchen,40.754350,-73.993910,Private room,130,1,6,2026-06-15,0.08,15,357,1
1450862015713763959,Cosmo Suite,703317541,,,Manhattan,Hell's Kitchen,40.754350,-73.993910,Private room,139,1,0,,,15,310,0
1450862264571889884,Persona Queen,703317541,1470747860490399226,,Manhattan,Hell's Kitchen,40.754350,-73.993910,Private room,212,1,11,2026-08-01,1.33,15,312,11
1450862389017111948,Fashionista King ADA,703317541,1470747860490399226,,Manhattan,Hell's Kitchen,40.754350,-73.993910,Private room,184,1,181,2026-05-03,2.20,15,337,28
1450862435088144752,Starlet Queen,703317541,,,Manhattan,Hell's Kitchen,40.754350,-73.993910,Private room,179,1,57,2026-07-26,4.68,15,294,57
1450862535956936247,Fashionista King,703317541,1470747860490399226,,Manhattan,Hell's Kitchen,40.754350,-73.993910,Private room,212,1,687,2026-07-18,8.37,15,342,21
1450862564789069925,Cosmo King,703317541,,,Manhattan,Hell's Kitchen,40.754349,-73.993907,Private room,209,1,133,2026-06-12,1.63,15,323,8
1450862669308335601,Celebrity King,703317541,1470747860490399226,,Manhattan,Hell's Kitchen,40.754349,-73.993907,Private room,214,1,286,2026-07-19,3.78,15,363,89
1450862677011796837,Glamour King,703317541,,,Manhattan,Hell's Kitchen,40.754350,-73.993910,Private room,179,1,8,2026-07-12,0.67,15,338,8
1450862789827041443,Terrace King,703317541,,,Manhattan,Hell's Kitchen,40.754350,-73.993910,Private room,259,1,0,,,15,270,0
1450862807491682476,Terrace Cosmo King,703317541,,,Manhattan,Hell's Kitchen,40.754350,-73.993910,Private room,249,1,1,2026-01-07,0.14,15,284,1
1450862905400595640,Jewel Box Queen,703317541,,,Manhattan,Hell's Kitchen,40.754350,-73.993910,Private room,149,1,31,2026-02-13,0.39,15,268,7
1450919788753873992,Deluxe Room | Wyndham Chinatown | SoHo Edge,701076945,1470743721552518961,Wyndham Hotels And Resorts,Manhattan,Chinatown,40.717030,-73.995180,Hotel room,282,1,0,,,46,331,0
1450919791704510238,Wyndham Chinatown | Deluxe Room | Pets are Welcome,701076945,1470743721552518961,Wyndham Hotels And Resorts,Manhattan,Chinatown,40.717030,-73.995180,Hotel room,282,1,1,2025-11-03,0.11,46,331,1
1450919795723544446,Corner Room | Wyndham Chinatown | Pets Allowed,701076945,1470743721552518961,Wyndham Hotels And Resorts,Manhattan,Chinatown,40.717030,-73.995180,Hotel room,302,1,0,,,46,301,0
1450919805692746065,Wyndham Chinatown | Corner Room | near Fine Dining,701076945,1470743721552518961,Wyndham Hotels And Resorts,Manhattan,Chinatown,40.717030,-73.995180,Hotel room,302,1,0,,,46,301,0
1450995196068591769,Steps from Empire State and Madison Square Garden,702286239,1470746158055025147,U Hotel Fifth Avenue,Manhattan,Midtown,40.750090,-73.984240,Private room,260,1,62,2026-08-09,5.24,3,24,62
1450995364921845783,Midtown Manhattan Views & Empire State | Cafe,702286239,1470746158055025147,U Hotel Fifth Avenue,Manhattan,Midtown,40.749810,-73.983020,Private room,212,1,35,2026-08-08,3.06,3,48,35
1450995550281527896,Steps to Broadway & Empire State | Cafe On-site,702286239,1470746158055025147,U Hotel Fifth Avenue,Manhattan,Midtown,40.748210,-73.982920,Private room,222,1,0,,,3,84,0
1451393381226394142,Bed-Stuy Brownstone Room,134946389,1468345434963088664,Giovanni,Brooklyn,Bedford-Stuyvesant,40.684280,-73.938510,Shared room,134,3,45,2026-08-08,3.54,5,49,43
1451611826946710562,Brooklyn-Bed-Stuy - Spacious Room in 2BR Apartment,268450141,1469418928186832855,Josef,Brooklyn,Bedford-Stuyvesant,40.682700,-73.924380,Private room,230,1,9,2026-06-07,0.76,1,8,9
1452225185789323589,Walk to Times Square + Free Breakfast & Wi-Fi,703534928,1470748314023233184,La Quinta Times Square South,Manhattan,Hell's Kitchen,40.756130,-73.992160,Private room,263,1,84,2026-07-27,6.68,1,241,82
1452268203534205333,2BD Penthouse Weekly,176950173,1468713839790557670,AKA Central Park,Manhattan,Midtown,40.763650,-73.974900,Private room,1460,10,0,,,28,348,0
1452288237154452181,Sky Suite Weekly,176950173,1468713839790557670,AKA Central Park,Manhattan,Midtown,40.765230,-73.976810,Private room,1050,10,0,,,28,345,0
1452329397400400751,Sky Suite Daily,176950173,1468713839790557670,AKA Central Park,Manhattan,Midtown,40.765030,-73.974880,Private room,1260,5,0,,,28,345,0
1453066826493838112,Close to Times Square + Free Breakfast & Gym,701925782,1470745414265777267,Wingate By Wyndham Long Island City,Queens,Long Island City,40.755540,-73.943160,Private room,157,1,437,2026-08-08,35.15,3,236,436
1453066978477917309,Near Empire State Building + Free Breakfast & Gym,701925782,1470745414265777267,Wingate By Wyndham Long Island City,Queens,Long Island City,40.757620,-73.943130,Private room,196,1,316,2026-08-07,25.35,3,233,313
1453067132019105940,Close to Central Park + Free Breakfast & Gym,701925782,1470745414265777267,Wingate By Wyndham Long Island City,Queens,Long Island City,40.757650,-73.941540,Private room,432,1,0,,,3,238,0
1453238939941520779,Residence Whole Floor Dream Loft Penthou,680010460,1470700592886970650,Intern Immob,Manhattan,Chelsea,40.748240,-73.991970,Entire home/apt,1326,1,53,2026-07-26,3.95,7,289,50
1453924232294688678,Greenpoint Stunning condo near subway,488884446,1470200396463112861,Irin,Brooklyn,Greenpoint,40.725770,-73.939570,Entire home/apt,387,2,46,2026-08-02,4.50,15,41,46
1464067728209801953,Skylight Loft 2BR/2BA · Brooklyn · 35 minManhattan,13139842,1462904216461828567,Kimesha,Brooklyn,East Flatbush,40.641920,-73.944350,Entire home/apt,335,1,34,2026-08-03,3.11,1,236,34
1464112397290254376,Spacious 3 Bedroom Gem in Trendy Dumbo!,11445654,1465267646510050866,Greg,Brooklyn,DUMBO,40.702275,-73.989162,Entire home/apt,1238,2,33,2026-07-25,2.56,2,251,30
1464161204368731593,Steps to Wall St | Fitness + Dining & Bar On-site,556115366,1470483693653062777,M Social New York Downtown,Manhattan,Financial District,40.710360,-74.009520,Private room,311,1,0,,,13,190,0
1464858066098516175,JFK Retreat • King Bed + Ensuite • Self Check-In,553236316,1463877456242967722,Sandra,Queens,Springfield Gardens,40.664880,-73.750840,Private room,168,1,34,2026-08-09,3.24,2,343,34
1464936280528850009,"Cute, Cozy & Peaceful Private Room for Solo Guest",707220130,1470754739559929881,Leo,Queens,Sunnyside,40.737110,-73.925700,Private room,96,1,43,2026-07-25,4.98,1,192,43
1465046211091617103,1 Queen Bed,583453791,1470595314959067553,Baltic Hotel,Brooklyn,Gowanus,40.682620,-73.985530,Private room,399,1,14,2026-08-04,4.20,1,364,14
1465171285990073793,Luxury apartment with breathtaking view.,33827540,1466690428768312402,Alexander,Manhattan,Harlem,40.810910,-73.944010,Private room,390,1,37,2026-08-02,3.44,1,284,37
1466021902135995349,The Pearl-3BR+2 Bath Boutique Apartment (NYC),175768322,1468703950963391547,Financial District Luxury Apartments,Manhattan,Financial District,40.708430,-74.001730,Private room,674,1,31,2026-08-05,2.48,6,259,30
1447078348629341837,La Quinta NYC l Queen Room l Steps to Central Park,699580001,1468050291044747180,LaQuinta By Wyndham,Manhattan,Upper West Side,40.776274,-73.977626,Hotel room,360,1,2,2026-05-17,0.15,12,289,1
1447078353895776973,1 Double Bed l La Quinta NYC | Near Central Park,699580001,1468050291044747180,LaQuinta By Wyndham,Manhattan,Upper West Side,40.776270,-73.977630,Hotel room,210,1,20,2026-05-07,1.86,12,281,20
1447078355884471868,La Quinta NYC | 2 Executive Rooms | Near Broadway,699580001,1468050291044747180,LaQuinta By Wyndham,Manhattan,Upper West Side,40.776274,-73.977626,Hotel room,419,1,1,2025-11-09,0.11,12,275,1
1447078356354544226,2 Executive Rooms l La Quinta Inn l Near Broadway,699580001,1468050291044747180,LaQuinta By Wyndham,Manhattan,Upper West Side,40.776270,-73.977630,Hotel room,429,1,1,2026-02-02,0.16,12,283,1
1447078356690177195,La Quinta NYC | Double+Twin | Near Rockefeller Ctr,699580001,1468050291044747180,LaQuinta By Wyndham,Manhattan,Upper West Side,40.776274,-73.977626,Hotel room,331,1,3,2026-02-02,0.31,12,262,3
1447078378673763634,2 Double+Twin | La Quinta NYC | Near Rockefeller,699580001,1468050291044747180,LaQuinta By Wyndham,Manhattan,Upper West Side,40.776270,-73.977630,Hotel room,661,1,0,,,12,238,0
1447078382128586487,Wyndham Chinatown | Superior Room | Pet-friendly,701076945,1470743721552518961,Wyndham Hotels And Resorts,Manhattan,Chinatown,40.717030,-73.995180,Hotel room,312,1,0,,,46,314,0
1447078478544563993,La Quinta Inn l Executive Room l Near Times Square,699580001,1468050291044747180,LaQuinta By Wyndham,Manhattan,Upper West Side,40.776270,-73.977630,Hotel room,215,1,1,2025-11-11,0.11,12,284,1
1447078593478755926,La Quinta NYC l Queen Room l 2 Units,699580001,1468050291044747180,LaQuinta By Wyndham,Manhattan,Upper West Side,40.776270,-73.977630,Hotel room,631,1,2,2025-12-25,0.21,12,287,2
1447081099771876898,Superior Room | Wyndham Chinatown | near NY Fun,701076945,1470743721552518961,Wyndham Hotels And Resorts,Manhattan,Chinatown,40.717030,-73.995180,Hotel room,312,1,0,,,46,314,0
1447081101690855632,Wyndham Chinatown | 2 Superior Rooms | Pets,701076945,1470743721552518961,Wyndham Hotels And Resorts,Manhattan,Chinatown,40.717030,-73.995180,Hotel room,624,1,0,,,46,286,0
1447081103948386983,Wyndham Chinatown | Queen Room | Pet-friendly,701076945,1470743721552518961,Wyndham Hotels And Resorts,Manhattan,Chinatown,40.717030,-73.995180,Hotel room,243,1,1,2026-04-17,0.26,46,345,1
1447081104746250597,2 Superior Rooms | Wyndham Chinatown| Pets Allowed,701076945,1470743721552518961,Wyndham Hotels And Resorts,Manhattan,Chinatown,40.717030,-73.995180,Hotel room,624,1,1,2026-06-27,0.65,46,286,1
1447081104978785837,Wyndham Chinatown | Queen Room | Pets Allowed,701076945,1470743721552518961,Wyndham Hotels And Resorts,Manhattan,Chinatown,40.717030,-73.995180,Hotel room,263,1,0,,,46,318,0
1447081105468671269,Queen Room | Wyndham Chinatown | Dining Nearby,701076945,1470743721552518961,Wyndham Hotels And Resorts,Manhattan,Chinatown,40.717028,-73.995176,Hotel room,243,1,1,2026-08-08,1,46,345,1
1447081105916401458,Wyndham Chinatown | Queen Suite | Pets are Welcome,701076945,1470743721552518961,Wyndham Hotels And Resorts,Manhattan,Chinatown,40.717030,-73.995180,Hotel room,370,1,0,,,46,274,0
1447081105930778665,Queen Room | Wyndham Chinatown | City Core,701076945,1470743721552518961,Wyndham Hotels And Resorts,Manhattan,Chinatown,40.717030,-73.995180,Hotel room,263,1,0,,,46,318,0
1447081105977236801,Queen Suite | Wyndham Chinatown | near Attractions,701076945,1470743721552518961,Wyndham Hotels And Resorts,Manhattan,Chinatown,40.717028,-73.995176,Hotel room,424,1,0,,,46,274,0
1447081107836437059,Wyndham Chinatown | 2 Queen Rooms | Pets Allowed,701076945,1470743721552518961,Wyndham Hotels And Resorts,Manhattan,Chinatown,40.717030,-73.995180,Hotel room,702,1,0,,,46,203,0
1447081117008365116,Wyndham Chinatown | Executive Queen Room,701076945,1470743721552518961,Wyndham Hotels And Resorts,Manhattan,Chinatown,40.717030,-73.995180,Hotel room,302,1,0,,,46,322,0
1447081117235885933,Executive Queen Room | Wyndham Chinatown,701076945,1470743721552518961,Wyndham Hotels And Resorts,Manhattan,Chinatown,40.717028,-73.995176,Hotel room,302,1,0,,,46,322,0
1447081133414157569,2 Queen Rooms | Wyndham Chinatown | near SoHo,701076945,1470743721552518961,Wyndham Hotels And Resorts,Manhattan,Chinatown,40.717028,-73.995176,Hotel room,702,1,0,,,46,203,0
1447081134745301311,Exec Queen | Wyndham Chinatown | Pets are Welcome,701076945,1470743721552518961,Wyndham Hotels And Resorts,Manhattan,Chinatown,40.717030,-73.995180,Hotel room,321,1,0,,,46,327,0
1447081144779646730,Wyndham Chinatown | Exec Queen | near Famous SoHo,701076945,1470743721552518961,Wyndham Hotels And Resorts,Manhattan,Chinatown,40.717030,-73.995180,Hotel room,321,1,0,,,46,327,0
1447107855334931253,Peaceful Stay in Shared BK Home,26538740,1465368433994606040,Dani,Brooklyn,East Flatbush,40.638560,-73.929680,Private room,218,1,7,2026-08-02,0.75,1,83,7
1447110997294333061,Lovely Apt in Bushwick,9565632,1462817446425107794,Kristen,Brooklyn,Bushwick,40.691170,-73.915460,Private room,269,1,26,2026-07-11,2.27,1,115,26
1447141033729773267,Spacious Modern King Bed Suite & Private Bathroom,591423487,1470615653887102122,Meihua,Queens,Flushing,40.763550,-73.822690,Private room,153,2,14,2026-07-25,1.22,2,150,14
1447950645762636274,At Brooklyn Chinatown + Breakfast & Valet Parking,701153781,1470743924734711955,Insignia Hotel Brooklyn - NYC,Brooklyn,Sunset Park,40.636170,-74.009990,Private room,203,1,156,2026-07-31,12.28,1,240,153
1449864436164545201,Wyndham Chinatown | Queen | Near Brooklyn Bridge,701076945,1470743721552518961,Wyndham Hotels And Resorts,Manhattan,Chinatown,40.717028,-73.995176,Hotel room,334,1,0,,,46,326,0
1449864438073897249,Queen | Wyndham Chinatown | near Manhattan Bridge,701076945,1470743721552518961,Wyndham Hotels And Resorts,Manhattan,Chinatown,40.717030,-73.995180,Hotel room,292,1,1,2025-12-18,0.13,46,326,1
1456494393759965272,Steps from Central Park + Restaurant & Gym,703888327,1470748947533815778,The Shoreham Hotel,Manhattan,Midtown,40.763430,-73.976950,Private room,239,1,109,2026-08-03,8.54,2,222,93
1456494508404356616,Near 5th Ave Shops + Restaurant & Fitness Center,703888327,1470748947533815778,The Shoreham Hotel,Manhattan,Midtown,40.761500,-73.976600,Private room,925,1,88,2026-08-01,7.06,2,231,83
1456586441005764464,UES Modern 4-BR Suite W/ Balcony -Sleeps 10,704876296,1470750732328857013,UES NYC Botique Hotel,Manhattan,Upper East Side,40.765140,-73.967550,Private room,866,3,37,2026-08-08,2.79,2,64,35
1456596268460170611,UES Cozy 4BR Suite 2.5 bathrooms (sleeps 10),704876296,1470750732328857013,UES NYC Botique Hotel,Manhattan,Upper East Side,40.763750,-73.970290,Private room,599,2,37,2026-07-26,3.06,2,66,37
1466033561228042196,The New York Minute Apt -3 bedrooms (Sleeps 13),175768322,1468703950963391547,Financial District Luxury Apartments,Manhattan,Financial District,40.707750,-74.001730,Private room,574,1,36,2026-08-08,3.09,6,211,36
1466035587969264338,Harborfront 3BR - 2 Bathroom in FiDi (Sleeps 8),175768322,1468703950963391547,Financial District Luxury Apartments,Manhattan,Financial District,40.708140,-74.002230,Private room,574,2,42,2026-07-19,3.52,6,245,42
1466039043253442666,Seaport Gem - Brand New 3 bedroom 2 Bathroom (NYC),175768322,1468703950963391547,Financial District Luxury Apartments,Manhattan,Financial District,40.706650,-74.002060,Private room,807,3,35,2026-08-03,3.01,6,287,35
1466041124238767699,Luxury Apt- Downtown Manhattan (3 bed-2 bath),175768322,1468703950963391547,Financial District Luxury Apartments,Manhattan,Financial District,40.707880,-74.000620,Private room,612,2,39,2026-08-09,3.35,6,245,39
1466043233188993365,Designer Seaport Apartment - Sleeps 14,175768322,1468703950963391547,Financial District Luxury Apartments,Manhattan,Financial District,40.706270,-74.002230,Private room,1224,1,47,2026-07-23,4.04,6,257,47
1466098850423429094,Good Vibe Bushwick Retreat,38710538,1465578729834863939,Emily,Brooklyn,Bushwick,40.688550,-73.914730,Private room,271,2,28,2026-07-30,2.80,2,299,28
1466753504041060782,Brooklyn Living on Clinton Hill/Bed-Stuy border,694455,1462526442440364282,Joshua,Brooklyn,Bedford-Stuyvesant,40.685900,-73.956480,Entire home/apt,626,3,4,2026-07-19,2.00,1,65,4
1467382321760838215,*Private Rooftop Studio | Bushwick Brooklyn*,25161206,1468169664322728597,Christian,Brooklyn,Cypress Hills,40.680606,-73.904561,Entire home/apt,158,1,60,2026-08-09,5.10,1,8,60
1468270781825866679,Spacious 2BR with Workspace | Near 2/5 Subway,96173867,1468270782705967790,Sheldon,Brooklyn,East Flatbush,40.635550,-73.943430,Entire home/apt,354,3,2,2026-07-20,1.40,1,43,2
1468323963520281770,Elegant 2BR at the Mansfield,589221542,1468323964260712835,Alex,Manhattan,Midtown,40.755640,-73.982190,Entire home/apt,384,1,67,2026-08-05,5.66,8,146,67
1468389416630258313,Modern 1 Bedroom Unit in Dumbo NYC,11445654,1465267646510050866,Greg,Brooklyn,DUMBO,40.702287,-73.986104,Entire home/apt,299,2,30,2026-07-23,2.41,2,319,27
1469058067189140948,Seabreeze Escape,708379654,1469058068030195554,Cynthia,Queens,Far Rockaway,40.597610,-73.760430,Private room,112,2,17,2026-07-28,2.06,1,227,17
1469092428018770964,Greenpoint Gem,299366565,1469092428707017325,Cat & Vince,Brooklyn,Greenpoint,40.723970,-73.948380,Private room,282,1,14,2026-07-05,1.69,1,272,14
1470270602272744796,"Amazing/spacious in Queens, NY",43139418,1465640552331886810,Neil,Queens,Woodhaven,40.692931,-73.849556,Entire home/apt,349,2,56,2026-08-03,4.63,2,135,56
1470951975377645250,Near Empire State | Free Breakfast. Pet Friendly,707368009,1470951975864953439,Best Western Plus Soho,Manhattan,Chinatown,40.717370,-74.001530,Private room,282,1,29,2026-08-03,2.66,1,241,29
1470970363595307965,"Private Entrance Garden Suite, Bed-Stuy Brownstone",99764213,1470970364338150426,Philippe & Ellen,Brooklyn,Bedford-Stuyvesant,40.685380,-73.936820,Entire home/apt,199,1,3,2026-08-08,3,1,105,3
1471477705764577829,Stylish 2BR at the Mansfield,589221542,1468323964260712835,Alex,Manhattan,Midtown,40.756260,-73.981380,Entire home/apt,365,1,64,2026-08-02,5.70,8,130,64
1471483725986495874,Private 2BR at the Mansfield,589221542,1468323964260712835,Alex,Manhattan,Midtown,40.754490,-73.982180,Entire home/apt,389,1,48,2026-07-31,4.27,8,144,48
1471755036830708469,Cozy Bushwick Pad w/ Backyard,1331180,1462542972846106047,Jennifer,Brooklyn,Bushwick,40.684660,-73.913380,Private room,319,2,0,,,1,358,0
1471798918909441075,Wyndham Brooklyn | Stylish Premium | 2 Doubles,701076945,1470743721552518961,Wyndham Hotels And Resorts,Brooklyn,Sunset Park,40.651790,-74.004470,Hotel room,201,1,0,,,46,323,0
1471803929193388404,2 Doubles | Wyndham Brooklyn | Near Brooklyn Br,701076945,1470743721552518961,Wyndham Hotels And Resorts,Brooklyn,Sunset Park,40.651790,-74.004470,Hotel room,201,1,0,,,46,323,0
1471803929492020612,Premium King | Wyndham Brooklyn | near Brooklyn Br,701076945,1470743721552518961,Wyndham Hotels And Resorts,Brooklyn,Sunset Park,40.651786,-74.004466,Hotel room,214,1,0,,,46,342,0
1471803929887639307,Wyndham Brooklyn | Premium King | Pet-Friendly,701076945,1470743721552518961,Wyndham Hotels And Resorts,Brooklyn,Sunset Park,40.651786,-74.004466,Hotel room,245,1,0,,,46,342,0
1471803933891367591,2 Doubles | Wyndham Brooklyn | 2 Units,701076945,1470743721552518961,Wyndham Hotels And Resorts,Brooklyn,Sunset Park,40.651790,-74.004470,Hotel room,381,1,0,,,46,295,0
1471803935666570095,Wyndham Brooklyn | 2 Doubles | 2 Modern Rooms,701076945,1470743721552518961,Wyndham Hotels And Resorts,Brooklyn,Sunset Park,40.651790,-74.004470,Hotel room,436,1,0,,,46,295,0
1458192583013440104,Walk to Times Square | Free Breakfast. Wi-Fi.,699196946,1470740155142367012,Wingate Midtown South/5th Ave,Manhattan,Midtown,40.752000,-73.983560,Private room,270,1,55,2026-08-09,4.42,6,240,51
1458192746801011305,Midtown Escape | Near MSG. Breakfast. Wi-Fi.,699196946,1470740155142367012,Wingate Midtown South/5th Ave,Manhattan,Midtown,40.750640,-73.985110,Private room,234,1,23,2026-07-06,1.88,6,233,22
1458193187298642650,Steps to Bryant Park | Breakfast. Fast Wi-Fi.,699196946,1470740155142367012,Wingate Midtown South/5th Ave,Manhattan,Midtown,40.750560,-73.985230,Private room,194,1,1,2026-07-27,1,6,219,1
1458194087175317540,Manhattan Vibes | Near Landmarks. Modern Rooms.,699196946,1470740155142367012,Wingate Midtown South/5th Ave,Manhattan,Midtown,40.751520,-73.983170,Private room,261,1,0,,,6,201,0
1458194196318037862,Heart of NYC | Walk Everywhere. Free Breakfast.,699196946,1470740155142367012,Wingate Midtown South/5th Ave,Manhattan,Midtown,40.751590,-73.985060,Private room,290,1,2,2025-12-26,0.17,6,219,2
1458195098493201471,5th Ave Stay | Steps to Sights. Wi-Fi. Breakfast.,699196946,1470740155142367012,Wingate Midtown South/5th Ave,Manhattan,Midtown,40.749820,-73.984640,Private room,296,1,0,,,6,215,0
1458865933820118009,Astoria Private Room Near to Manhattan,294947030,1463402806930477268,Christian,Queens,Astoria,40.764190,-73.915100,Private room,211,1,12,2026-08-05,1.33,1,217,12
1459820882227442596,Beautiful Loft LES,705771115,1470752303768275748,Moshe,Manhattan,Lower East Side,40.719430,-73.982340,Entire home/apt,589,4,18,2026-07-15,2.20,1,117,18
1461158007621078077,Designer 2BR Stay in Brooklyn,248920963,1469319830033418381,Jason,Brooklyn,Midwood,40.610864,-73.957083,Private room,414,2,55,2026-07-28,4.32,1,303,52
1461582019124282870,Cozy Private Room Central Queens Location+wifi,300374938,1463413184212787750,Jhonnathan,Queens,Jackson Heights,40.756022,-73.867439,Private room,183,1,18,2026-08-02,1.86,1,73,18
1461985188927268092,Quiet Private Suite & Bath in the Heart of Harlem,48102261,1465726819037658053,Marcus,Manhattan,Harlem,40.810330,-73.952380,Private room,156,1,56,2026-08-10,4.68,1,214,56
1463041277691146419,Spacious Double Suite in UWS NYC | Full Kitchen,657467122,1470651762004048644,Number 1 Stays New York,Manhattan,Upper West Side,40.780710,-73.981030,Hotel room,1088,1,5,2026-01-14,0.58,16,38,5
1476817181656019657,Perfect for Groups: 5BR/3BA Duplex w Ping Pong,710564961,1476817182466516471,Emily,Brooklyn,Bushwick,40.683540,-73.910460,Entire home/apt,501,1,31,2026-08-06,4.27,1,294,31
1476970614270310151,Beautiful bedroom in Bushwick,38710538,1465578729834863939,Emily,Brooklyn,Bushwick,40.688350,-73.914580,Private room,218,2,27,2026-08-02,2.73,2,291,27
1472043864917536046,Luxury Room in Williamsburg,7572934,1462735564729544780,John,Brooklyn,Williamsburg,40.713880,-73.950060,Private room,408,1,8,2026-07-19,0.98,2,252,8
1472467314011497415,Wyndham Brooklyn | Exec 2 Doubles | Work Ready,701076945,1470743721552518961,Wyndham Hotels And Resorts,Brooklyn,Sunset Park,40.651786,-74.004466,Hotel room,255,1,0,,,46,344,0
1472467322077051814,Exec 2 Doubles | Wyndham Brooklyn | Near Sunset Pk,701076945,1470743721552518961,Wyndham Hotels And Resorts,Brooklyn,Sunset Park,40.651786,-74.004466,Hotel room,255,1,0,,,46,344,0
1472467332455238369,Wyndham Brooklyn | Executive King | Work Friendly,701076945,1470743721552518961,Wyndham Hotels And Resorts,Brooklyn,Sunset Park,40.651790,-74.004470,Hotel room,255,1,0,,,46,344,0
1472467332741939206,Executive King | Wyndham Brooklyn | Near Subway,701076945,1470743721552518961,Wyndham Hotels And Resorts,Brooklyn,Sunset Park,40.651790,-74.004470,Hotel room,255,1,0,,,46,344,0
1472467373286267838,Wyndham Brooklyn | Dlx 2 Doubles | near Top Spots,701076945,1470743721552518961,Wyndham Hotels And Resorts,Brooklyn,Sunset Park,40.651790,-74.004470,Hotel room,201,1,0,,,46,333,0
1472467378763761522,Dlx 2 Doubles | Wyndham Brooklyn | Near BK Spots,701076945,1470743721552518961,Wyndham Hotels And Resorts,Brooklyn,Sunset Park,40.651790,-74.004470,Hotel room,201,1,0,,,46,333,0
1472467382905440351,Wyndham Brooklyn | Dlx 2 Doubles | 2 Units,701076945,1470743721552518961,Wyndham Hotels And Resorts,Brooklyn,Sunset Park,40.651790,-74.004470,Hotel room,401,1,0,,,46,317,0
1472467391866610173,Dlx 2 Doubles | Wyndham Brooklyn | 2 Units,701076945,1470743721552518961,Wyndham Hotels And Resorts,Brooklyn,Sunset Park,40.651790,-74.004470,Hotel room,459,1,0,,,46,317,0
1472467395069591017,Wyndham Brooklyn | Deluxe King | Spacious Stay,701076945,1470743721552518961,Wyndham Hotels And Resorts,Brooklyn,Sunset Park,40.651790,-74.004470,Hotel room,232,1,2,2026-06-24,0.75,46,340,2
1472467397307729057,Wyndham Brooklyn | 2 Doubles | Family Stay,701076945,1470743721552518961,Wyndham Hotels And Resorts,Brooklyn,Sunset Park,40.651790,-74.004470,Hotel room,230,1,0,,,46,330,0
1472467402135821257,Deluxe King | Wyndham Brooklyn | BK Urban Stay,701076945,1470743721552518961,Wyndham Hotels And Resorts,Brooklyn,Sunset Park,40.651790,-74.004470,Hotel room,203,1,0,,,46,340,0
1472467420410094097,2 Doubles | Wyndham Brooklyn | 2 Units near BK Br,701076945,1470743721552518961,Wyndham Hotels And Resorts,Brooklyn,Sunset Park,40.651790,-74.004470,Hotel room,381,1,0,,,46,311,0
1472467428223472830,King Room | Wyndham Brooklyn | Near Subway,701076945,1470743721552518961,Wyndham Hotels And Resorts,Brooklyn,Sunset Park,40.651786,-74.004466,Hotel room,198,1,3,2026-02-15,0.26,46,281,3
1472467432091317722,Wyndham Brooklyn | King Room | Near Sunset Park,701076945,1470743721552518961,Wyndham Hotels And Resorts,Brooklyn,Sunset Park,40.651786,-74.004466,Hotel room,198,1,0,,,46,280,0
1473244546665877768,Wyndham Brooklyn | Exec 2 Doubles | 2 Units,701076945,1470743721552518961,Wyndham Hotels And Resorts,Brooklyn,Sunset Park,40.651790,-74.004470,Hotel room,509,1,0,,,46,343,0
1473245665876127334,Exec 2 Doubles | Wyndham Brooklyn | 2 Units,701076945,1470743721552518961,Wyndham Hotels And Resorts,Brooklyn,Sunset Park,40.651790,-74.004470,Hotel room,509,1,0,,,46,343,0
1473246932607149962,2 Doubles | Wyndham Brooklyn | near Harbor Edge,701076945,1470743721552518961,Wyndham Hotels And Resorts,Brooklyn,Sunset Park,40.651790,-74.004470,Hotel room,201,1,0,,,46,330,0
1473247826993443589,Wyndham Brooklyn | 2 Doubles | 2 Units near Go-Tos,701076945,1470743721552518961,Wyndham Hotels And Resorts,Brooklyn,Sunset Park,40.651790,-74.004470,Hotel room,381,1,0,,,46,311,0
1473271667847814576,Renovated Studio in Union Square,408979935,1463633576430998493,The Village House,Manhattan,Gramercy,40.734742,-73.986981,Entire home/apt,339,1,12,2026-06-30,0.98,39,161,11
1473509683950635551,Close to LGA Airport & train (7),401623107,1469842425718737218,Yaneth,Queens,Jackson Heights,40.753400,-73.884630,Private room,166,1,2,2026-07-31,2,1,325,2
1493738547915116739,Dominion Nesting Near JFK,532274057,1493738548611697459,Olawunmi,Queens,Laurelton,40.679672,-73.735652,Private room,127,1,21,2026-07-19,2.34,1,55,21
1496020459606912277,Cozy front room,158781381,1463004114264238517,Samuel Stephens,Brooklyn,East New York,40.661494,-73.890358,Private room,141,1,15,2026-07-20,1.87,3,351,15
1496456215702140002,Manhattan Group Stay | Private Yard + Theater Room,686674397,1470713964950111117,Romy,Manhattan,Harlem,40.824080,-73.953970,Entire home/apt,561,1,23,2026-08-09,7.11,5,231,23
1496474668256121537,Manhattan Group Stay | 4BR Unique Era-Themed Home,686674397,1470713964950111117,Romy,Manhattan,Harlem,40.826260,-73.952810,Entire home/apt,789,1,21,2026-08-06,6.85,5,307,21
1496483566620917012,"Private Manhattan Retreat | Sauna, Yard + King Bed",686674397,1470713964950111117,Romy,Manhattan,Harlem,40.824210,-73.954250,Entire home/apt,364,1,20,2026-08-09,6.38,5,297,20
1497179079411932242,Delightful Bedroom with 2 Bathrooms-15 min to City,715867162,1497179080431128771,Chu,Queens,Astoria,40.758422,-73.912513,Private room,192,1,15,2026-07-29,1.69,3,322,15
1498013936759190286,Superior King | Ravel Hotel | Balcony | Pool,699580416,1468058120603417537,Trademark Collection By Wyndham,Queens,Long Island City,40.754010,-73.948890,Hotel room,509,1,0,,,20,136,0
1498013942182445820,Ravel Hotel | Premier King | Ideal for NYC Fun,699580416,1468058120603417537,Trademark Collection By Wyndham,Queens,Long Island City,40.754010,-73.948890,Hotel room,519,1,0,,,20,132,0
1498013943044964114,Ravel Hotel | Superior King | Balcony | Pets,699580416,1468058120603417537,Trademark Collection By Wyndham,Queens,Long Island City,40.754008,-73.948890,Hotel room,509,1,21,2026-03-08,2.11,20,134,21
1498013953315467060,Premier King | Ravel Hotel | City Skyline View,699580416,1468058120603417537,Trademark Collection By Wyndham,Queens,Long Island City,40.754010,-73.948890,Hotel room,519,1,0,,,20,133,0
1498013953607812401,Ravel Hotel | 2 Queen | First Floor Convenience,699580416,1468058120603417537,Trademark Collection By Wyndham,Queens,Long Island City,40.754010,-73.948890,Hotel room,225,1,1,2026-06-04,0.44,20,110,1
1498013959699503776,Deluxe King | Ravel Hotel | Pool | In NYC Core,699580416,1468058120603417537,Trademark Collection By Wyndham,Queens,Long Island City,40.754008,-73.948890,Hotel room,149,1,0,,,20,121,0
1498013960232095872,Ravel Hotel | Deluxe King | Rooftop Pool,699580416,1468058120603417537,Trademark Collection By Wyndham,Queens,Long Island City,40.754010,-73.948890,Hotel room,149,1,0,,,20,122,0
1498013964485077966,2 Queen Beds | Ravel Hotel | Ground Floor Stay,699580416,1468058120603417537,Trademark Collection By Wyndham,Queens,Long Island City,40.754008,-73.948890,Hotel room,193,1,1,2025-10-29,0.10,20,110,1
1498013964968147045,2 Queen | Ravel Hotel | Balcony | Rooftop Pool,699580416,1468058120603417537,Trademark Collection By Wyndham,Queens,Long Island City,40.754008,-73.948890,Hotel room,237,1,1,2026-01-11,0.14,20,122,1
1498013966575264178,Ravel Hotel | 2 Queen Beds | Balcony Room,699580416,1468058120603417537,Trademark Collection By Wyndham,Queens,Long Island City,40.754008,-73.948890,Hotel room,237,1,24,2026-07-21,2.18,20,122,24
1498013977784317324,Ravel Hotel | Queen | Pool | near NYC Prime Spots,699580416,1468058120603417537,Trademark Collection By Wyndham,Queens,Long Island City,40.754008,-73.948890,Hotel room,236,1,0,,,20,124,0
1498013990732657868,Queen | Ravel Hotel | Pool | Short Drive from MoMA,699580416,1468058120603417537,Trademark Collection By Wyndham,Queens,Long Island City,40.754008,-73.948890,Hotel room,202,1,0,,,20,124,0
1498625205264606108,Exclusive Midtown Luxury | Step From Times Square!,663493259,1470665205371188891,Mitesh,Manhattan,Midtown,40.756338,-73.982217,Entire home/apt,761,1,29,2026-07-21,3.55,7,264,29
1498679473759685762,Elegant Midtown Haven | Stunning Views!,663493259,1470665205371188891,Mitesh,Manhattan,Midtown,40.756340,-73.982220,Entire home/apt,731,1,26,2026-07-24,3.26,7,285,26
1498686467269378872,Chic NYC Retreat | Beside Broadway & Iconic Sights,663493259,1470665205371188891,Mitesh,Manhattan,Midtown,40.756338,-73.982217,Entire home/apt,304,1,6,2026-07-10,2.73,7,311,6
1498688658072806526,Elegant NYC Haven  Walk to Broadway & Dinning!,663493259,1470665205371188891,Mitesh,Manhattan,Midtown,40.756338,-73.982217,Entire home/apt,332,1,25,2026-07-20,3.21,7,251,25
1499425403406544943,Spacious 2 bedroom close to LAG,716373446,1499425404062060819,Soria,Queens,East Elmhurst,40.764360,-73.861830,Entire home/apt,285,1,31,2026-07-29,3.46,1,341,31
1500662454975263506,Private Studio Apartment  in Union Square,408979935,1463633576430998493,The Village House,Manhattan,Gramercy,40.734742,-73.986981,Entire home/apt,308,1,23,2026-07-18,2.11,39,150,23
1478428115658381281,Walk to Penn Station & High Line + Renovated Rooms,709117489,1478428116187223945,Holiday Inn Manhattan 6th Avenue,Manhattan,Flatiron District,40.744340,-73.991330,Private room,245,1,193,2026-08-07,18.86,2,240,193
1478428633803894865,Prime Chelsea Location w/ Freshly Renovated Rooms,709117489,1478428116187223945,Holiday Inn Manhattan 6th Avenue,Manhattan,Chelsea,40.746470,-73.992020,Private room,315,1,241,2026-08-10,22.11,2,211,241
1479537436663374270,Elegant 1BR Retreat at Marmara Park Avenue,503205098,1470262338000096277,Silverdoor New York,Manhattan,Midtown,40.745409,-73.981610,Entire home/apt,379,7,0,,,10,45,0
1480480048164486842,"Suite, 5 Minute Uber to the Manhattan Ferry!",121739875,1480480048755778992,Julie And Nikki,Staten Island,New Brighton,40.642480,-74.091110,Private room,126,2,23,2026-07-23,2.48,1,175,23
1482261934766104249,Room Alpine in a house. Near JFK,660596611,1470658538223696480,Xiujin,Queens,Woodhaven,40.696600,-73.849380,Private room,114,1,56,2026-08-02,5.38,1,279,56
1483433670382751560,Work & Rest in Brooklyn!,712364271,1483433671044205891,Cherry,Brooklyn,Bedford-Stuyvesant,40.693570,-73.938570,Private room,326,1,3,2026-07-12,1.23,1,335,3
1484139243061749069,Brooklyn Oasis: 1 Bedroom near JFK Airport & Train,245548388,1484139243772426568,Alvarine,Brooklyn,East New York,40.669616,-73.879937,Private room,154,1,10,2026-08-02,2.61,1,284,10
1485619082770718395,"Arlo Midtown, Accessible king",712930458,,,Manhattan,Hell's Kitchen,40.755760,-73.993860,Private room,239,1,25,2026-08-01,2.94,4,270,25
1485619082774018172,"Arlo Midtown, King",712930458,1485619083375158364,,Manhattan,Hell's Kitchen,40.755760,-73.993860,Private room,219,1,108,2026-08-16,9.28,4,328,108
1485619228894770600,"Arlo Midtown, King urban",712930458,,,Manhattan,Hell's Kitchen,40.755760,-73.993860,Private room,269,1,87,2026-07-28,9.22,4,350,87
1485619252372164041,"Arlo Midtown, King city",712930458,1485619083375158364,,Manhattan,Hell's Kitchen,40.755760,-73.993860,Private room,219,1,132,2026-08-15,13.80,4,344,132
1486904675186519943,Modern Sleek Two Bedroom,713269209,1486904675917359158,Elie,Manhattan,Chelsea,40.746220,-73.992090,Private room,751,2,33,2026-08-02,3.03,1,150,33
1486919692120639080,Superior King,577725937,,,Manhattan,Midtown,40.761100,-73.969600,Private room,229,1,14,2026-06-27,1.44,4,365,14
1487071010445520883,Bay Ridge Gem+Stylish New Kitchen+Easy NYC Access,213341659,1487071011188802981,Niurka,Brooklyn,Bay Ridge,40.634340,-74.026240,Private room,551,2,25,2026-08-09,3.06,1,340,25
1487188203184316793,Large Room & Private Bathroom in shared guest home,20167162,1462612033475769081,Francoise,Staten Island,Randall Manor,40.640640,-74.096180,Private room,300,2,0,,,2,364,0
1500869000044461748,A Victorian Escape in Greenpoint Landmark District,716707567,1500869000742189374,Elvira,Brooklyn,Greenpoint,40.728360,-73.955810,Private room,343,2,3,2026-01-03,0.32,1,47,3
1501460290052830173,Full pod ADA,651521635,,,Manhattan,Hell's Kitchen,40.758390,-73.993100,Private room,143,1,66,2026-07-27,9.00,4,320,66
1501468082076634981,cozy room in fresh meadows,154960741,1462995208182580684,Anna Cy,Queens,Flushing,40.730030,-73.809830,Private room,80,4,10,2026-08-10,0.96,3,55,10
1501710876007052885,Apartment in Historic Brownstone • Garden Level,810026,1462514384792861624,Charles,Brooklyn,Prospect Heights,40.675780,-73.967500,Entire home/apt,497,2,26,2026-07-31,2.55,1,179,26
1502538937037462606,Room #3 In New York,702528655,1470746543078982869,Chang,Queens,Flushing,40.746490,-73.830800,Private room,98,1,50,2026-07-26,4.52,3,310,50
1502920389339897969,Exclusive Apartment 413 | Shared Bathroom,401202937,1469841047362978348,Eliza,Manhattan,Midtown,40.747084,-73.987854,Private room,218,1,7,2026-07-12,0.85,70,174,7
1503173104256265715,Private Room near J Train – Easy NYC Access,6313967,1462703288888141666,Virginia,Queens,Richmond Hill,40.697020,-73.837340,Private room,145,1,21,2026-07-26,2.61,1,284,21
1503712766916142792,4-Bedroom Upper West Side GEM Near the Park,538718769,1470415617009185721,Paola,Manhattan,Upper West Side,40.800580,-73.961610,Entire home/apt,538,1,29,2026-07-19,3.06,1,106,29
1504611220592528351,Cozy Private Room in Shared Home – Queens,418963813,1469903384697481228,Chunjie,Queens,Fresh Meadows,40.752320,-73.781490,Private room,120,2,13,2026-07-20,1.47,1,322,13
1505964560444414462,Stunning brand new apartment,88845433,1505964561134400645,Savannah,Brooklyn,Downtown Brooklyn,40.689980,-73.984460,Entire home/apt,332,1,34,2026-07-20,3.62,1,258,34
1507109173153866198,"Manhattan, Hamilton Heights, Private Workplace",3689034,1462637115902433368,Sam,Manhattan,Harlem,40.824190,-73.951640,Shared room,217,2,25,2026-08-04,2.79,1,289,25
1507722791870785364,"Cozy Brooklyn Stay w/ Parking, Backyard Near JFK",718420346,1507722792938213292,Magdaline,Brooklyn,Canarsie,40.634290,-73.893850,Private room,328,1,71,2026-08-10,7.17,1,281,71
1488416280925739704,"Soho 54 Hotel, Soho king ADA",713667722,1488416281427110131,,Manhattan,SoHo,40.723870,-74.005220,Private room,218,1,15,2026-05-25,1.31,9,274,15
1488416281637706670,"Soho 54 Hotel, Soho king",713667722,1488416281427110131,,Manhattan,SoHo,40.723867,-74.005217,Private room,189,1,26,2026-07-28,2.18,9,364,26
1488416387712523329,"Soho 54 Hotel, Soho king city view",713667722,1488416281427110131,,Manhattan,SoHo,40.723870,-74.005220,Private room,104,1,4,2026-07-27,0.34,9,281,4
1488416388004310116,"Soho 54 Hotel, Tribeca doubles",713667722,1488416281427110131,,Manhattan,SoHo,40.723870,-74.005220,Private room,104,1,5,2026-02-02,0.42,9,277,5
1488416489756723302,"Soho 54 Hotel, Tribeca doubles ADA",713667722,,,Manhattan,SoHo,40.723870,-74.005220,Private room,214,1,10,2026-07-02,1.08,9,242,10
1488416490936374982,"Soho 54 Hotel, Tribeca doubles - city view",713667722,,,Manhattan,SoHo,40.723870,-74.005220,Private room,161,1,12,2026-07-06,1.04,9,269,12
1488416598366547024,"Soho 54 Hotel, Tribeca doubles city view ADA",713667722,1488416281427110131,,Manhattan,SoHo,40.723870,-74.005220,Private room,265,1,2,2025-09-01,0.17,9,165,2
1488416598626005413,"Soho 54 Hotel, SoHo king suite with balcony",713667722,,,Manhattan,SoHo,40.723870,-74.005220,Private room,218,1,2,2025-11-10,0.17,9,262,2
1488416707979084497,"Soho 54 Hotel, Soho king suite with balcony ADA",713667722,,,Manhattan,SoHo,40.723870,-74.005220,Private room,218,1,2,2025-10-18,0.18,9,244,2
1488513572352207986,Private Double Queen Suite in Brooklyn Brownstone,2673934,1462604503557588045,Dmitri,Brooklyn,Bedford-Stuyvesant,40.684258,-73.942708,Entire home/apt,536,3,39,2026-08-09,3.49,1,289,39
1490455717837721919,Deluxe One Queen,555687103,1470481401772913761,,Manhattan,Theater District,40.757784,-73.983777,Private room,239,1,3,2026-07-19,0.30,15,281,3
1490739034620788089,Massive NYC Brownstone w/Patio,141000707,1468393962343714808,Hallie,Manhattan,Harlem,40.824240,-73.947840,Entire home/apt,1349,2,4,2026-05-19,0.45,11,285,4
1490826665021043645,Room # 2 in New York,702528655,1470746543078982869,Chang,Queens,Flushing,40.747880,-73.829360,Private room,98,1,53,2026-07-26,4.77,3,330,53
1490830536258207250,Room # 1 in New York,702528655,1470746543078982869,Chang,Queens,Flushing,40.747560,-73.829120,Private room,98,1,74,2026-07-26,6.69,3,315,74
1490920067578743480,Bright Corner Room with Mini Kitchen in Chelsea,514336590,1470313441502999132,Reservation,Manhattan,Chelsea,40.750570,-74.000370,Private room,186,1,6,2026-07-27,1.01,29,213,6
1491075962221939769,Bright Small Single – West 30th St NYC,514336590,1470313441502999132,Reservation,Manhattan,Chelsea,40.748480,-74.000150,Private room,181,1,9,2026-07-23,1.30,29,254,9
1491293613798487374,"The Quin, A Hilton  - Studio Plus - Stp",475709628,1470144570495804405,Bruce,Manhattan,Midtown,40.764740,-73.977380,Private room,517,1,0,,,8,240,0
1491324701388439718,"Hotel Hendricks, Deluxe king",714408607,1491324701805219840,,Manhattan,Midtown,40.751810,-73.984060,Private room,147,1,211,2026-08-16,18.14,9,363,211
1491324701840057798,"Hotel Hendricks, Deluxe queen",714408607,,,Manhattan,Midtown,40.751810,-73.984060,Private room,237,1,110,2026-08-08,9.73,9,351,110
1491324807753563528,"Hotel Hendricks, Deluxe doubles",714408607,,,Manhattan,Midtown,40.751813,-73.984059,Private room,271,1,15,2026-08-08,2.08,9,360,15
1491324902048715507,"Hotel Hendricks, Empire State View Queen",714408607,,,Manhattan,Midtown,40.751810,-73.984060,Private room,271,1,14,2026-07-13,1.69,9,356,14
1491324902947147091,"Hotel Hendricks, Empire State View king",714408607,1491324701805219840,,Manhattan,Midtown,40.751810,-73.984060,Private room,181,1,30,2026-08-14,3.41,9,361,30
1491325006637431252,"Hotel Hendricks, Empire State View Double",714408607,,,Manhattan,Midtown,40.751813,-73.984059,Private room,237,1,10,2026-05-17,1.16,9,346,10
1491325008610683401,"Hotel Hendricks, Empire State View Double Acces...",714408607,,,Manhattan,Midtown,40.751813,-73.984059,Private room,237,1,4,2026-05-25,0.52,9,360,4
1491325118696989239,"Hotel Hendricks, Empire State View King Accessible",714408607,,,Manhattan,Midtown,40.751810,-73.984060,Private room,237,1,9,2026-07-22,1.13,9,365,9
1491470087760734750,Astoria 3BR Home | Balcony | Near Manhattan,714464331,1491470088567800579,Marufa,Queens,Long Island City,40.760590,-73.939900,Entire home/apt,528,2,32,2026-08-02,3.22,1,257,32
1491611725842468210,In the heart of bay ridge,276094989,1491611726614337613,Ahmed,Brooklyn,Fort Hamilton,40.620021,-74.036261,Entire home/apt,328,1,5,2026-08-02,2.54,1,310,5
1508048540769510168,King,718488963,1508048396854882651,,Manhattan,Kips Bay,40.739830,-73.984250,Private room,296,1,12,2026-08-17,1.72,5,363,12
1508048784700339821,Premium Queen,718488963,1508048396854882651,,Manhattan,Kips Bay,40.739830,-73.984250,Private room,289,1,23,2026-08-09,2.53,5,358,23
1508048802826899354,Deluxe Queen,718488963,1508048396854882651,,Manhattan,Kips Bay,40.739830,-73.984250,Private room,361,1,2,2026-04-07,0.43,5,351,2
1507836716760168975,Standard King,566688414,1470523103464591087,The Melrose Hotel,Bronx,Mott Haven,40.815160,-73.915840,Private room,239,1,54,2026-08-05,5.61,2,336,54
1507837295010288432,Superior Queen,566688414,1470523103464591087,The Melrose Hotel,Bronx,Mott Haven,40.815160,-73.915840,Private room,239,1,14,2026-07-19,1.68,2,356,14
1508048397052367425,Deluxe Corner King,718488963,,,Manhattan,Kips Bay,40.739830,-73.984250,Private room,309,1,5,2026-08-01,0.75,5,364,5
1508048532215968646,Premium King,718488963,,,Manhattan,Kips Bay,40.739830,-73.984250,Private room,309,1,8,2026-07-13,2.11,5,364,8
1515511026092835789,Residence Terrace Dreaming,680010460,1470700592886970650,Intern Immob,Manhattan,Lower East Side,40.719770,-73.983570,Entire home/apt,1042,1,27,2026-07-22,2.98,7,311,27
1515839137692006900,Private suite in a beautiful Williamsburg house,16949133,1515839138321774427,Jose,Brooklyn,Williamsburg,40.709368,-73.947750,Private room,248,3,30,2026-07-14,3.04,1,44,30
1516003878001801506,Residence Family Dream Duplex in prime Midtown,680010460,1470700592886970650,Intern Immob,Manhattan,Midtown,40.757670,-73.969920,Entire home/apt,1043,1,36,2026-07-22,3.67,7,304,36
1516051496994524089,South Bronx Haven II,24194353,1465284461494618888,Nadege,Bronx,Longwood,40.817830,-73.898160,Private room,106,2,10,2026-05-23,1.23,3,85,10
1516146845492612450,2 BR Stylish Staten Home – Easy NYC Access,173267821,1463058631911897240,Eric & Jen,Staten Island,Westerleigh,40.622277,-74.138290,Private room,243,2,29,2026-08-10,3.03,1,307,29
1516957492123920288,McHHL,547107623,1470448211726182316,Marceline,Brooklyn,Canarsie,40.631905,-73.897575,Private room,192,1,9,2026-07-22,3.80,1,364,9
1517085784775464796,Spacious Bushwick Duplex Suite with Private Bath,1420715,1462517957694011902,Omar,Brooklyn,Bushwick,40.688608,-73.919139,Private room,168,2,40,2026-08-07,4.17,2,274,40
1517566301851660503,Superior queen,720701969,1517566302403912180,,Manhattan,Tribeca,40.715220,-74.009130,Private room,302,1,2,2026-07-20,0.22,5,317,2
1517566302321029004,Superior king,720701969,1517566302403912180,,Manhattan,Tribeca,40.715220,-74.009130,Private room,302,1,7,2026-06-07,0.80,5,355,7
1517566512607802958,"Smyth Tribeca, Superior double",720701969,1517566302403912180,,Manhattan,Tribeca,40.715220,-74.009130,Private room,308,1,1,2025-11-30,0.11,5,343,1
1517566647747766838,Deluxe king,720701969,1517566302403912180,,Manhattan,Tribeca,40.715220,-74.009130,Private room,302,1,4,2026-06-07,0.44,5,358,4
1517566695261885786,Deluxe corner king,720701969,,,Manhattan,Tribeca,40.715220,-74.009130,Private room,410,1,1,2025-12-03,0.12,5,335,1
1518103931677643407,The Serene Stay Near Manhattan | Walk to Train,219842734,1469159613644222934,Tele,Bronx,East Morrisania,40.829120,-73.890820,Entire home/apt,331,1,41,2026-08-03,4.36,1,225,41
1518427333465583788,Quiet&spacious room w/ private bathroom and patio,658358546,1518427334356456191,Maria,Brooklyn,Bushwick,40.700409,-73.922212,Private room,149,1,48,2026-07-26,6.00,1,235,48
1518883906353785375,Queen Room | Days Inn Chinatown | Free Breakfast,699579103,1470740959809754089,Days Inn By Wyndham,Manhattan,Chinatown,40.716410,-73.993640,Hotel room,165,1,25,2026-07-18,2.67,2,365,25
1518883908955906488,Days Inn Chinatown | Queen Room | Central Location,699579103,1470740959809754089,Days Inn By Wyndham,Manhattan,Lower East Side,40.718040,-73.991760,Hotel room,165,1,7,2026-06-01,0.78,2,365,7
1518948266694170753,Near Central Park | Rooftop Bar. Gym. Dining.,564475357,1470516336496057958,Le Meridien Central Park - NYC,Manhattan,Midtown,40.764260,-73.979540,Private room,495,1,0,,,7,134,0
1519183710370250930,Sweet Stay BK,439719962,1469985701481325450,Romuald,Brooklyn,East Flatbush,40.649740,-73.928070,Private room,445,1,26,2026-07-12,2.77,1,361,26
1510832015863197714,Private Guest Suite in Spacious Williamsburg Home,3285181,1462624841077317222,David,Brooklyn,Williamsburg,40.710970,-73.948640,Private room,367,3,0,,,1,358,0
1511741222316745021,Junior Suite,719352558,,,Manhattan,Hell's Kitchen,40.764520,-73.996000,Private room,188,1,0,,,11,346,0
1511741222663018426,Terrace Suite,719352558,,,Manhattan,Hell's Kitchen,40.764520,-73.996000,Private room,260,1,0,,,11,335,0
1511741803493440689,Premier Studio Room,719352558,1511741222941657042,,Manhattan,Hell's Kitchen,40.764520,-73.996000,Private room,332,1,4,2026-07-18,0.75,11,359,4
1511742042628842292,Accessible Hudson Suite,719352558,,,Manhattan,Hell's Kitchen,40.764520,-73.996000,Private room,260,1,0,,,11,290,0
1511742053311871134,Accessible Two Queen Deluxe Room,719352558,,,Manhattan,Hell's Kitchen,40.764520,-73.996000,Private room,188,1,0,,,11,334,0
1511742292572075125,Two Queen Deluxe Room,719352558,,,Manhattan,Hell's Kitchen,40.764520,-73.996000,Private room,188,1,0,,,11,354,0
1511742305705109041,King Room,719352558,1511741222941657042,,Manhattan,Hell's Kitchen,40.764520,-73.996000,Private room,152,1,7,2026-01-25,0.71,11,346,7
1511742536123637155,King Premier Room,719352558,1511741222941657042,,Manhattan,Hell's Kitchen,40.764520,-73.996000,Private room,278,1,3,2026-07-13,1.30,11,359,3
1511742538567907313,Hudson Suite,719352558,,,Manhattan,Hell's Kitchen,40.764520,-73.996000,Private room,161,1,1,2026-05-19,0.35,11,336,1
1511742962450777235,Accessible King Room,719352558,,,Manhattan,Hell's Kitchen,40.764520,-73.996000,Private room,188,1,1,2026-08-02,1,11,268,1
1512579860668358654,Elisha's Paradise & Resort via JFK unit 2 B,435891895,1463696371183447648,Elisha,Queens,Rosedale,40.654080,-73.741690,Private room,157,1,14,2026-08-09,1.69,2,179,14
1514051612573062087,Duplex Penthouse at Historic Mansfield Residence,710587002,1476882259525329888,Husyar,Manhattan,Midtown,40.754240,-73.982170,Entire home/apt,589,1,1,2026-06-26,0.64,37,243,1
1514562054561375716,Charming Bay Ridge Studio in a Prime Location,472603377,1470131495644496767,Emily And Saul,Brooklyn,Fort Hamilton,40.618810,-74.032382,Entire home/apt,125,1,31,2026-08-01,3.01,63,351,31
1515180255422060519,Luxurious Brooklyn Haven with Panoramic City Views,452661945,1470037298758853429,Dima,Brooklyn,Crown Heights,40.669350,-73.960010,Private room,573,1,23,2026-08-06,3.09,1,282,23
1515370744772432218,Residence 3 Giant Bedroom,680010460,1470700592886970650,Intern Immob,Manhattan,Hell's Kitchen,40.763770,-73.990520,Entire home/apt,571,1,36,2026-08-05,3.75,7,263,36
1521902811635943582,Four Bedroom Gourmet ADA (Room for 8),420415528,1469908984443542334,Placemakr Wall Street,Manhattan,Financial District,40.706020,-74.005580,Entire home/apt,1069,1,0,,,22,266,0
1521905819275516912,One Bedroom ADA,420415528,1469908984443542334,Placemakr Wall Street,Manhattan,Financial District,40.704090,-74.007190,Entire home/apt,471,1,0,,,22,309,0
1521914399463517283,One Bedroom premium Gourmet ADA,420415528,1469908984443542334,Placemakr Wall Street,Manhattan,Financial District,40.706040,-74.006690,Entire home/apt,621,1,0,,,22,315,0
1522193826397971629,New 2Bedroom/1Bath in Bklyn Mix of Style & Comfort,721571993,1522193827035156461,Deirdre,Brooklyn,Bedford-Stuyvesant,40.684342,-73.952811,Private room,537,3,7,2026-07-11,0.71,1,153,7
1522452046002204358,Prime NoMad Location + Breakfast & Rooftop Terrace,721510598,1522452046616167373,Lex Hotel NYC,Manhattan,Kips Bay,40.739840,-73.984010,Private room,186,1,52,2026-08-05,6.00,3,225,52
1520998536874803360,Accessible Large,561031867,,,Manhattan,Midtown,40.745870,-73.988230,Private room,269,1,1,2025-12-03,0.12,7,355,1
1521205566844373177,Royal Beach House. NYC’s best kept secret!,721517446,1521205567610798468,Marcia,Bronx,City Island,40.843740,-73.785120,Private room,552,1,3,2026-07-03,1.55,1,320,3
1521310964035046998,Designer Harlem Home | 4BR | Sleeps 12,704780864,1521310964840191673,Brendon,Manhattan,East Harlem,40.806180,-73.939190,Entire home/apt,519,1,20,2026-07-15,2.01,1,279,20
1521821280114893261,NYC Skyline Views | Dining. Fitness + River View,556115366,1470483693653062777,M Social New York Downtown,Manhattan,Financial District,40.711770,-74.011160,Private room,2063,1,1,2026-03-16,0.20,13,190,1
1521821524347376022,Overlooking Manhattan & Brooklyn Bridges | Dining,556115366,1470483693653062777,M Social New York Downtown,Manhattan,Financial District,40.712080,-74.010620,Private room,1395,1,0,,,13,190,0
1521862935961259342,Studio Plus ADA (Room for 4),420415528,1469908984443542334,Placemakr Wall Street,Manhattan,Financial District,40.706100,-74.006090,Entire home/apt,405,1,0,,,22,291,0
1521900334878114633,Three Bedroom Gourmet ADA (Room for 6),420415528,1469908984443542334,Placemakr Wall Street,Manhattan,Financial District,40.703860,-74.007550,Entire home/apt,983,1,0,,,22,261,0
1526295053080795071,Four Sisters Guest House 2,722658270,1526174403485938190,Sonam,Queens,Jackson Heights,40.756820,-73.870730,Private room,143,2,15,2026-07-28,1.82,2,332,15
1527563288418057875,Private Garden 2BR Steps to Subway & Prospect Park,722621886,1527563288948333726,Lielle,Brooklyn,Prospect-Lefferts Gardens,40.657610,-73.948680,Entire home/apt,453,1,27,2026-08-02,3.63,1,53,27
1527579762356671994,"Hotel AKA Nomad, Premium Empire Terrace Suite",722997828,1527579762974556083,,Manhattan,Midtown,40.745670,-73.984250,Private room,229,1,0,,,15,272,0
1527579762383383565,"Hotel AKA Nomad, NoMad Queen",722997828,1527579762974556083,,Manhattan,Midtown,40.745670,-73.984250,Private room,229,1,9,2026-08-01,1.42,15,270,9
1527579874838308007,"Hotel AKA Nomad, NoMad King",722997828,1527579762974556083,,Manhattan,Midtown,40.745670,-73.984250,Private room,229,1,8,2026-07-21,0.99,15,277,8
1527579905669310799,NoMad Double Accessible,722997828,,,Manhattan,Midtown,40.745670,-73.984250,Private room,328,1,0,,,15,224,0
1527579977703026950,"Hotel AKA Nomad, Premium NoMad King",722997828,1527579762974556083,,Manhattan,Midtown,40.745670,-73.984250,Private room,229,1,3,2026-07-16,0.29,15,284,3
1527580008326601505,Premium NoMad Corner King,722997828,1527579762974556083,,Manhattan,Midtown,40.745670,-73.984250,Private room,229,1,10,2026-07-05,1.02,15,282,10
1527580084382030460,Premium NoMad Queen with Balcony,722997828,,,Manhattan,Midtown,40.745670,-73.984250,Private room,328,1,3,2026-03-22,0.35,15,292,3
1527580127011729016,NoMad Double,722997828,,,Manhattan,Midtown,40.745670,-73.984250,Private room,328,1,1,2026-03-23,0.21,15,273,1
1527580202910335049,Premium NoMad King with Balcony,722997828,,,Manhattan,Midtown,40.745670,-73.984250,Private room,229,1,2,2026-05-14,0.29,15,269,2
1527580235970547131,Premium Empire State Room with Terrace,722997828,,,Manhattan,Midtown,40.745670,-73.984250,Private room,221,1,1,2026-03-08,0.19,15,268,1
1527580315558454695,NoMad Suite,722997828,1527579762974556083,,Manhattan,Midtown,40.745670,-73.984250,Private room,236,1,3,2026-02-27,0.42,15,281,3
1527580358156865252,NoMad Suite Accessible,722997828,,,Manhattan,Midtown,40.745670,-73.984250,Private room,328,1,0,,,15,259,0
1527580433449059637,Premium NoMad Suite,722997828,,,Manhattan,Midtown,40.745670,-73.984250,Private room,229,1,1,2026-03-25,0.21,15,285,1
1527580587847428305,Empire State Suite with Terrace,722997828,1527579762974556083,,Manhattan,Midtown,40.745670,-73.984250,Private room,168,1,0,,,15,282,0
1527580676701695194,"Hotel AKA Nomad, NoMad Room Accessible",722997828,1527579762974556083,,Manhattan,Midtown,40.745670,-73.984250,Private room,267,1,1,2026-01-05,0.13,15,264,1
1528937601912290652,One Bedroom Suite,719352558,1511741222941657042,,Manhattan,Hell's Kitchen,40.764520,-73.996000,Private room,278,1,1,2026-04-26,0.25,11,349,1
1529120218450956995,3BD/2.5 Bath Duplex w/ Multi-level Outdoor space,146650004,1468439345713081306,Carl,Brooklyn,Gowanus,40.667340,-73.994380,Private room,425,2,5,2026-08-03,1.72,1,63,5
1529368233105550708,"C-Cozy Room near airports, markets and transports.",723408014,1529368233858042464,Sonia,Queens,East Elmhurst,40.757141,-73.892973,Private room,120,1,25,2026-07-17,3.30,4,78,25
1529773579817541199,Private Room in Apartment shared with Host,723491231,1529773580566519607,Jasmine,Brooklyn,Bushwick,40.698740,-73.926880,Private room,243,1,14,2026-08-02,1.64,1,357,14
1529848797926738046,"Modern, Cozy Room w/ Private Bath",505114,1529404355895400549,Ren,Brooklyn,East New York,40.664270,-73.886900,Private room,103,1,41,2026-07-22,4.51,2,322,41
1529862229950417023,"Modern, Cozy Room w/ Dedicated Bath",505114,1529404355895400549,Ren,Brooklyn,East New York,40.664330,-73.886600,Private room,143,1,45,2026-07-23,4.91,2,294,45
1530553805896431235,*Private Apartment in Bushwick- Centrally Located*,59992818,1530553806885469065,Michael,Brooklyn,Bushwick,40.681584,-73.904026,Entire home/apt,213,1,28,2026-08-07,6.00,1,16,28
1530771359770574553,Lay near JFK,557151117,1470489697735447429,Giselle,Queens,Laurelton,40.668930,-73.744180,Entire home/apt,359,1,10,2026-07-26,3.45,1,176,10
1531332218027102349,"Jgstay - Times Square, Deluxe Queen",723860544,1531332218578667321,,Manhattan,Hell's Kitchen,40.760350,-73.987800,Private room,217,1,104,2026-08-13,10.20,5,338,104
1531332218364260545,"Jgstay - Times Square, Standard queen",723860544,1531332218578667321,,Manhattan,Hell's Kitchen,40.760350,-73.987800,Private room,146,1,130,2026-08-17,12.83,5,330,130
1531332429799526368,"Jgstay - Times Square, Standard king",723860544,,,Manhattan,Hell's Kitchen,40.760350,-73.987800,Private room,194,1,15,2026-07-28,1.76,5,346,15
1531332430675263057,"Jgstay - Times Square, Deluxe King",723860544,1531332218578667321,,Manhattan,Hell's Kitchen,40.760350,-73.987800,Private room,217,1,6,2026-06-14,0.72,5,328,6
1531332593395686616,"Jgstay - Times Square, Bunk twin",723860544,1531332218578667321,,Manhattan,Hell's Kitchen,40.760350,-73.987800,Private room,146,1,3,2026-07-26,1.34,5,318,3
1531638617353700697,A Kings room in Queens,164883120,1463029580886827376,Lion,Queens,Jamaica,40.695210,-73.797810,Private room,163,1,15,2026-06-13,1.99,1,310,15
1531973451292378459,Safe NYC Room • Host On-Site • Near 2/5/6 Subway,474713533,1470140441407062199,Elida,Bronx,Parkchester,40.837530,-73.867490,Private room,151,1,22,2026-08-03,2.68,2,333,22
1522452150378526697,In the Heart of Manhattan + Breakfast&Pet Friendly,721510598,1522452046616167373,Lex Hotel NYC,Manhattan,Kips Bay,40.739990,-73.982370,Private room,194,1,29,2026-07-28,3.31,3,239,29
1522517030737496324,Designers Upper East Side 2 Bedroom.,100256527,1467204013570028672,Maria,Manhattan,Upper East Side,40.775900,-73.953940,Entire home/apt,750,1,8,2026-07-28,1.58,2,170,8
1523145014560351965,Elegant 4BR Oasis in the Heart of West Village,715919390,1522655986946372185,Meatpacking Residences,Manhattan,West Village,40.738480,-74.006230,Private room,1074,2,3,2026-07-20,2.43,2,188,3
1523152238287585609,Chelsea Grand Suite | Modern 3BR,715919390,1522655986946372185,Meatpacking Residences,Manhattan,West Village,40.740130,-74.004990,Private room,599,2,30,2026-07-25,2.99,2,180,30
1523915056123375823,Bed-Stuy Comfort,655852336,1523915057085012534,Michael,Brooklyn,Bedford-Stuyvesant,40.678600,-73.943410,Private room,152,2,44,2026-08-07,4.41,2,68,44
1523925770382947888,Bed-Stuy Retreat,655852336,1523915057085012534,Michael,Brooklyn,Bedford-Stuyvesant,40.678600,-73.943410,Private room,128,2,46,2026-08-02,4.62,2,81,46
1524015758931421951,Private Room in Brooklyn near Train Station,722168055,1524015512023217169,Santiago,Brooklyn,Flatbush,40.638035,-73.951367,Private room,173,2,11,2026-07-21,1.33,2,322,11
1524633356004244203,Cozy Stay in Historic Bed-Stuy Brownstone,1996457,1462583694693633874,Lauren,Brooklyn,Bedford-Stuyvesant,40.685830,-73.930970,Entire home/apt,282,3,14,2026-06-14,1.58,1,249,14
1525732242824469414,Chic furnished room near Bryant Park & subways,710587002,1476882259525329888,Husyar,Manhattan,Midtown,40.755080,-73.981060,Entire home/apt,241,1,1,2026-07-25,1,37,21,1
1526139245891091932,Wingate LIC | 1 King Bed | Easy NYC Attractions,699581058,1471086451436867267,Wingate By Wyndham,Queens,Long Island City,40.756805,-73.942768,Hotel room,255,1,4,2026-03-11,0.56,6,276,4
1526139249393717191,1 King Bed | Wingate LIC | Near Manhattan Access,699581058,1471086451436867267,Wingate By Wyndham,Queens,Long Island City,40.756805,-73.942768,Hotel room,255,1,16,2026-06-05,1.79,6,276,16
1526139254132699314,King Suite | Wingate LIC | Spacious NYC Retreat,699581058,1471086451436867267,Wingate By Wyndham,Queens,Long Island City,40.756805,-73.942768,Hotel room,477,1,0,,,6,278,0
1526139297538997460,Wingate LIC | King Suite | Minutes to Midtown,699581058,1471086451436867267,Wingate By Wyndham,Queens,Long Island City,40.756805,-73.942768,Hotel room,454,1,0,,,6,279,0
1526139302568995407,2 Double Beds | Wingate LIC | Family NYC Stay,699581058,1471086451436867267,Wingate By Wyndham,Queens,Long Island City,40.756810,-73.942770,Hotel room,288,1,6,2026-03-18,0.64,6,274,6
1526139323276936775,Wingate LIC | 2 Double Beds | Close to Broadway,699581058,1471086451436867267,Wingate By Wyndham,Queens,Long Island City,40.756805,-73.942768,Hotel room,288,1,0,,,6,274,0
1526174402813763683,Four Sisters Guest House 1,722658270,1526174403485938190,Sonam,Queens,East Elmhurst,40.757651,-73.870298,Private room,149,2,25,2026-07-25,2.72,2,262,25
1526177620317871971,Bright Modern 3BR Home | BK,385266373,1526177621287434705,Tena,Brooklyn,Bedford-Stuyvesant,40.682290,-73.909870,Entire home/apt,387,1,40,2026-08-05,4.72,1,314,40
1532643125243039825,Comfort King Room,724163945,,,Manhattan,Hell's Kitchen,40.755980,-73.993240,Private room,189,1,9,2026-07-13,1.31,4,321,9
1532643310410226592,Superior King Room,724163945,1532643125311872189,,Manhattan,Hell's Kitchen,40.755980,-73.993240,Private room,209,1,1,2026-01-02,0.13,4,316,1
1532643314995604775,Superior Double Room,724163945,,,Manhattan,Hell's Kitchen,40.755980,-73.993240,Private room,309,1,10,2026-07-14,1.33,4,321,10
1532643474922732228,Comfort Double Room,724163945,1532643125311872189,,Manhattan,Hell's Kitchen,40.755980,-73.993240,Private room,299,1,38,2026-07-21,4.60,4,317,38
1532659699922936847,"Soho Grand Hotel, Selected by hotel",724169825,,,Manhattan,SoHo,40.722070,-74.004290,Private room,429,1,20,2026-07-05,2.13,1,2,20
1537600635632513997,"Home
2 Bedroom-2 Queen size bed",725281112,1537600636530077149,Norris,Queens,Rosedale,40.655398,-73.736178,Entire home/apt,386,2,28,2026-08-09,3.01,1,307,28
1537619640422995008,Terrace One Bedroom Suite,725003609,,,Manhattan,Midtown,40.760610,-73.970450,Private room,247,1,0,,,8,222,0
1537619659563740944,Two Bedroom Suite,725003609,,,Manhattan,Midtown,40.760610,-73.970450,Private room,329,1,0,,,8,349,0
1537750450361681269,Guest suite in Flatbush,358904256,1534163142810346716,Barry,Brooklyn,Flatbush,40.636790,-73.967750,Entire home/apt,339,2,9,2026-08-02,3.21,1,320,9
1538027825681734911,Luxury Duplex in Pelham Gardens,247085262,1516195865839578651,Trena,Bronx,Pelham Gardens,40.863275,-73.840919,Entire home/apt,246,3,0,,,1,325,0
1538375117550321563,Loft by Central Park,18057505,1462604702560447702,Michael,Manhattan,East Harlem,40.793320,-73.945610,Entire home/apt,435,1,30,2026-06-28,3.24,12,325,30
1538489467775026623,Central Park NYC Loft Fast Wifi 1st Floor,18057505,1462604702560447702,Michael,Manhattan,East Harlem,40.792120,-73.945180,Entire home/apt,319,1,16,2026-07-05,1.72,12,296,16
1538500531915622434,Central Park Garden | Private Backyard | Sleeps 6,18057505,1462604702560447702,Michael,Manhattan,East Harlem,40.791850,-73.945260,Entire home/apt,503,1,26,2026-07-26,2.90,12,292,26
1538519598445305897,Hosted NYC Private Room | Near I-95 & Subway 2·5·6,474713533,1470140441407062199,Elida,Bronx,Parkchester,40.836863,-73.868346,Private room,155,1,16,2026-08-02,4.10,2,329,16
1538651114089426102,East NY Urban Escape,550223317,1470460654786344061,KB & Rob,Brooklyn,East New York,40.662400,-73.892390,Private room,158,2,13,2026-06-21,2.20,3,60,13
1539377115363649225,Premium queen,725695483,1539377115868359868,,Manhattan,Hell's Kitchen,40.759218,-73.995539,Private room,342,1,138,2026-08-04,15.11,4,287,138
1539377352836665964,Premium queen view,725695483,,,Manhattan,Hell's Kitchen,40.759218,-73.995539,Private room,209,1,32,2026-06-26,5.16,4,324,32
1539377358930619563,Corner queen,725695483,,,Manhattan,Hell's Kitchen,40.759218,-73.995539,Private room,209,1,6,2026-07-24,0.77,4,310,6
1539377615822499851,Skyline view,725695483,,,Manhattan,Hell's Kitchen,40.759218,-73.995539,Private room,209,1,6,2026-07-20,1.12,4,324,6
1539959242799565655,"Spacious 2BR 1BA Home, 10-15 min to Manhattan!",536927924,1470408802156145926,Tate,Queens,Astoria,40.755930,-73.926400,Entire home/apt,571,1,21,2026-07-09,2.61,1,291,21
1540202482751167035,Cozy Brownstone Studio |Full Kitchen |Near Subway,141000707,1468393962343714808,Hallie,Manhattan,Harlem,40.828246,-73.946396,Entire home/apt,230,2,14,2026-07-28,2.36,11,346,14
1540213234408870368,Classic 3BR Brownstone Abode Near Subway,141000707,1468393962343714808,Hallie,Manhattan,Harlem,40.828246,-73.946396,Entire home/apt,576,2,15,2026-08-04,3.00,11,310,15
1540263156900082176,3BR | Manhattan | Brownstone | Close to Subway,141000707,1468393962343714808,Hallie,Manhattan,Harlem,40.828246,-73.946396,Entire home/apt,567,2,20,2026-08-02,3.39,11,345,20
1540876024394296694,Spacious 3BR Duplex by Subway,594003356,1540876025231915194,Sayem,Queens,Jamaica,40.710270,-73.782440,Entire home/apt,441,1,16,2026-08-06,2.73,1,319,16
1532754392237645472,Room selected by hotel,724201488,1532754392787624743,Moxy NYC East Village,Manhattan,East Village,40.731510,-73.989540,Private room,440,1,14,2026-07-20,1.69,1,2,14
1533363531757998349,Extra -Large Room in a Private House,704851880,1505418159656621524,Godwin,Brooklyn,Flatlands,40.618870,-73.926850,Private room,129,1,17,2026-08-09,4.15,1,354,17
1533448598948159299,"1 min walk to the train, 10 min ride to city",20513673,1463110163178588965,Vera,Queens,Sunnyside,40.743877,-73.916919,Private room,253,3,0,,,1,73,0
1536451490092872578,Private bedroom in 1870s brick row house,26379512,1465365500871033939,Sheila,Queens,Long Island City,40.743440,-73.953700,Private room,144,7,2,2026-04-21,0.44,2,10,2
1536614104725700878,"Private bedroom in Elmhurst, Queens, NYC",511241872,1487982959761801561,Tingting,Queens,Elmhurst,40.733530,-73.875070,Private room,130,1,27,2026-08-07,5.06,1,121,27
1536832094626154430,One Bedroom King Suite,725003609,1536832095120316829,,Manhattan,Midtown,40.760610,-73.970450,Private room,369,1,6,2026-08-01,0.65,8,365,6
1536832095193482598,Studio King Room,725003609,1536832095120316829,,Manhattan,Midtown,40.760610,-73.970450,Private room,369,1,8,2026-07-30,1.28,8,362,8
1536832424053231575,Studio with 2 Queen Beds,725003609,,,Manhattan,Midtown,40.760610,-73.970450,Private room,529,1,0,,,8,310,0
1536832430277709991,One Bedroom Suite 2 Queens,725003609,,,Manhattan,Midtown,40.760610,-73.970450,Private room,329,1,1,2026-07-08,0.86,8,361,1
1536832592286896296,Standard Room,725003609,1536832095120316829,,Manhattan,Midtown,40.760610,-73.970450,Private room,402,1,1,2026-07-01,0.58,8,348,1
1536832628820742687,Manhattan Suites,725003609,,,Manhattan,Midtown,40.760610,-73.970450,Private room,329,1,0,,,8,365,0
1537232848789148717,Modern Cozy Bedroom 2-B,371046050,1469750874545688366,Daniela,Bronx,Edenwald,40.890800,-73.841670,Private room,117,1,25,2026-08-07,2.99,2,288,25
1537265533360791019,Cozy Room 5N,725157694,1537043116033297976,Narinder,Queens,Springfield Gardens,40.666339,-73.770659,Private room,114,1,37,2026-07-25,5.29,2,356,37
1541867880223556441,The Petite Full,726179105,1541463804391285812,,Manhattan,Greenwich Village,40.732470,-73.996920,Private room,589,1,5,2026-07-30,1.07,8,235,5
1541867880647072917,The Full,726179105,1541463804391285812,,Manhattan,Greenwich Village,40.732470,-73.996920,Private room,349,1,8,2026-07-10,1.60,8,241,8
1541868170421837432,Petite Queen,726179105,1541463804391285812,,Manhattan,Greenwich Village,40.732470,-73.996920,Private room,269,1,3,2026-07-03,0.87,8,221,3
1541868198661530513,The Queen,726179105,,,Manhattan,Greenwich Village,40.732468,-73.996917,Private room,359,1,9,2026-07-17,1.52,8,260,9
1541868446020130817,ADA Standard Queen Room,726179105,1541463804391285812,,Manhattan,Greenwich Village,40.732470,-73.996920,Private room,349,1,1,2026-05-01,0.27,8,240,1
1541505600069815219,2br | Chefs Kitchen | Close to Subway,141000707,1468393962343714808,Hallie,Manhattan,Harlem,40.828252,-73.946395,Entire home/apt,368,2,21,2026-08-03,3.73,11,283,21
1544240785619626206,Accessible standard queen,726809828,,,Manhattan,Theater District,40.756890,-73.984900,Private room,135,1,20,2026-07-27,2.51,11,131,20
1544240785813581850,Accessible standard queen,726809828,1544240786126499633,,Manhattan,Theater District,40.756890,-73.984900,Private room,239,1,14,2026-08-16,2.63,11,129,14
1544241185621144254,NY city view from your room,726809828,,,Manhattan,Theater District,40.756890,-73.984900,Private room,135,1,31,2026-07-27,3.62,11,227,31
1544241374054445986,Deluxe king and city views,726809828,1544240786126499633,,Manhattan,Theater District,40.756890,-73.984900,Private room,239,1,40,2026-08-09,4.49,11,223,40
1544241381610476008,Deluxe city view king,726809828,,,Manhattan,Theater District,40.756890,-73.984900,Private room,135,1,10,2026-07-05,1.30,11,142,10
1544241809504772108,Standard 2 doubles,726809828,1544240786126499633,,Manhattan,Theater District,40.756890,-73.984900,Private room,239,1,49,2026-08-16,5.95,11,315,49
1544242021202874561,Standard king,726809828,1544240786126499633,,Manhattan,Theater District,40.756890,-73.984900,Private room,239,1,26,2026-08-15,4.43,11,226,26
1544242029077853689,Standard queen,726809828,1544240786126499633,,Manhattan,Theater District,40.756890,-73.984900,Private room,239,1,47,2026-08-17,9.10,11,225,47
1544242225370095997,Superior 2 doubles,726809828,,,Manhattan,Theater District,40.756890,-73.984900,Private room,143,1,25,2026-07-27,3.11,11,235,25
1544242229855240027,Superior queen,726809828,,,Manhattan,Theater District,40.756890,-73.984900,Private room,135,1,7,2026-07-26,1.54,11,202,7
1544242426389458434,Superior king,726809828,,,Manhattan,Theater District,40.756890,-73.984900,Private room,135,1,9,2026-08-08,1.05,11,225,9
1544302188728814858,Deluxe Two Queen Beds,726826184,1544302189279903734,,Manhattan,Hell's Kitchen,40.763370,-73.985810,Private room,259,1,13,2026-07-28,1.49,3,363,13
1544302188750950080,Deluxe King,726826184,1544302189279903734,,Manhattan,Hell's Kitchen,40.763370,-73.985810,Private room,259,1,8,2026-07-20,0.86,3,358,8
1544361898114269373,"The Knickerbocker Hotel, Selected by hotel",726840919,1544361898633617309,The Knickerbocker,Manhattan,Theater District,40.755583,-73.986270,Private room,309,1,16,2026-07-19,2.22,1,285,16
1544385234815642440,Executive Room - King,726846020,1544385235252138143,,Manhattan,Theater District,40.756985,-73.984628,Private room,194,1,2,2026-07-30,0.28,5,311,2
1544385235823543368,Deluxe Room - Queen,726846020,,,Manhattan,Theater District,40.756985,-73.984628,Private room,221,1,2,2026-01-02,0.23,5,325,2
1544385566184172551,Executive Room - Queen,726846020,1544385235252138143,,Manhattan,Theater District,40.756985,-73.984628,Private room,329,1,0,,,5,311,0
1544385584082129185,Premier Suite -  King,726846020,,,Manhattan,Theater District,40.756985,-73.984628,Private room,221,1,0,,,5,322,0
1544385777073297081,Premier Suite -  Queen,726846020,1544385235252138143,,Manhattan,Theater District,40.756985,-73.984628,Private room,280,1,1,2026-01-22,0.14,5,298,1
1544395411912206812,Luxe queen,726848132,1544395412470991762,Westgate New York Grand Centra,Manhattan,Murray Hill,40.749430,-73.971970,Private room,213,1,14,2026-08-03,1.79,1,342,14
1544981539576257356,Pet friendly•spacious• easy parking/transit,726956264,1544981540173956857,Johanna Y,Bronx,Morris Park,40.853558,-73.858881,Private room,269,2,1,2026-04-26,0.28,1,87,1
1545138058110124108,JFK Room 1A,594783954,1470623898668790047,Aj,Queens,Springfield Gardens,40.678312,-73.762047,Private room,97,1,13,2026-07-24,1.74,4,357,13
1545724299816195855,Queen with twin,709566929,1473199217068469112,Hotel,Brooklyn,Bedford-Stuyvesant,40.694270,-73.931070,Private room,299,1,154,2026-08-04,26.25,1,344,154
1545780467549214924,Cozy and Charming Bedroom with 2 Shared Bathrooms,715867162,1497179080431128771,Chu,Queens,Astoria,40.757600,-73.912090,Private room,201,3,15,2026-06-25,1.81,3,292,15
1545939958091546106,"Quiet, Cozy & Relaxing Private Single Room in NYC",727186987,1545939958870571512,Mike,Queens,Sunnyside,40.736900,-73.923680,Private room,97,1,21,2026-07-22,4.29,1,224,21
1547148998709200936,East Williamsburg 4 Bed Home with a Separate Suite,667181872,1547148999359276167,Haci,Brooklyn,Williamsburg,40.711330,-73.943660,Entire home/apt,334,1,18,2026-08-05,3.46,1,238,18
1547281047380034646,Welcome/Bienvenu! Private Suite,5240836,1462676156579098291,Nora,Bronx,Concourse,40.820840,-73.929230,Private room,174,2,18,2026-08-02,3.05,3,61,18
1547316215468994704,Skyline penthouse,727534791,,,Manhattan,Upper West Side,40.782130,-73.980610,Private room,246,1,0,,,10,310,0
1547316215522461103,Standard king,727534791,,,Manhattan,Upper West Side,40.782130,-73.980610,Private room,246,1,5,2026-07-18,0.57,10,336,5
1547316511547629858,Chic 2BR with Private Patio,5654343,1462686082797303669,Anja,Queens,Ridgewood,40.706940,-73.910650,Entire home/apt,302,2,18,2026-08-02,5.05,1,328,18
1547316534926680355,Standard queen,727534791,1547316216016955875,,Manhattan,Upper West Side,40.782130,-73.980610,Private room,246,1,11,2026-07-31,1.75,10,347,11
1547316538857388549,NY studio with terrace,727534791,,,Manhattan,Upper West Side,40.782130,-73.980610,Private room,263,1,1,2026-05-18,0.35,10,337,1
1547316788940423499,"ArtHouse Hotel New York City, Loft with terrace",727534791,,,Manhattan,Upper West Side,40.782130,-73.980610,Private room,263,1,2,2026-04-18,0.40,10,331,2
1552154804491704543,Queen pod plus,595011883,,,Brooklyn,Williamsburg,40.715200,-73.959090,Private room,152,1,3,2026-06-23,0.41,4,320,3
1541868446920187247,The Queen Deluxe,726179105,,,Manhattan,Greenwich Village,40.732470,-73.996920,Private room,429,1,5,2026-07-24,1.06,8,259,5
1541868693749271503,The Twin,726179105,,,Manhattan,Greenwich Village,40.732470,-73.996920,Private room,399,1,1,2026-02-12,0.17,8,220,1
1541868695180868759,The Penthouse Suite East,726179105,,,Manhattan,Greenwich Village,40.732470,-73.996920,Private room,399,1,0,,,8,231,0
1542061977122097463,Entire Apartment* sleeps 6,678727558,1470697851460819429,Nestel,Manhattan,Midtown,40.748030,-73.986790,Entire home/apt,355,1,5,2026-08-09,1.15,5,201,5
1542114861635439999,"Room with Kitchen in Chelsea 1, Shared Bathroom",408979935,1463633576430998493,The Village House,Manhattan,Chelsea,40.749861,-73.997179,Entire home/apt,168,1,19,2026-07-27,2.07,39,174,19
1542115439204695052,"Room in Chelsea 2 with Kitchen,  Shared Bathroom",408979935,1463633576430998493,The Village House,Manhattan,Chelsea,40.749861,-73.997179,Entire home/apt,168,1,7,2026-07-17,0.93,39,181,7
1542501147208305929,Gowanus Fortune private room-4 mins walk to subway,40917125,1465608997573042263,Sharon,Brooklyn,South Slope,40.668770,-73.985990,Private room,158,1,32,2026-08-09,5.36,1,41,32
1542712522226003194,Single king,710176333,1475433518695521268,⁨Hotel 1200⁩,Brooklyn,Bedford-Stuyvesant,40.692160,-73.927010,Private room,362,1,82,2026-08-07,9.88,3,341,82
1542713047335807124,Double queen,710176333,1475433518695521268,⁨Hotel 1200⁩,Brooklyn,Bedford-Stuyvesant,40.692160,-73.927010,Private room,309,1,38,2026-07-12,4.60,3,341,38
1542742764643345661,1 King Bed,726475637,1542742765297048855,,Manhattan,Hell's Kitchen,40.756120,-73.991740,Private room,206,1,97,2026-08-17,10.17,7,349,97
1542742764891211372,1 King Bed Accessible,726475637,,,Manhattan,Hell's Kitchen,40.756120,-73.991740,Private room,206,1,23,2026-08-01,2.70,7,341,23
1542743064242035044,1 King Bed Deluxe,726475637,1542742765297048855,,Manhattan,Hell's Kitchen,40.756120,-73.991740,Private room,206,1,78,2026-08-17,8.51,7,352,78
1542743069241505378,1 King Bed Deluxe Balcony,726475637,,,Manhattan,Hell's Kitchen,40.756120,-73.991740,Private room,206,1,7,2026-07-26,0.93,7,352,7
1542743359626510019,2 Double Beds,726475637,1542742765297048855,,Manhattan,Hell's Kitchen,40.756120,-73.991740,Private room,305,1,68,2026-08-17,7.26,7,348,68
1542743365902195247,2 double beds accessible,726475637,,,Manhattan,Hell's Kitchen,40.756120,-73.991740,Private room,206,1,16,2026-08-06,1.94,7,147,16
1542743646453727669,2 Double Beds Deluxe,726475637,1542742765297048855,,Manhattan,Hell's Kitchen,40.756120,-73.991740,Private room,305,1,56,2026-08-17,5.87,7,147,56
1542927507813007041,Lux Queen,726530894,1542927508351206704,Kixby,Manhattan,Midtown,40.750140,-73.985970,Private room,289,1,1,2026-07-21,0.94,3,358,1
1542927507814617677,Lux King,726530894,1542927508351206704,Kixby,Manhattan,Midtown,40.750140,-73.985970,Private room,289,1,2,2026-04-11,0.38,3,365,2
1542927720911526692,Lux Queen Queen,726530894,1542927508351206704,Kixby,Manhattan,Midtown,40.750140,-73.985970,Private room,339,1,3,2026-03-05,0.39,3,363,3
1542937107773074408,"Charming, Spacious Room in Sunlit Brooklyn Duplex",24793027,1462630836550178975,Mengna,Brooklyn,Bedford-Stuyvesant,40.681780,-73.919630,Private room,170,2,29,2026-08-07,3.32,2,216,29
1542948237108317881,"Comfy, Charming Room in Sunlit Brooklyn Duplex",24793027,1462630836550178975,Mengna,Brooklyn,Bedford-Stuyvesant,40.681620,-73.919450,Private room,149,2,24,2026-07-26,2.96,2,220,24
1543683559947083167,Deluxe king city view,726701186,1543683560437206453,,Manhattan,Financial District,40.710028,-74.011123,Private room,296,1,23,2026-05-04,2.54,3,218,23
1543683560819957270,Deluxe 2 queens city view,726701186,,,Manhattan,Financial District,40.710028,-74.011123,Private room,206,1,6,2026-05-19,0.88,3,253,6
1543684184891283635,Corner king junior suite city view,726701186,1543683560437206453,,Manhattan,Financial District,40.710028,-74.011123,Private room,296,1,8,2026-05-10,1.08,3,261,8
1543687586408078816,Social City View King,726702167,1543687586899750427,,Manhattan,Theater District,40.762770,-73.983590,Private room,233,1,16,2026-08-10,2.12,8,329,16
1543687586411639179,Social City View 2 Doubles,726702167,1543687586899750427,,Manhattan,Theater District,40.762773,-73.983591,Private room,260,1,45,2026-08-12,5.51,8,343,45
1543688219621855051,Social Superior River View King,726702167,1543687586899750427,,Manhattan,Theater District,40.762770,-73.983590,Private room,233,1,6,2026-08-09,3.53,8,345,6
1543688591446359628,"M Social Hotel New York Times Square, Social Su...",726702167,,,Manhattan,Theater District,40.762770,-73.983590,Private room,224,1,4,2026-07-28,1.19,8,344,4
1543688604125967873,Social Deluxe Times Square King,726702167,,,Manhattan,Theater District,40.762770,-73.983590,Private room,224,1,6,2026-06-08,0.72,8,349,6
1543688964336497008,Social Deluxe Times Square Doubles,726702167,1543687586899750427,,Manhattan,Theater District,40.762770,-73.983590,Private room,271,1,9,2026-08-02,1.61,8,342,9
1543689010278910419,Social Premier Times Square King,726702167,,,Manhattan,Theater District,40.762770,-73.983590,Private room,215,1,3,2026-07-06,1.00,8,294,3
1543689364309590267,Social Premier Times Square Double,726702167,1543687586899750427,,Manhattan,Theater District,40.762770,-73.983590,Private room,233,1,11,2026-08-11,1.36,8,344,11
1547316804478693999,City view king,727534791,1547316216016955875,,Manhattan,Upper West Side,40.782130,-73.980610,Private room,254,1,6,2026-06-20,0.74,10,364,6
1547317185563714744,Deluxe two double,727534791,1547316216016955875,,Manhattan,Upper West Side,40.782130,-73.980610,Private room,217,1,4,2026-07-20,1.20,10,348,4
1547317192123938636,Junior suite two queens,727534791,,,Manhattan,Upper West Side,40.782127,-73.980608,Private room,246,1,0,,,10,326,0
1547317440261926495,Junior suite with balcony,727534791,,,Manhattan,Upper West Side,40.782127,-73.980608,Private room,365,1,0,,,10,322,0
1547317454941181661,Broadway view deluxe king,727534791,,,Manhattan,Upper West Side,40.782130,-73.980610,Private room,246,1,1,2026-02-15,0.17,10,337,1
1547456634048932537,Room 6 In New York with Private Bathroom,727570796,1547456634744850256,Jane,Queens,Flushing,40.747280,-73.828780,Private room,126,1,22,2026-07-26,3.77,3,324,22
1552915226551925738,Exclusive Apartment 417 | Shared Bathroom,401202937,1469841047362978348,Eliza,Manhattan,Midtown,40.747084,-73.987854,Entire home/apt,284,1,7,2026-08-02,0.96,70,168,7
1553033923063988870,Exclusive Apartment 514 | Private Bathroom,401202937,1469841047362978348,Eliza,Manhattan,Midtown,40.747084,-73.987854,Entire home/apt,313,1,11,2026-07-26,1.60,70,166,11
1553146530482617639,"Great location, 10 min to LGA & subway w/ parking",61653549,1466758636442062087,Lucelia,Queens,Jackson Heights,40.752590,-73.890740,Private room,157,1,41,2026-08-09,5.02,2,292,41
1553452647687686190,Deluxe Queen Accessible,714408607,,,Manhattan,Midtown,40.751810,-73.984060,Private room,271,1,4,2026-08-03,1.28,9,317,4
1553672255442306655,Ramada Brooklyn | King Bed | Near Coney Island,699580194,1468054017685724850,Ramada By Wyndham,Brooklyn,Flatlands,40.630060,-73.947230,Hotel room,163,1,1,2025-12-31,0.13,5,364,1
1553672257439508469,Ramada Brooklyn | Queen Bed | Near Barclays Ctr,699580194,1468054017685724850,Ramada By Wyndham,Brooklyn,Flatlands,40.630064,-73.947230,Hotel room,139,1,4,2026-05-14,0.64,5,364,4
1553672257599767827,Queen Bed | Ramada Brooklyn | Near Flatbush Ave,699580194,1468054017685724850,Ramada By Wyndham,Brooklyn,Flatlands,40.630064,-73.947230,Hotel room,163,1,2,2026-01-26,0.27,5,364,2
1553672268196058549,2 Double Beds | Ramada Brooklyn | Free Parking,699580194,1468054017685724850,Ramada By Wyndham,Brooklyn,Flatlands,40.630060,-73.947230,Hotel room,169,1,0,,,5,364,0
1553672281051402097,Ramada Brooklyn | 2 Doubles | Near Prospect Park,699580194,1468054017685724850,Ramada By Wyndham,Brooklyn,Flatlands,40.630060,-73.947230,Hotel room,169,1,1,2026-06-07,0.45,5,364,1
1554390926018437557,Bright & Modern Studio in the Heart of Bay Ridge,472603377,1470131495644496767,Emily And Saul,Brooklyn,Fort Hamilton,40.617620,-74.033020,Entire home/apt,125,1,63,2026-08-04,7.21,63,341,63
1555281033230706258,Newly Renovated Studio | M & L Train | Ridgewood,77224126,1555281033972464070,Aaron,Queens,Ridgewood,40.702858,-73.898750,Private room,236,1,13,2026-07-26,1.84,1,84,13
1555341404328639481,Brooklyn Brownstone Garden Apartment,267626748,1555341404956501121,Thomas,Brooklyn,Bedford-Stuyvesant,40.683676,-73.931975,Entire home/apt,333,2,13,2026-07-26,2.91,1,171,13
1555350113102436700,Light-Filled Guest Room Near 2/5 Subways,144115,1555350113698043622,Tanya,Brooklyn,East Flatbush,40.645380,-73.948720,Private room,130,1,9,2026-07-26,4.22,1,13,9
1556609719359538789,Standard Double Room,563449119,1470513146385063955,,Manhattan,Midtown,40.749780,-73.986040,Private room,239,1,26,2026-08-06,5.10,4,335,26
1548154737464321515,Lexington studio,18057505,1462604702560447702,Michael,Manhattan,East Harlem,40.791980,-73.947160,Entire home/apt,319,1,18,2026-07-26,2.04,12,285,18
1548158511807464663,The NYC Loft,18057505,1462604702560447702,Michael,Manhattan,East Harlem,40.791500,-73.945740,Entire home/apt,349,1,20,2026-07-19,2.21,12,323,20
1548160369642660562,Manhattan Studio,18057505,1462604702560447702,Michael,Manhattan,East Harlem,40.791770,-73.945280,Entire home/apt,319,1,21,2026-07-23,2.32,12,311,21
1548582234130113661,Mott Haven King Suite – Easy to NYC,73437074,1466905747408137957,Ian,Bronx,Mott Haven,40.810590,-73.917590,Private room,234,1,29,2026-07-27,3.54,1,259,29
1548782320889091982,Crown Heights garden apartment near subway,255550648,1529327248591554668,Benjamin,Brooklyn,Crown Heights,40.677218,-73.945629,Entire home/apt,292,1,26,2026-07-27,4.38,1,144,26
1548787872678510476,Central Park Nest,18057505,1462604702560447702,Michael,Manhattan,East Harlem,40.793190,-73.945280,Entire home/apt,353,1,17,2026-07-20,1.86,12,320,17
1548826712397497943,Cozy Private Room,35242720,1465520673677610208,Cora,Brooklyn,Canarsie,40.632360,-73.910610,Private room,180,2,7,2026-07-05,0.88,3,365,7
1549209710159716010,Studio deluxe - accessible,726207836,,,Manhattan,Midtown,40.764510,-73.975550,Private room,462,1,0,,,9,138,0
1549209710354301765,Studio deluxe,726207836,1541565575301036210,,Manhattan,Midtown,40.764510,-73.975550,Private room,420,1,0,,,9,131,0
1549209829227704938,Studio premium,726207836,1541565575301036210,,Manhattan,Midtown,40.764510,-73.975550,Private room,420,1,0,,,9,132,0
1549209832350590353,Studio platinum,726207836,1541565575301036210,,Manhattan,Midtown,40.764510,-73.975550,Private room,492,1,0,,,9,130,0
1549209927432725414,One bedroom deluxe suite - accessible,726207836,1541565575301036210,,Manhattan,Midtown,40.764510,-73.975550,Private room,420,1,0,,,9,112,0
1549209939951877021,One bedroom deluxe suite,726207836,,,Manhattan,Midtown,40.764510,-73.975550,Private room,385,1,0,,,9,142,0
1549210026068823834,One bedroom premium suite,726207836,1541565575301036210,,Manhattan,Midtown,40.764510,-73.975550,Private room,444,1,0,,,9,133,0
1549210036074605963,One bedroom platinum suite,726207836,,,Manhattan,Midtown,40.764510,-73.975550,Private room,462,1,0,,,9,134,0
1549301638530171038,Modern Upper West Side Home,694518424,1470730579549400887,K,Manhattan,Upper West Side,40.801610,-73.965010,Entire home/apt,421,1,18,2026-07-26,2.81,1,79,18
1549650915214129099,Howard Beach Getaway,728088153,1549650915798725060,Brianna,Queens,Howard Beach,40.660540,-73.836720,Private room,154,1,19,2026-08-08,2.77,2,89,19
1549923981992633554,Room with Balcony and Private Bathroom,35616021,1465526143820715635,Begum,Brooklyn,Bedford-Stuyvesant,40.689865,-73.936912,Private room,215,1,16,2026-07-13,2.17,1,17,16
1550160996016890932,Canal front Private Parking· Walk to JFK & A Train,304997003,1550160996830942285,Lee,Queens,Howard Beach,40.656010,-73.828880,Private room,365,2,19,2026-08-02,4.19,1,274,19
1551005071189661328,"NU Hotel, Selected by hotel",728399644,1551005071713379344,NU Hotel,Brooklyn,Boerum Hill,40.688740,-73.988790,Private room,339,1,78,2026-08-16,8.48,1,347,78
1551125000414208305,"B-Cozy room near JFK, LaGuardia, Jackson height",723408014,1529368233858042464,Sonia,Queens,East Elmhurst,40.757360,-73.893066,Private room,102,1,21,2026-07-23,2.84,4,77,21
1551346502888454090,Prime NoMad Stay with Balcony + Free Breakfast,721510598,1522452046616167373,Lex Hotel NYC,Manhattan,Kips Bay,40.739970,-73.984230,Private room,219,1,2,2026-07-20,0.82,3,238,2
1551882790551643706,"Modern, Clean Room w/ Private Bath",465758982,1550872410579010442,Jessi,Brooklyn,East New York,40.665740,-73.888480,Private room,136,1,34,2026-07-27,3.82,2,296,34
1551891234387394807,"Modern, Clean Room w/ Dedicated Bath",465758982,1550872410579010442,Jessi,Brooklyn,East New York,40.666060,-73.887370,Private room,125,1,39,2026-07-27,4.42,2,314,39
1552145657319859284,Queen Pod Accessible,652606311,,,Manhattan,Midtown,40.755700,-73.969160,Private room,152,1,5,2026-07-19,0.73,6,345,5
1552145993695468605,Single pod - private bathroom,652606311,1470641142898562957,,Manhattan,Midtown,40.755700,-73.969160,Private room,179,1,106,2026-08-07,24.09,6,364,106
1552146007110961325,Single pod - shared bath,652606311,1470641142898562957,,Manhattan,Midtown,40.755700,-73.969160,Private room,179,1,158,2026-08-06,36.18,6,362,158
1557156597592704058,Superior queen,726155140,1541389390758344339,,Manhattan,Chelsea,40.742250,-74.003950,Private room,243,1,3,2026-07-26,1.29,3,310,3
1557156597727297395,Standard queen,726155140,1541389390758344339,,Manhattan,Chelsea,40.742250,-74.003950,Private room,282,1,5,2026-08-02,0.67,3,314,5
1557156597794656400,ADA accessible room,726155140,,,Manhattan,Chelsea,40.742250,-74.003950,Private room,243,1,1,2026-03-15,0.20,3,288,1
1557485061404872145,"A-Cozy clean room near airport, marketplace",723408014,1529368233858042464,Sonia,Queens,East Elmhurst,40.756400,-73.892400,Private room,92,1,5,2026-07-27,0.78,4,56,5
1557661528084050922,D-Close to LaGuardia & JFK and near markets,723408014,1529368233858042464,Sonia,Queens,East Elmhurst,40.756880,-73.892380,Private room,109,1,43,2026-07-27,5.51,4,82,43
1558061429586303684,Guest Room - 30 mins to Manhattan,730048291,1558061430502517564,Ben,Queens,Douglaston,40.772253,-73.741820,Private room,110,1,4,2026-06-22,0.98,1,153,4
1556615026821314709,Superior King,563449119,,,Manhattan,Midtown,40.749780,-73.986040,Private room,271,1,5,2026-06-19,0.99,4,314,5
1556615188386029587,Standard Room With Two Double Beds,563449119,1470513146385063955,,Manhattan,Midtown,40.749780,-73.986040,Private room,159,1,6,2026-07-22,0.92,4,329,6
1556615340555213310,Standard King,563449119,1470513146385063955,,Manhattan,Midtown,40.749780,-73.986040,Private room,239,1,46,2026-08-06,8.68,4,339,46
1556786330382798597,M&M Staycation,666587394,1556786331409533190,Melany,Queens,Astoria,40.762580,-73.910270,Shared room,455,1,14,2026-08-04,2.36,1,333,14
1556920195266658620,"Brooklyn Hideaway | Gym, Game Room & Easy Transit",472603377,1470131495644496767,Emily And Saul,Brooklyn,Fort Hamilton,40.618460,-74.032452,Entire home/apt,192,1,46,2026-07-31,6.90,63,347,46
1556932561681604481,Comfortable Bay Ridge Studio + Building Amenities,472603377,1470131495644496767,Emily And Saul,Brooklyn,Fort Hamilton,40.617660,-74.033070,Entire home/apt,147,1,36,2026-07-30,4.30,63,238,36
1562658363361646249,Luxury Room on Newkrik Ave. Twin Room,488474822,1487980397788150925,Leon,Brooklyn,Flatbush,40.634730,-73.962390,Private room,190,1,8,2026-07-21,1.62,2,337,8
1563036026900980571,Luxury Room in Central Newkrik- Master Queen,488474822,1487980397788150925,Leon,Brooklyn,Flatbush,40.636360,-73.962190,Private room,170,1,7,2026-07-26,0.91,2,349,7
1565211482158700637,"UWS Duplex Retreat: 2BR/2BA Broadway, Central Park",707386339,1470755030258461004,Lonie,Manhattan,Upper West Side,40.794010,-73.971310,Entire home/apt,498,1,13,2026-07-26,2.44,16,314,13
1565543767300372947,Private Room near LA Guardia Airport,731652202,1565543767896426179,Diego Franco,Queens,East Elmhurst,40.761704,-73.887671,Private room,144,2,2,2026-07-30,2,1,320,2
1566317293099377462,"The Radiant Room in Ocean Hill, Brooklyn",54616672,1566317293828958186,Faisal,Brooklyn,Bedford-Stuyvesant,40.679800,-73.909980,Private room,144,1,20,2026-08-03,5.50,1,21,20
1566978888989833780,Family Studio with 1 BR in Manhattan,370725742,1469749872352682044,Lidia,Manhattan,Midtown,40.748090,-73.986920,Entire home/apt,357,1,9,2026-07-27,1.74,4,325,9
1566996074462617006,Flower: TV WiFi M&L Train AC Netflix Bushwick,250111321,1463298291059357636,Alice,Brooklyn,Bushwick,40.697760,-73.924330,Private room,115,1,37,2026-08-10,4.51,2,365,37
1567382386749001562,"Tropical Oasis: 1 Bed near JFK Airport, LIRR Train",732072949,1567382387437626739,Ackelia,Queens,Rosedale,40.660060,-73.727790,Private room,148,1,14,2026-08-10,6.27,1,330,14
1567445949142407383,Luxury Queen,732092326,1567445948582340485,,Manhattan,Midtown,40.764600,-73.981310,Private room,279,1,17,2026-07-27,3.05,3,354,17
1567445952714790351,King,732092326,1567445948582340485,,Manhattan,Midtown,40.764600,-73.981310,Private room,279,1,15,2026-03-29,1.93,3,351,15
1567771317500575522,Collection: Chic Modern + Private Rooftop + W/D,682562903,1470705541197405239,The Collection,Manhattan,Lower East Side,40.719230,-73.982490,Entire home/apt,800,1,18,2026-06-30,3.16,3,250,18
1568228421575148975,Sleek 2BR Apt in Times Square,378112960,1469772105806202515,Alex,Manhattan,Hell's Kitchen,40.761273,-73.991862,Entire home/apt,331,1,33,2026-07-15,4.19,11,148,33
1568340107725244785,"Z NYC Hotel, Selected by hotel",732312205,1568340108596082533,PH LIC Partners,Queens,Long Island City,40.751980,-73.947520,Private room,392,1,70,2026-08-06,8.50,1,248,70
1568943883517764769,Manhattan Studio 5 Minutes to Times Square,710587002,1476882259525329888,Husyar,Manhattan,Midtown,40.755078,-73.981057,Entire home/apt,235,1,14,2026-07-23,1.74,37,6,14
1576856396219290547,Historic Luxury Two Bedroom Landmark Brownstone,93382182,1462855612982058039,Farrel,Manhattan,Harlem,40.805630,-73.944030,Private room,1546,1,6,2026-08-03,4.00,4,101,6
1576899778336992189,Peaceful Duplex with Private Backyard and W/D!,21153135,1576899778977837595,Phuong,Brooklyn,Bedford-Stuyvesant,40.690630,-73.944210,Private room,363,2,3,2026-07-26,1.03,1,352,3
1577790572551726381,Cozy bedroom w Shared Spaces in Prime Location,81851298,1466994237701268669,Dewey,Queens,Astoria,40.759350,-73.911430,Private room,164,2,3,2026-06-11,0.71,2,336,3
1578343107820701467,"The Gotham Hotel, Metro king room",734570452,,,Manhattan,Midtown,40.755406,-73.978057,Private room,279,1,4,2026-04-26,0.67,8,332,4
1558123674478320116,Deluxe Studio Apartment with Two Double Beds,730065979,1558123675048609721,,Manhattan,Theater District,40.759950,-73.982990,Private room,132,1,57,2026-08-04,8.47,7,343,57
1558123677030976572,Studio Apartment with Two Twin Beds,730065979,,,Manhattan,Theater District,40.759950,-73.982990,Private room,132,1,5,2026-07-09,1.04,7,258,5
1558123677507943241,Studio Apartment with Two Double Beds,730065979,,,Manhattan,Theater District,40.759950,-73.982990,Private room,154,1,27,2026-07-13,4.97,7,248,27
1558123678183808059,Queen Studio Apartment,730065979,1558123675048609721,,Manhattan,Theater District,40.759950,-73.982990,Private room,277,1,155,2026-08-04,19.62,7,348,155
1558190364528468117,8 Beds - Steps from Central Park,707386339,1470755030258461004,Lonie,Manhattan,Upper West Side,40.789710,-73.973570,Entire home/apt,405,1,7,2026-07-27,3.39,16,304,7
1558223842534304778,UWS 2BR | Steps to Central Park & Lincoln Center,707386339,1470755030258461004,Lonie,Manhattan,Upper West Side,40.775274,-73.978950,Entire home/apt,448,1,8,2026-07-26,2.11,16,172,8
1558261490663020361,2BR Steps from Port Authority Midtown NYC,707386339,1470755030258461004,Lonie,Manhattan,Hell's Kitchen,40.757500,-73.991410,Entire home/apt,405,1,8,2026-07-26,1.73,16,248,8
1558320526232396030,5-Bedroom Luxury Downtown Airbnb,688959902,1558320526989694342,Financial District Suites,Manhattan,Financial District,40.706840,-74.007930,Private room,984,1,31,2026-07-23,3.99,2,307,31
1558325214135094390,5-Bedroom Suite with Elevator Opening into Airbnb,688959902,1558320526989694342,Financial District Suites,Manhattan,Financial District,40.708460,-74.006420,Private room,913,1,14,2026-07-31,3.04,2,319,14
1558907340302983675,Beautiful Bedroom w Sky Window - 15 min to Midtown,715867162,1497179080431128771,Chu,Queens,Astoria,40.757260,-73.911490,Private room,182,3,10,2026-07-02,1.29,3,291,10
1559451872300494360,"Home in NYC,30 min to Manhattan,3 min walk subway",730349609,1559451872978513775,Dr. Joe,Brooklyn,Bedford-Stuyvesant,40.676950,-73.919650,Private room,398,2,30,2026-08-02,4.25,1,31,30
1559522031706181475,Standard Room,730369535,1559522032227573071,,Manhattan,SoHo,40.722680,-74.004830,Private room,387,1,2,2026-04-19,0.26,5,258,2
1559522031758779577,ModernHaus King Studio,730369535,,,Manhattan,SoHo,40.722680,-74.004830,Private room,477,1,3,2026-07-24,0.45,5,235,3
1559522032097144626,Modern King,730369535,,,Manhattan,SoHo,40.722680,-74.004830,Private room,485,1,2,2026-03-23,0.34,5,234,2
1559522380525141795,Skyline King Studio,730369535,1559522032227573071,,Manhattan,SoHo,40.722680,-74.004830,Private room,387,1,3,2026-07-23,0.50,5,267,3
1559522395930572140,SoHo deluxe king,730369535,1559522032227573071,,Manhattan,SoHo,40.722680,-74.004830,Private room,387,1,3,2026-02-22,0.39,5,262,3
1559537173737609177,Beautiful Hotel Room in Mansfield,710587002,1476882259525329888,Husyar,Manhattan,Midtown,40.755078,-73.981057,Entire home/apt,135,1,9,2026-07-26,1.23,37,5,9
1560136290807398461,Modern Hell's Kitchen 2BR Washer/Dryer & Elevator,707386339,1470755030258461004,Lonie,Manhattan,Theater District,40.760370,-73.987350,Entire home/apt,379,1,9,2026-08-01,1.99,16,172,9
1560363989836451115,Rare 2BR 2BA Midtown Hub Sleeps 6 Near Broadway,707386339,1470755030258461004,Lonie,Manhattan,Theater District,40.759090,-73.988420,Entire home/apt,411,1,13,2026-08-09,2.48,16,330,13
1560378376282089530,Rare Midtown Duplex Hub Sleeps 13 Near Broadway,707386339,1470755030258461004,Lonie,Manhattan,Hell's Kitchen,40.760230,-73.992830,Entire home/apt,418,1,2,2026-07-26,0.83,16,362,2
1560960131007537532,Airport Room 4N,725157694,1537043116033297976,Narinder,Queens,Springfield Gardens,40.666339,-73.770659,Private room,114,1,14,2026-07-15,2.36,2,344,14
1561772140317217085,10-1 Stylish Townhouse Oasis in Greenpoint,7528509,1462734382875796824,Moshe,Brooklyn,Greenpoint,40.724200,-73.938390,Entire home/apt,425,1,20,2026-07-20,3.37,1,88,20
1561795579774224518,Heaven Short World | Boutique King Stay,490412669,1470207740658433202,Eden,Brooklyn,Crown Heights,40.674640,-73.939330,Private room,264,1,5,2026-07-24,2.63,7,331,5
1569662369105956665,Deluxe King Bed,732603145,1569662369579477460,,Manhattan,Hell's Kitchen,40.760060,-73.988540,Private room,309,1,16,2026-08-04,2.98,7,345,16
1569662369107386313,Deluxe Superior King Bed,732603145,1569662369579477460,,Manhattan,Hell's Kitchen,40.760060,-73.988540,Private room,358,1,2,2026-07-31,0.61,7,335,2
1569662369169538620,Deluxe Two Full Beds,732603145,,,Manhattan,Hell's Kitchen,40.760060,-73.988540,Private room,198,1,8,2026-07-28,1.67,7,46,8
1569662369371128731,Deluxe Queen,732603145,,,Manhattan,Hell's Kitchen,40.760060,-73.988540,Private room,198,1,4,2026-06-17,1.04,7,40,4
1569662411496526237,Deluxe Family Two Full Beds,732603145,1569662369579477460,,Manhattan,Hell's Kitchen,40.760060,-73.988540,Private room,313,1,6,2026-07-16,1.11,7,326,6
1569662414563570240,Jr. Suite,732603145,,,Manhattan,Hell's Kitchen,40.760060,-73.988540,Private room,249,1,0,,,7,45,0
1569662415228289928,Family Suite,732603145,,,Manhattan,Hell's Kitchen,40.760060,-73.988540,Private room,370,1,2,2026-05-09,0.44,7,20,2
1570420635460226143,Brooklyn Private Suite Near subway JFK/LGA,20985215,1462615356500566443,Shannoya,Brooklyn,Cypress Hills,40.681080,-73.895610,Private room,183,2,7,2026-07-19,1.96,2,339,7
1578343107974720492,"The Gotham Hotel, Metro queen room",734570452,,,Manhattan,Midtown,40.755410,-73.978060,Private room,369,1,1,2026-01-17,0.14,8,347,1
1578343111034223908,"The Gotham Hotel, The gotham suite",734570452,,,Manhattan,Midtown,40.755410,-73.978060,Private room,329,1,0,,,8,306,0
1578343114821723938,"The Gotham Hotel, Accessible skyline jr. suite ...",734570452,,,Manhattan,Midtown,40.755410,-73.978060,Private room,299,1,1,2026-06-02,0.42,8,308,1
1578343125327667438,"The Gotham Hotel, Skyline queen with terrace",734570452,1578343108318406498,,Manhattan,Midtown,40.755410,-73.978060,Private room,289,1,2,2026-07-12,0.31,8,330,2
1578343127178117483,"The Gotham Hotel, Midtown balcony king",734570452,1578343108318406498,,Manhattan,Midtown,40.755410,-73.978060,Private room,289,1,16,2026-08-17,2.19,8,351,16
1578343128522247084,"The Gotham Hotel, Skyline jr. suite with terrace",734570452,,,Manhattan,Midtown,40.755410,-73.978060,Private room,299,1,2,2026-06-06,0.31,8,313,2
1578343137920887184,"The Gotham Hotel, Grand balcony king",734570452,1578343108318406498,,Manhattan,Midtown,40.755410,-73.978060,Private room,335,1,11,2026-08-16,1.80,8,340,11
1578344097170278361,Modern East Village Private Bedroom w/backyard,2437077,1462595076050219964,Stephanie,Manhattan,East Village,40.723570,-73.980170,Private room,571,2,0,,,1,50,0
1579029800822600916,private Studio Queens,229867121,1463233864057123750,Azeema,Queens,Richmond Hill,40.683096,-73.831751,Private room,207,1,0,,,1,283,0
1579267839591748659,Serene NYC Retreat – 2 br Apartment,711834714,1579267840268352047,Jacinto,Queens,Long Island City,40.762590,-73.941100,Entire home/apt,257,1,11,2026-07-28,3.37,1,177,11
1579851736769180190,The Cozy Landing- 15 minutes from JFK,116325061,1579851737429868521,Stephany,Queens,Rosedale,40.638350,-73.741680,Entire home/apt,388,3,15,2026-08-06,2.28,1,218,15
1580144705905352010,Room 4 In New York,727570796,1547456634744850256,Jane,Queens,Flushing,40.747960,-73.830150,Private room,98,1,32,2026-07-26,5.39,3,280,32
1580824703620725445,Room 5 in New York,727570796,1547456634744850256,Jane,Queens,Flushing,40.745990,-73.829090,Private room,143,1,31,2026-07-25,5.20,3,312,31
1583830741732241964,"Comfortable House in Queens, 
Near NYC",735785386,1583830742372196268,Choudhry,Queens,Woodhaven,40.690790,-73.851500,Entire home/apt,265,1,18,2026-08-05,5.29,1,243,18
1586405857175357808,Elegant Room in Brooklyn near Train Station,722168055,1524015512023217169,Santiago,Brooklyn,Flatbush,40.637090,-73.952130,Private room,177,2,8,2026-07-27,1.35,2,343,8
1588548231436747320,Private room in Carroll Gardens brownstone.,92127706,1467112798269386335,Anthony,Brooklyn,Carroll Gardens,40.681829,-73.997161,Private room,406,1,6,2026-07-27,1.80,1,69,6
1589465767712489462,Cozy Room in Brooklyn,709231203,1471994011690431423,Nancy,Brooklyn,East Flatbush,40.649588,-73.936781,Private room,106,2,15,2026-07-25,2.68,1,279,15
1589515386391247217,Prime 3BR Duplex•Sleeps 16•15 Min to NYC Airports,450239920,1589515387158698301,Arif,Queens,Astoria,40.768760,-73.932270,Entire home/apt,611,1,22,2026-07-26,4.02,2,340,22
1572553355608384130,Double queen,733256781,1572553352683511692,BKLYN House Hotel,Brooklyn,Bushwick,40.700760,-73.939310,Private room,299,1,69,2026-07-11,8.73,2,341,69
1572677914521887070,Stylish 3-Bedroom Retreat in Upper West Side,729389841,1572677915276983250,Rafael,Manhattan,Upper West Side,40.798560,-73.961881,Entire home/apt,377,2,5,2026-07-30,5,1,114,5
1572773775579039231,Times Square Views 2BR Broadway near Central Park,707386339,1470755030258461004,Lonie,Manhattan,Theater District,40.763250,-73.983490,Entire home/apt,743,1,3,2026-05-24,0.91,16,347,3
1573397348574605756,Deluxe king room,733455032,1573397349015863158,,Manhattan,Theater District,40.758950,-73.983390,Private room,401,1,6,2026-07-09,0.94,6,304,6
1573397349030771664,Deluxe superior king,733455032,,,Manhattan,Theater District,40.758951,-73.983386,Private room,258,1,2,2026-03-05,0.30,6,72,2
1573397349402450690,Deluxe Two Queen Beds,733455032,1573397349015863158,,Manhattan,Theater District,40.758950,-73.983390,Private room,347,1,14,2026-07-16,2.16,6,309,14
1573397350157694458,Deluxe family king,733455032,1573397349015863158,,Manhattan,Theater District,40.758951,-73.983386,Private room,180,1,5,2026-07-07,0.82,6,334,5
1573397375465525325,Deluxe Family Two Queen Beds,733455032,,,Manhattan,Theater District,40.758950,-73.983390,Private room,301,1,1,2026-04-07,0.24,6,59,1
1573397376448036138,Junior suite,733455032,,,Manhattan,Theater District,40.758950,-73.983390,Private room,241,1,0,,,6,28,0
1574011768205951098,Acogedor y buena ubicación a 10 minutos del JFK,424623048,1469925829671881076,Sandra,Queens,Jamaica,40.684670,-73.772280,Private room,103,1,58,2026-08-07,11.60,1,351,58
1574938901799388567,"2BR Jacuzzi Retreat by JFK Airport, NY & UBS Arena",395781792,1574938902506628170,Joanna,Queens,Queens Village,40.709598,-73.734558,Private room,347,1,4,2026-04-27,0.79,1,296,4
1590804443777790011,"Room in Queens, New York",737786299,1590804444423372593,Waldo,Queens,Glendale,40.696223,-73.893553,Private room,143,1,28,2026-08-07,5.00,1,346,28
1591334260164772581,Large Renovated Apt with Washer Dryer in Fidi!,719663793,1562665833859702539,Escobar,Manhattan,Financial District,40.702780,-74.009660,Entire home/apt,385,2,1,2026-08-01,1,2,254,1
1591622583865268747,New Private Brooklyn Suite w/ Ensuite Bathroom,189275,1462512160934107547,Erika,Brooklyn,Clinton Hill,40.695460,-73.969180,Private room,128,1,2,2026-08-08,2,2,323,2
1592509195605973182,"Room in Queens VLG NY, walk to LIRR, near Airports",267355889,1469413504609627412,Marietta,Queens,Queens Village,40.720050,-73.740800,Private room,194,2,4,2026-06-28,0.82,1,364,4
1593611382733571542,Contemporary king,738671460,,,Manhattan,Midtown,40.749070,-73.983690,Private room,152,1,10,2026-07-26,1.99,3,356,10
1593611383217204738,Contemporary queen,738671460,1593611383288186041,,Manhattan,Midtown,40.749070,-73.983690,Private room,224,1,74,2026-08-14,10.37,3,360,74
1593611383218978493,Contemporary full,738671460,1593611383288186041,,Manhattan,Midtown,40.749070,-73.983690,Private room,261,1,51,2026-08-20,8.05,3,352,51
1593666736513591020,Residence Unique 2 Beds/2 Baths Apartment Midtown,680010460,1470700592886970650,Intern Immob,Manhattan,Hell's Kitchen,40.755040,-73.994520,Entire home/apt,752,1,16,2026-07-19,2.36,7,345,16
1598064605962592531,East Village by Vibe I • 8810,61391963,1466755508311721791,⁨StayWithVibe.⁩,Manhattan,East Village,40.727850,-73.986100,Entire home/apt,295,1,20,2026-08-01,4.03,157,66,20
1598569110552400342,Rare Room in Prime Williamsburg Apartment,84183742,1467017482858838190,Ayla,Brooklyn,Williamsburg,40.710380,-73.962600,Private room,169,1,0,,,1,353,0
1598719424077956906,Near Madison Square Park| Rooftop Bar. Restaurant*,571994576,1470550399348786068,Hotel Henri,Manhattan,Chelsea,40.744320,-73.991960,Private room,248,1,34,2026-08-03,6.58,3,364,34
1598802243589337008,lovely 2 bedroom apartment first floor,542891587,1470431958804891162,Halel,Brooklyn,Bedford-Stuyvesant,40.678630,-73.944160,Entire home/apt,503,1,2,2026-07-22,1.11,3,339,2
1598812001059095086,1 bedroom apartment,542891587,1470431958804891162,Halel,Brooklyn,Bedford-Stuyvesant,40.678490,-73.944060,Entire home/apt,412,1,1,2026-07-20,1,3,340,1
1598813505373375193,Modern 3 bedroom Crown Heights near subway,726655886,1543520527456021535,Haia,Brooklyn,Crown Heights,40.676500,-73.944510,Entire home/apt,478,2,2,2026-05-24,0.48,1,320,2
1594338824179049599,Exclusive Studio 443 | Private Bathroom,401202937,1469841047362978348,Eliza,Manhattan,Midtown,40.747290,-73.989020,Entire home/apt,343,1,15,2026-08-09,2.74,70,111,15
1594362231399652808,Exclusive Apartment 149 | Half Bathroom,401202937,1469841047362978348,Eliza,Manhattan,Midtown,40.747570,-73.986960,Private room,440,1,11,2026-08-02,1.86,70,168,11
1594562767373506648,"Modern 2 Bedroom 
with private parking",738875574,1594562767974527108,Levi,Brooklyn,East Flatbush,40.654380,-73.931380,Entire home/apt,290,2,9,2026-08-01,3.75,1,329,9
1595814679969987919,2 Bed + W/D in Central East Village,559443256,1595814680651185476,Joe @ Rowan Hospitality,Manhattan,East Village,40.729310,-73.984270,Entire home/apt,503,1,2,2026-07-26,2,2,302,2
1596434465841584711,The Studio Room at the Bayard,739497595,1596434466784899418,Alexander,Manhattan,Midtown,40.755816,-73.972029,Private room,180,1,0,,,7,262,0
1596441181455334675,The One-Bedroom Queen Apartment at the Bayard,739497595,1596434466784899418,Alexander,Manhattan,Midtown,40.755816,-73.972029,Private room,384,1,2,2026-07-21,1.15,7,292,2
1596443714393362921,The One-Bedroom King Apartment at the Bayard,739497595,1596434466784899418,Alexander,Manhattan,Midtown,40.755816,-73.972029,Private room,334,1,0,,,7,332,0
1596446071737497303,The Companion Two-Bedroom Apartment at the Bayard,739497595,1596434466784899418,Alexander,Manhattan,Midtown,40.755816,-73.972029,Private room,440,1,1,2026-07-05,0.79,7,287,1
1596448415936263419,The Family Two-Bedroom Apartment at the Bayard,739497595,1596434466784899418,Alexander,Manhattan,Midtown,40.755816,-73.972029,Private room,416,1,3,2026-07-17,0.77,7,297,3
1596450771471523702,The One-Bedroom Penthouse Apartment at the Bayard,739497595,1596434466784899418,Alexander,Manhattan,Midtown,40.755816,-73.972029,Private room,550,1,0,,,7,329,0
1596453409015215806,The Two-Bedroom Penthouse Apartment at the Bayard,739497595,1596434466784899418,Alexander,Manhattan,Midtown,40.755816,-73.972029,Private room,693,1,0,,,7,296,0
1597117847211483748,Luxury Townhouse Oasis In The Heart Of NYC,22460668,1462621279096212237,Yuda,Brooklyn,Crown Heights,40.668795,-73.949441,Entire home/apt,836,1,11,2026-07-20,3.79,1,204,11
1603027630323114731,Elegant Midtown studio plus at The Quin by Hilton,738161651,1592091667996094463,Koala,Manhattan,Midtown,40.764910,-73.976170,Entire home/apt,417,1,4,2026-06-18,1.43,11,237,4
1604531565177829250,Luxury Mystery Hotel in Harlem NYC + Rooftop Bar,700504059,1470742668113879926,Uptown Manhattan Hotel Harlem,Manhattan,Harlem,40.809938,-73.949327,Private room,295,1,0,,,6,240,0
1604532242925723439,Luxury Mystery Hotel in Harlem + Rooftop Bar,700504059,1470742668113879926,Uptown Manhattan Hotel Harlem,Manhattan,Harlem,40.809938,-73.949327,Private room,306,1,3,2026-04-13,0.58,6,241,3
1599177186813432732,Rare Williamsburg Oasis,740080757,1599177187560314736,Nyeelah,Brooklyn,Williamsburg,40.713400,-73.943910,Entire home/apt,348,1,19,2026-08-05,3.33,1,299,19
1599543815660125699,One-Of-A-Kind 4 BR Duplex Steps from Time Square,663493259,1470665205371188891,Mitesh,Manhattan,Midtown,40.755590,-73.983220,Entire home/apt,921,1,5,2026-07-27,2.05,7,257,5
1601424153292321838,Sleek Manhattan Getaway by Grand Central,737474934,1601424153976533492,Jennifer,Manhattan,Midtown,40.756220,-73.967700,Entire home/apt,3618,3,0,,,2,231,0
1602263364412735812,Modern guest suite in the heart of BedStuy,2350011,1462523678852239013,Rushna,Brooklyn,Bedford-Stuyvesant,40.685593,-73.948025,Entire home/apt,433,2,19,2026-08-02,3.20,1,293,19
1602409905288695776,FIFA 2026 Ready – Stay Minutes From NYC Fan Zones,565767852,1470520259498693628,M Social Hotel Times Square New York,Manhattan,Theater District,40.762699,-73.983658,Private room,300,1,3,2026-06-26,1.76,7,162,3
1602417459214867124,Near FIFA Watch Spots | Skyline Views. Rooftop Bar,565767852,1470520259498693628,M Social Hotel Times Square New York,Manhattan,Theater District,40.762699,-73.983658,Private room,297,1,3,2026-06-28,1.67,7,162,3
1606607439951565384,Newly Renovated 2BR Bronx Apt | Near Subway,569866994,1470532929088482706,Greg,Bronx,Wakefield,40.893620,-73.852680,Entire home/apt,275,1,19,2026-08-02,4.45,2,359,19
1607300203180884348,Premier Midtown Stay | Walk to Times Square!,463433919,1572844010529033131,Brandon,Manhattan,Midtown,40.755440,-73.980110,Entire home/apt,276,1,20,2026-07-27,3.70,5,293,20
1607322812358492543,Boutique Midtown 2BR | Steps from Broadway,463433919,1572844010529033131,Brandon,Manhattan,Midtown,40.756070,-73.981380,Entire home/apt,567,1,21,2026-07-20,3.96,5,292,21
1607342730150502095,Cozy Midtown NYC Apartment | 99 Walk Score & Gym,463433919,1572844010529033131,Brandon,Manhattan,Midtown,40.755860,-73.980130,Entire home/apt,277,1,20,2026-07-24,3.57,5,309,20
1607352862952560855,Boutique Midtown Apartment | Walk to Grand Central,463433919,1572844010529033131,Brandon,Manhattan,Midtown,40.754170,-73.980610,Entire home/apt,331,1,14,2026-07-20,2.59,5,287,14
1607370688765350379,Central Midtown 1BR | Walk to Times Square!,463433919,1572844010529033131,Brandon,Manhattan,Midtown,40.753900,-73.981830,Entire home/apt,264,1,27,2026-07-23,4.97,5,318,27
1607818499136262390,Balcony king,734862602,,,Manhattan,Lower East Side,40.720020,-73.989520,Private room,269,1,12,2026-08-03,4.14,7,324,12
1607818499170759686,Premium corner king,734862602,,,Manhattan,Lower East Side,40.720020,-73.989520,Private room,269,1,9,2026-07-24,1.52,7,324,9
1607818499358049916,High floor city view king,734862602,1579691113625387690,,Manhattan,Lower East Side,40.720020,-73.989520,Private room,368,1,31,2026-08-13,5.14,7,314,31
1607818499590190087,Standard king,734862602,1579691113625387690,,Manhattan,Lower East Side,40.720020,-73.989520,Private room,242,1,14,2026-08-12,2.19,7,297,14
1607818499596935651,Deluxe king,734862602,1579691113625387690,,Manhattan,Lower East Side,40.720020,-73.989520,Private room,368,1,8,2026-08-10,2.16,7,313,8
1607818499765919168,Standard double,734862602,1579691113625387690,,Manhattan,Lower East Side,40.720020,-73.989520,Private room,413,1,11,2026-08-09,1.90,7,313,11
1608211947357466647,Studio at hilton club The Quin New York,738161651,1592091667996094463,Koala,Manhattan,Midtown,40.764030,-73.978190,Entire home/apt,356,5,8,2026-08-06,1.57,11,235,8
1608212940273899357,Mint House 70 Pine by Kasa | Queen Room,197053492,1463134263740886389,Mint House At 70 Pine,Manhattan,Financial District,40.706505,-74.007771,Entire home/apt,328,1,4,2026-07-26,0.70,12,289,4
1608213123585238087,Studio plus at Hilton Grand Vacations West 57th st,738161651,1592091667996094463,Koala,Manhattan,Midtown,40.763430,-73.977520,Entire home/apt,351,4,7,2026-07-30,1.54,11,7,7
1608216291219966187,1 bedroom at Hilton Grand Vacations West 57th St.,738161651,1592091667996094463,Koala,Manhattan,Midtown,40.764961,-73.978640,Entire home/apt,503,4,0,,,11,6,0
1608221277855241734,Mint House 70 Pine by Kasa | Accessible Studio,197053492,1463134263740886389,Mint House At 70 Pine,Manhattan,Financial District,40.706505,-74.007771,Entire home/apt,399,1,5,2026-04-19,0.96,12,297,5
1608227787325071524,Mint House 70 Pine by Kasa | Accessible 1 Bedroom,197053492,1463134263740886389,Mint House At 70 Pine,Manhattan,Financial District,40.706505,-74.007771,Entire home/apt,360,1,1,2026-05-11,0.32,12,264,1
1608229765415100959,Mint House 70 Pine by Kasa | Accessible 2 Bedroom,197053492,1463134263740886389,Mint House At 70 Pine,Manhattan,Financial District,40.706510,-74.007770,Entire home/apt,1135,1,4,2026-07-23,1.26,12,159,4
1608756292840371804,ROW NYC: Times Square Escape + Dining,711028478,1483353177198900929,Row Nyc,Manhattan,Theater District,40.757730,-73.987450,Private room,179,1,23,2026-08-09,10.78,3,360,23
1608756908313285733,ROW NYC: Steps from Times SQ + Dining,711028478,1483353177198900929,Row Nyc,Manhattan,Theater District,40.757510,-73.987670,Private room,179,1,20,2026-08-07,7.89,3,322,20
1608757263790191076,ROW NYC: Times Square Stay + Dining,711028478,1483353177198900929,Row Nyc,Manhattan,Hell's Kitchen,40.759100,-73.989340,Private room,203,1,56,2026-08-09,18.88,3,241,56
1608911648618551152,Manhattan Views | Rooftop Bar + Dining On-site!,571994576,1470550399348786068,Hotel Henri,Manhattan,Flatiron District,40.742330,-73.990210,Private room,347,1,1,2026-04-16,0.25,3,262,1
1609831138198052451,"3 bedrooms-South Ozone Park, Queens, New York City",68898298,1609831138913598380,Christina Grace,Queens,South Ozone Park,40.669945,-73.823974,Private room,396,1,24,2026-08-04,4.59,1,320,24
1610243167976092536,Private Bushwick Room (with En-suite),554766,1462512616403556805,Dan & Dan,Brooklyn,Bushwick,40.685120,-73.908810,Private room,230,1,10,2026-08-09,5.45,2,306,10
1614509202844417052,Chic Madison Apartment | Stylish 1BR Stay,671695466,1470683214127427951,Lucas,Brooklyn,Bedford-Stuyvesant,40.686470,-73.928420,Entire home/apt,363,2,8,2026-07-14,1.69,1,154,8
1614600966921557118,"The Michelangelo New York, Selected by hotel",744548738,1614600967505823538,The Michelangelo New York,Manhattan,Theater District,40.761600,-73.982600,Private room,278,1,12,2026-08-02,2.79,1,32,12
1614649052231237349,"Hotel Key Flushing, Selected by hotel",744565062,1614649052775252516,Hotel Key Flushing,Queens,Flushing,40.765313,-73.831913,Private room,149,1,9,2026-08-03,2.01,1,0,9
1615259672241269867,Near One World Trade Center + Free Wi-Fi,542206256,1470429190730746407,Solita Soho Hotel - NYC,Manhattan,SoHo,40.720340,-73.998080,Private room,145,1,1,2026-07-23,1,3,233,1
1615260077900833176,Steps from Little Italy + Free Wi-Fi & Coffee Bar,542206256,1470429190730746407,Solita Soho Hotel - NYC,Manhattan,SoHo,40.720920,-73.998080,Private room,145,1,1,2026-07-29,1,3,217,1
1615260391575884388,Close to NYC Chinatown + Free Wi-Fi & Coffee Bar,542206256,1470429190730746407,Solita Soho Hotel - NYC,Manhattan,SoHo,40.720310,-73.999960,Private room,190,1,3,2026-07-29,1.18,3,232,3
1615528784017014390,Executive jr. suite,744786531,1615528784420927932,The Manhattan Club Suites,Manhattan,Midtown,40.765020,-73.980970,Private room,179,1,4,2026-07-18,0.90,2,265,4
1615528784350688793,1 Bedroom suite,744786531,1615528784420927932,The Manhattan Club Suites,Manhattan,Midtown,40.765020,-73.980970,Private room,179,1,6,2026-06-26,1.03,2,278,6
1610325937822176201,Room in gorgeous Bed-Stuy Townhouse,45601339,1465677558433314602,Will,Brooklyn,Bedford-Stuyvesant,40.679630,-73.927240,Private room,346,2,12,2026-07-14,3.36,1,58,12
1612550248792683928,JFK room 2A,594783954,1470623898668790047,Aj,Queens,Springfield Gardens,40.678312,-73.762047,Private room,93,1,14,2026-07-27,2.73,4,357,14
1613961308392533119,King Non Smoking,744388448,1613961308877985737,,Queens,Flushing,40.763490,-73.830990,Private room,349,1,11,2026-07-19,1.90,7,321,11
1613961308473215943,Large studio,744388448,1613961308877985737,,Queens,Flushing,40.763490,-73.830990,Private room,349,1,0,,,7,324,0
1613961308493850940,2 Bedroom Suite Non Smoking,744388448,1613961308877985737,,Queens,Flushing,40.763490,-73.830990,Private room,404,1,3,2026-07-21,0.76,7,326,3
1613961308555357425,2 Double Beds Non Smoking,744388448,,,Queens,Flushing,40.763490,-73.830990,Private room,199,1,3,2026-07-16,0.70,7,338,3
1613961308739511781,1 Bedroom suite non smoking,744388448,,,Queens,Flushing,40.763490,-73.830990,Private room,199,1,2,2026-03-23,0.37,7,336,2
1614018340350324380,Midtown Twin Retreat | Live Jazz + MAD Bar,566778653,1470523351953659729,NH Collection New York Madison Avenue,Manhattan,Midtown,40.751010,-73.981350,Private room,534,1,0,,,4,236,0
1614018632211285219,Boutique Midtown Escape | Live Jazz + MAD Bar,566778653,1470523351953659729,NH Collection New York Madison Avenue,Manhattan,Murray Hill,40.749060,-73.979780,Private room,534,1,0,,,4,235,0
1614018927799603136,Luxury Tower Suite | Near Fifth Ave + MAD Bar,566778653,1470523351953659729,NH Collection New York Madison Avenue,Manhattan,Midtown,40.750250,-73.981770,Private room,1483,1,0,,,4,236,0
1614020137045877415,Spacious Junior Suite | Live Jazz + MAD Bar,566778653,1470523351953659729,NH Collection New York Madison Avenue,Manhattan,Murray Hill,40.748880,-73.979720,Private room,670,1,0,,,4,235,0
1618523976063361840,ADA superior queen room,744405674,,,Manhattan,Chinatown,40.714300,-73.993810,Private room,276,1,0,,,5,35,0
1618523976065871862,Double twin bedroom,744405674,,,Manhattan,Chinatown,40.714300,-73.993810,Private room,180,1,1,2026-07-04,0.77,5,132,1
1618523976076370102,Superior queen room,744405674,1614014111592999634,,Manhattan,Chinatown,40.714300,-73.993810,Private room,156,1,3,2026-07-30,1.80,5,166,3
1618523976083372756,Standard queen room,744405674,1614014111592999634,,Manhattan,Chinatown,40.714300,-73.993810,Private room,156,1,4,2026-06-18,0.78,5,205,4
1618523976093651166,King room,744405674,,,Manhattan,Chinatown,40.714300,-73.993810,Private room,234,1,0,,,5,72,0
1618823233986515550,NYC Spacious 3BR • LGA/ JFK • 15 Mins To City,580170368,1470585992941973638,Sumaiya,Queens,Astoria,40.771000,-73.926140,Entire home/apt,220,1,23,2026-08-01,4.69,3,351,23
1619744978624422653,Gorgeous 2 Bedrooms Chelsea Dream,741465645,1603019992749610639,International Immobiliare,Manhattan,Chelsea,40.750900,-73.996190,Entire home/apt,813,1,22,2026-07-30,4.05,8,332,22
1619755007095747374,Studio double queen,551689437,1470466452770417110,,Manhattan,Midtown,40.752340,-73.985200,Private room,473,1,1,2026-06-28,0.55,5,352,1
1620340049333211194,Allen suite,548998641,1470455870650477320,Sixty,Manhattan,Lower East Side,40.722190,-73.988640,Private room,199,1,0,,,7,351,0
1617477020840010735,King Retreat with Energetic Vibes and Modern Flair,495439249,1467843438231800144,RoomPicks,Queens,Long Island City,40.753050,-73.934106,Hotel room,437,1,0,,,14,336,0
1617477105819491846,Vibrant King Suite Escape w/ Bright Living Space,495439249,1467843438231800144,RoomPicks,Queens,Long Island City,40.753050,-73.934110,Hotel room,376,1,0,,,14,336,0
1617477428201786704,Charming King Bed Studio with Bright Open Layout,495439249,1467843438231800144,RoomPicks,Queens,Long Island City,40.753050,-73.934106,Hotel room,287,1,0,,,14,301,0
1617477509873857259,Spacious King Studio Retreat Offering Smooth Style,495439249,1467843438231800144,RoomPicks,Queens,Long Island City,40.753050,-73.934110,Hotel room,287,1,0,,,14,301,0
1617477914697559976,Gorgeous Skyline Queen Studio Offering City View,495439249,1467843438231800144,RoomPicks,Queens,Long Island City,40.753050,-73.934106,Hotel room,384,1,0,,,14,338,0
1617477990196874671,Stunning NYC-View Queen Studio w/ Bright Layout,495439249,1467843438231800144,RoomPicks,Queens,Long Island City,40.753050,-73.934106,Hotel room,329,1,0,,,14,338,0
1617478728634640648,Queen Studio Suite with Bright  & Modern Comfort,495439249,1467843438231800144,RoomPicks,Queens,Long Island City,40.753050,-73.934106,Hotel room,317,1,0,,,14,338,0
1617479168283480804,Airy Studio w/ 2 Queen Beds and Streamlined Design,495439249,1467843438231800144,RoomPicks,Queens,Long Island City,40.753050,-73.934106,Hotel room,355,1,0,,,14,332,0
1617479242029742543,Inviting 2 Queen Studio Retreat w/ Modern Comfort,495439249,1467843438231800144,RoomPicks,Queens,Long Island City,40.753050,-73.934110,Hotel room,355,1,0,,,14,332,0
1617479310958694859,2 Stylish Queen Studio Retreats Best for Family,495439249,1467843438231800144,RoomPicks,Queens,Long Island City,40.753050,-73.934106,Hotel room,773,1,0,,,14,322,0
1617479846257699416,3 Bright & Cheerful Queen Studio Suites for Groups,495439249,1467843438231800144,RoomPicks,Queens,Long Island City,40.753050,-73.934106,Hotel room,1160,1,0,,,14,314,0
1617480030463713418,Inviting 4 2-Queen Studio Retreats w/ Modern Style,495439249,1467843438231800144,RoomPicks,Queens,Long Island City,40.753050,-73.934106,Hotel room,1546,1,0,,,14,306,0
1617480104385761532,Polished & Bright 4 2 Queen Studios w/ Comfy Vibes,495439249,1467843438231800144,RoomPicks,Queens,Long Island City,40.753050,-73.934106,Hotel room,1797,1,0,,,14,306,0
1617480445201759336,Two Bright & Inviting Unit with 2 Queen Beds,495439249,1467843438231800144,RoomPicks,Queens,Long Island City,40.753050,-73.934106,Hotel room,773,1,0,,,14,322,0
1617561643592949530,Westgate NYC | Luxe Queen | Modern Comfort,671229750,1470682305462684817,Westgate Resorts,Manhattan,Murray Hill,40.749427,-73.971965,Hotel room,215,1,3,2026-08-02,1.41,14,340,3
1617561646938033573,Luxe Queen | Westgate NYC | Newly Renovated,671229750,1470682305462684817,Westgate Resorts,Manhattan,Murray Hill,40.749427,-73.971965,Hotel room,276,1,0,,,14,339,0
1617561666599926803,Westgate NYC | Luxe King | Classic Charm,671229750,1470682305462684817,Westgate Resorts,Manhattan,Murray Hill,40.749427,-73.971965,Hotel room,294,1,0,,,14,345,0
1617561690876172649,Luxe King | Westgate NYC | Elegant Design,671229750,1470682305462684817,Westgate Resorts,Manhattan,Murray Hill,40.749430,-73.971970,Hotel room,294,1,0,,,14,345,0
1617561702921317189,Westgate NYC | Luxe King Suite | Extra Space,671229750,1470682305462684817,Westgate Resorts,Manhattan,Murray Hill,40.749427,-73.971965,Hotel room,368,1,0,,,14,15,0
1617561710474723350,Luxe King Suite| Westgate NYC| Near Grand Central,671229750,1470682305462684817,Westgate Resorts,Manhattan,Murray Hill,40.749430,-73.971970,Hotel room,368,1,0,,,14,15,0
1617561712110878290,Westgate NYC | Luxe 2 Doubles | Midtown Stay,671229750,1470682305462684817,Westgate Resorts,Manhattan,Murray Hill,40.749430,-73.971970,Hotel room,320,1,0,,,14,6,0
1617561718727413810,Luxe 2 Doubles | Westgate NYC | Ideal for Sharing,671229750,1470682305462684817,Westgate Resorts,Manhattan,Murray Hill,40.749430,-73.971970,Hotel room,364,1,0,,,14,8,0
1617561724960177481,Westgate NYC | Luxe 2 Queens | Spacious Room,671229750,1470682305462684817,Westgate Resorts,Manhattan,Murray Hill,40.749427,-73.971965,Hotel room,337,1,0,,,14,11,0
1617561728585428090,Luxe 2 Queens | Westgate NYC | Family Ready,671229750,1470682305462684817,Westgate Resorts,Manhattan,Murray Hill,40.749430,-73.971970,Hotel room,337,1,0,,,14,11,0
1617561740547760017,Westgate NYC | 1BR Queen Suite | Museum Access,671229750,1470682305462684817,Westgate Resorts,Manhattan,Murray Hill,40.749427,-73.971965,Hotel room,478,1,0,,,14,82,0
1617561744519311968,1BR Queen Suite | Westgate NYC | Separate Living,671229750,1470682305462684817,Westgate Resorts,Manhattan,Murray Hill,40.749427,-73.971965,Hotel room,478,1,0,,,14,82,0
1617561751763430785,Westgate NYC | 1BR King Suite | Prime Midtown,671229750,1470682305462684817,Westgate Resorts,Manhattan,Murray Hill,40.749427,-73.971965,Hotel room,497,1,1,2026-06-22,0.59,14,81,1
1617561754222582507,1BR King Suite | Westgate | Chic & Pet-Friendly,671229750,1470682305462684817,Westgate Resorts,Manhattan,Murray Hill,40.749427,-73.971965,Hotel room,497,1,0,,,14,81,0
1618235219202947262,brownstone retreat with chef kitchen,50397264,1618235219919439045,Bria,Brooklyn,Bedford-Stuyvesant,40.694250,-73.951700,Entire home/apt,884,2,10,2026-07-07,2.19,1,227,10
1618364959932522496,Sisterly Touch House 2,675543109,1470691060913897051,Kelsang,Queens,East Elmhurst,40.758580,-73.869600,Private room,138,2,7,2026-06-21,2.41,2,308,7
1625715388909895483,Cozy Private Room near Howard Beach –JFK & Subway,747375443,1625715389591054668,Perla,Queens,Ozone Park,40.670510,-73.843200,Private room,113,1,28,2026-08-06,10.77,1,294,28
1627395260725935592,"Brooklyn Boutique 2BR Near Beaches, JFK, Manhattan",520829715,1470343502946181394,Hibba,Brooklyn,Canarsie,40.630782,-73.900795,Private room,161,2,29,2026-08-01,6.08,1,251,29
1627592785896493700,2 Full Beds | OYO Times Square | Near Broadway,496932087,1470235963265809798,RoomPicks Collection,Manhattan,Theater District,40.759110,-73.983720,Hotel room,211,1,0,,,35,348,0
1627592788194277054,OYO Times Square | 2 Full Beds | Walk to Times Sq,496932087,1470235963265809798,RoomPicks Collection,Manhattan,Theater District,40.759110,-73.983720,Hotel room,211,1,0,,,35,349,0
1627592795348766129,Standard Queen | OYO Times Square,496932087,1470235963265809798,RoomPicks Collection,Manhattan,Theater District,40.759110,-73.983720,Hotel room,223,1,0,,,35,365,0
1627592795543207801,Walk to Empire State | Standard Full |Pet-friendly,496932087,1470235963265809798,RoomPicks Collection,Manhattan,Theater District,40.759110,-73.983720,Hotel room,191,1,0,,,35,360,0
1627592796772851088,Standard Full | OYO Times Square | Pets Allowed,496932087,1470235963265809798,RoomPicks Collection,Manhattan,Theater District,40.759110,-73.983720,Hotel room,212,1,8,2026-07-19,2.55,35,360,8
1627592797350637700,Minutes to Empire State Bldg. | OYO Times Sq,496932087,1470235963265809798,RoomPicks Collection,Manhattan,Theater District,40.759106,-73.983717,Hotel room,200,1,1,2026-06-30,0.70,35,365,1
1627592803384654129,Pet-friendly | OYO Times Sq | Walk to Empire State,496932087,1470235963265809798,RoomPicks Collection,Manhattan,Theater District,40.759110,-73.983720,Hotel room,312,1,1,2026-07-21,1,35,361,1
1627592803636246686,Deluxe 2 Queen Beds | OYO Times Sq | Pet-friendly,496932087,1470235963265809798,RoomPicks Collection,Manhattan,Theater District,40.759110,-73.983720,Hotel room,278,1,0,,,35,359,0
1627592806033699741,Walk to Rockefeller Center | OYO Times Sq,496932087,1470235963265809798,RoomPicks Collection,Manhattan,Theater District,40.759106,-73.983717,Hotel room,222,1,0,,,35,365,0
1627592807436389865,Deluxe King | Pets Allowed | OYO Times Sq.,496932087,1470235963265809798,RoomPicks Collection,Manhattan,Theater District,40.759110,-73.983720,Hotel room,222,1,0,,,35,365,0
1627853130508371399,New! Park Slope Pvt two bdrm 15 min to City,537469023,1470410915036414493,Hugo,Brooklyn,Park Slope,40.671440,-73.973690,Entire home/apt,738,2,5,2026-07-23,1.46,5,124,5
1628588562136450887,Times Square Private Backyard Gem,741465645,1603019992749610639,International Immobiliare,Manhattan,Theater District,40.757540,-73.986780,Entire home/apt,759,1,14,2026-08-05,2.92,8,121,14
1628592175880719081,Executive 2 Beds + Backyard in Lower East Side,741465645,1603019992749610639,International Immobiliare,Manhattan,Lower East Side,40.718760,-73.984100,Entire home/apt,459,2,24,2026-08-03,4.47,8,341,24
1629257469010323538,Cozy queen,545605779,1470442454910243491,,Manhattan,Midtown,40.747230,-73.986980,Private room,286,1,6,2026-08-03,3.10,6,161,6
1629876665816126074,Queen with balcony,546657469,1470446417090522665,,Brooklyn,Williamsburg,40.721320,-73.958500,Private room,449,1,11,2026-08-14,2.64,5,332,11
1629877301528231669,City view king with balcony,546657469,1470446417090522665,,Brooklyn,Williamsburg,40.721320,-73.958500,Private room,449,1,13,2026-08-10,2.32,5,342,13
1629877432025076442,King with balcony,546657469,,,Brooklyn,Williamsburg,40.721320,-73.958500,Private room,289,1,10,2026-06-27,2.03,5,346,10
1629941679757779662,Empire Oasis: Chic Midtown 1BR w/ Private Balcony,707386339,1470755030258461004,Lonie,Manhattan,Midtown,40.749420,-73.985380,Entire home/apt,424,1,14,2026-07-26,3.72,16,289,14
1629975854909652981,Near Central Park | Evening Wine & Free Breakfast,675900742,1470691815826328453,WestHouse NYC,Manhattan,Midtown,40.763200,-73.981970,Private room,483,1,11,2026-07-20,3.75,3,351,11
1629976276189542905,Walk to Times Square with Free Breakfast & Wine,675900742,1470691815826328453,WestHouse NYC,Manhattan,Midtown,40.765360,-73.980360,Private room,491,1,11,2026-08-09,8.92,3,326,11
1629976960136135983,Near MoMA with Free Breakfast & Evening Wine,675900742,1470691815826328453,WestHouse NYC,Manhattan,Midtown,40.765510,-73.980650,Private room,491,1,1,2026-06-07,0.45,3,352,1
1630548536541015517,3 Bed Private Room,748626403,1630548537086872625,NY Moore Hostel,Brooklyn,Williamsburg,40.704360,-73.937590,Private room,419,1,2,2026-07-23,0.77,1,336,2
1639160543135020267,1 king bed deluxe Tribeca view,750836874,1639160543593467774,AMTD Idea Tribeca Hotel,Manhattan,Tribeca,40.720940,-74.005460,Private room,152,1,14,2026-08-15,4.04,5,357,14
1639160543269935793,1 King bed 1 bedroom suite,750836874,1639160543593467774,AMTD Idea Tribeca Hotel,Manhattan,Tribeca,40.720940,-74.005460,Private room,151,1,0,,,5,332,0
1639160543417683194,2 Double beds with whirlpool,750836874,1639160543593467774,AMTD Idea Tribeca Hotel,Manhattan,Tribeca,40.720940,-74.005460,Private room,197,1,10,2026-07-27,2.88,5,354,10
1639160543426248063,2 Doubles Tribeca view,750836874,1639160543593467774,AMTD Idea Tribeca Hotel,Manhattan,Tribeca,40.720940,-74.005460,Private room,129,1,56,2026-08-17,15.85,5,354,56
1639160544019164448,1 King bed,750836874,1639160543593467774,AMTD Idea Tribeca Hotel,Manhattan,Tribeca,40.720940,-74.005460,Private room,152,1,55,2026-08-15,15.87,5,355,55
1640004970913311974,Private BR in Qns| Nr JFK/LGA/LIRR | Free parking,751064066,1640004971846095072,Alicia,Queens,Rosedale,40.656100,-73.728340,Private room,155,2,2,2026-07-20,1.33,1,168,2
1620340049468948309,Premium junior suite,548998641,1470455870650477320,Sixty,Manhattan,Lower East Side,40.722190,-73.988640,Private room,199,1,2,2026-06-20,0.78,7,355,2
1620340049559241517,Empire terrace,548998641,1470455870650477320,Sixty,Manhattan,Lower East Side,40.722190,-73.988640,Private room,256,1,4,2026-08-15,1.28,7,350,4
1620340049590728347,Junior suite,548998641,1470455870650477320,Sixty,Manhattan,Lower East Side,40.722190,-73.988640,Private room,199,1,4,2026-07-05,1.33,7,352,4
1620340049612392226,Queen studio,548998641,1470455870650477320,Sixty,Manhattan,Lower East Side,40.722190,-73.988640,Private room,408,1,21,2026-08-17,6.56,7,355,21
1620340049901143394,Double queen studio,548998641,1470455870650477320,Sixty,Manhattan,Lower East Side,40.722190,-73.988640,Private room,199,1,0,,,7,352,0
1620371764910920390,Walk to MOCA + Tenement Museum | Daily Perks,701910690,1470745391259129844,Hotel Richland LES - NYC,Manhattan,Chinatown,40.714480,-73.992160,Private room,183,1,14,2026-08-08,3.11,5,356,14
1620371940373783346,Steps to Chinatown | City Views + Coffee Bar,701910690,1470745391259129844,Hotel Richland LES - NYC,Manhattan,Chinatown,40.715150,-73.993890,Private room,192,1,5,2026-08-03,2.31,5,347,5
1620372290031084997,Near SoHo & Little Italy | City View + Daily Perks,701910690,1470745391259129844,Hotel Richland LES - NYC,Manhattan,Chinatown,40.715220,-73.993920,Private room,202,1,2,2026-07-05,1.00,5,340,2
1620373279110705125,Walk to Brooklyn Bridge | Fitness Center + Perks,701910690,1470745391259129844,Hotel Richland LES - NYC,Manhattan,Chinatown,40.713780,-73.992720,Private room,213,1,26,2026-08-07,5.38,5,356,26
1620373502612235063,Near Wall Street Ferry | Fitness Center + Perks,701910690,1470745391259129844,Hotel Richland LES - NYC,Manhattan,Chinatown,40.715230,-73.991960,Private room,186,1,18,2026-08-03,3.58,5,348,18
1621230344436794478,Brooklyn Charm By Prospect Park (3 Min To Subway),174606780,1468693880263880007,Anna,Brooklyn,Flatbush,40.654230,-73.963090,Private room,644,1,2,2026-07-05,1.18,2,264,2
1621449462840073912,Chic 3BR Bklyn House + FREE Parking | Near Transit,737030467,1621449463475091805,Jevon,Brooklyn,East Flatbush,40.642610,-73.945620,Entire home/apt,442,1,18,2026-07-25,5.05,1,77,18
1622201621378875407,New Brooklyn Brownstone Experience,29110366,1493906852009716522,Taylan,Brooklyn,Bedford-Stuyvesant,40.691080,-73.936930,Private room,225,1,21,2026-07-26,7.08,1,1,21
1623494747869698706,Steps to Empire State Building + Dining. Pool. Spa,650380400,1470636436362886890,Virgin Hotel NYC,Manhattan,Midtown,40.745340,-73.989760,Private room,497,1,2,2026-07-29,0.48,2,143,2
1623495045013498732,NYC Skyline Views + Dining. Rooftop Pool. Spa.,650380400,1470636436362886890,Virgin Hotel NYC,Manhattan,Midtown,40.745630,-73.987910,Private room,456,1,0,,,2,142,0
1624021775204340721,Parking • Apt Room • Shared Kitchen & Bathroom,480764728,1463802792867093175,Benjamin,Brooklyn,Sheepshead Bay,40.601850,-73.936030,Private room,135,2,3,2026-06-28,1.64,1,344,3
1624139636812489117,Standard one queen bed room,746976833,1624139637304440861,,Manhattan,Midtown,40.755620,-73.982320,Private room,178,1,22,2026-07-12,5.00,7,342,22
1624139636848187711,Loft suite one king bed,746976833,1624139637304440861,,Manhattan,Midtown,40.755620,-73.982320,Private room,178,1,3,2026-07-11,0.77,7,341,3
1624139636876849369,Deluxe one queen bed room,746976833,,,Manhattan,Midtown,40.755620,-73.982320,Private room,195,1,1,2026-07-07,0.83,7,353,1
1624139636929624631,Deluxe one king bed room,746976833,,,Manhattan,Midtown,40.755620,-73.982320,Private room,195,1,7,2026-07-26,2.41,7,363,7
1624139637045643302,Superior two double beds room,746976833,,,Manhattan,Midtown,40.755620,-73.982320,Private room,195,1,2,2026-06-28,0.91,7,337,2
1624139637056689659,City view alcove suite one king bed,746976833,1624139637304440861,,Manhattan,Midtown,40.755620,-73.982320,Private room,178,1,1,2026-04-04,0.21,7,361,1
1624139637261249839,Superior one queen bed room,746976833,1624139637304440861,,Manhattan,Midtown,40.755620,-73.982320,Private room,178,1,10,2026-07-26,2.26,7,354,10
1624712915076111554,Exclusive Apartment 515 | Shared Bathroom,401202937,1469841047362978348,Eliza,Manhattan,Midtown,40.746070,-73.989030,Entire home/apt,239,1,7,2026-07-26,1.39,70,161,7
1624729566411958464,Exclusive Studio 207 | Private Bathroom,401202937,1469841047362978348,Eliza,Manhattan,Midtown,40.746100,-73.987200,Entire home/apt,284,1,10,2026-07-21,2.00,70,131,10
1632733680773980473,Chic & Spacious UWS Gem | Steps to Central Park,707386339,1470755030258461004,Lonie,Manhattan,Upper West Side,40.777330,-73.979020,Entire home/apt,402,1,15,2026-07-26,3.36,16,325,15
1633296899985585692,Spacious 5-Unit Harlem Home| Game Room | Sleeps 20,141000707,1468393962343714808,Hallie,Manhattan,Harlem,40.828250,-73.946400,Entire home/apt,2200,3,0,,,11,264,0
1633338118440146786,Standard room with two twin beds,572476912,,,Manhattan,Midtown,40.756100,-73.981190,Private room,176,1,0,,,8,296,0
1633338118602438837,Standard room with king bed,572476912,,,Manhattan,Midtown,40.756100,-73.981190,Private room,224,1,2,2026-05-12,0.65,8,303,2
1633548189060334163,Maison Irene • Spacious 3BR Duplex in Brooklyn,489124684,1463823208889273151,Briana & Tyrell,Brooklyn,Bedford-Stuyvesant,40.680435,-73.946636,Shared room,419,3,0,,,15,297,0
1633626388356168030,Classic single room,749429565,1633626388825011886,Madison LES,Manhattan,Two Bridges,40.712380,-73.992740,Private room,239,1,23,2026-08-10,5.27,3,340,23
1633626388628890894,NQ standard room,749429565,1633626388825011886,Madison LES,Manhattan,Two Bridges,40.712380,-73.992740,Private room,239,1,6,2026-08-09,1.38,3,356,6
1633626388732000662,NDD standard room,749429565,1633626388825011886,Madison LES,Manhattan,Two Bridges,40.712380,-73.992740,Private room,129,1,15,2026-08-09,8.04,3,327,15
1642860292428117650,Private Apartment 541 | Shared Bathroom,401202937,1469841047362978348,Eliza,Manhattan,Midtown,40.746040,-73.988800,Entire home/apt,213,1,3,2026-05-09,0.68,70,174,3
1642866740890752445,Near Madison Square Garden + Free Breakfast & Gym,562353195,1470509984301612136,Holiday NewYork Chelsea,Manhattan,Chelsea,40.747750,-73.995770,Private room,1058,1,0,,,3,44,0
1642880342078018311,Exclusive Apartment 676 | Shared Bathroom,401202937,1469841047362978348,Eliza,Manhattan,Midtown,40.745960,-73.988140,Entire home/apt,234,1,1,2026-04-10,0.24,70,110,1
1642884290581705268,Elegant 3Bedroom Home -Upper East Side Gem,734277971,1642884292491228995,Fredy,Manhattan,Upper East Side,40.771860,-73.953890,Entire home/apt,579,5,6,2026-07-22,3.40,1,120,6
1643331206095338975,Single pod,651519038,1470638979014629740,,Manhattan,Murray Hill,40.749300,-73.976700,Private room,261,1,125,2026-08-07,26.41,4,363,125
1643343865444978960,Bunk Pod - Shared Bathroom,652606311,1470641142898562957,,Manhattan,Midtown,40.755700,-73.969160,Private room,199,1,199,2026-08-06,48.15,6,359,199
1643351505460876003,Bunk pod,651521635,1470638983953485286,,Manhattan,Hell's Kitchen,40.758390,-73.993100,Private room,197,1,469,2026-08-07,105.00,4,320,469
1643365191700172329,Bunk pod,595011883,1470624433494476571,,Brooklyn,Williamsburg,40.715200,-73.959090,Private room,287,1,113,2026-08-07,25.30,4,304,113
1644460079727823408,Studio balcony suite,555538068,1470480816994780514,,Manhattan,Midtown,40.744840,-73.983350,Private room,259,1,0,,,7,345,0
1634394539465313326,Queens Budget Friendly 1bedroom near JFK,411335004,1469876160593788098,Seon,Queens,Jamaica,40.694630,-73.782240,Private room,72,2,4,2026-07-20,2.11,1,245,4
1635369079890222997,Radio two queen room,563245673,1470512700945658197,,Manhattan,Washington Heights,40.847921,-73.931298,Private room,167,1,174,2026-08-06,31.26,3,306,174
1635369079945185388,"Radio Hotel, Radio deluxe king room",563245673,,,Manhattan,Washington Heights,40.847921,-73.931298,Private room,267,1,42,2026-07-06,8.03,3,318,42
1635369079971384438,"Radio Hotel, Radio deluxe queen room",563245673,,,Manhattan,Washington Heights,40.847921,-73.931298,Private room,267,1,49,2026-07-28,10.65,3,19,49
1635576433268187983,"Club Quarters Hotel World Trade Center, New Yor...",557255644,1470490461572634128,,Manhattan,Financial District,40.709470,-74.013940,Private room,153,1,3,2026-08-03,0.86,9,321,3
1635576433544349278,"Club Quarters Hotel World Trade Center, New Yor...",557255644,1470490461572634128,,Manhattan,Financial District,40.709470,-74.013940,Private room,224,1,2,2026-08-02,0.59,9,272,2
1635576433620744981,"Club Quarters Hotel World Trade Center, New Yor...",557255644,1470490461572634128,,Manhattan,Financial District,40.709470,-74.013940,Private room,131,1,0,,,9,311,0
1635576433784855919,"Club Quarters Hotel World Trade Center, New Yor...",557255644,1470490461572634128,,Manhattan,Financial District,40.709470,-74.013940,Private room,261,1,2,2026-04-30,0.48,9,340,2
1635612896711939873,Grand terrace room,734862602,,,Manhattan,Lower East Side,40.720017,-73.989518,Private room,269,1,3,2026-07-24,0.65,7,324,3
1636927614145343856,Comfy Bed-Stuy retreat w/ outdoor patio,21385175,1636927614935588438,Arif,Brooklyn,Bedford-Stuyvesant,40.686020,-73.926290,Private room,267,2,3,2026-08-01,3,1,316,3
1637689990948215609,bright 1bdrm suite Steps to Subway & Prospect Park,750443539,1637689991791033232,Irene,Brooklyn,Prospect-Lefferts Gardens,40.656500,-73.949230,Entire home/apt,405,1,14,2026-07-19,4.67,1,276,14
1638338395783185695,A few blocks away from the iconic Times Square!,750439361,1638338396349006809,Hard Rock Hotel New York,Manhattan,Theater District,40.759687,-73.983348,Private room,399,1,0,,,17,352,0
1638423829175613569,Junior Suite 2 Queens,726194009,1541514260708198505,The Gardens Sonesta ES Suites,Manhattan,Upper East Side,40.764300,-73.963100,Private room,386,1,3,2026-06-01,0.84,3,100,3
1638423850127198566,One bedroom suite 1 queen,537145098,1470409624912841733,The Benjamin Royal Sonesta New York,Manhattan,Midtown,40.756500,-73.972000,Private room,347,1,1,2026-07-12,0.73,6,119,1
1638423850215509524,One bedroom suite 1 king,537145098,1470409624912841733,The Benjamin Royal Sonesta New York,Manhattan,Midtown,40.756500,-73.972000,Private room,299,1,0,,,6,113,0
1638423850278468829,Guest room 1 bed,570448631,1470534721048034631,The Fifty Sonesta Hotel New York,Manhattan,Midtown,40.756100,-73.971000,Private room,204,1,15,2026-08-09,3.06,4,102,15
1638423850319362959,Studio apartment,570448631,1470534721048034631,The Fifty Sonesta Hotel New York,Manhattan,Midtown,40.756100,-73.971000,Private room,276,1,2,2026-05-25,0.41,4,99,2
1638423850560280444,Guest room 2 beds,570448631,1470534721048034631,The Fifty Sonesta Hotel New York,Manhattan,Midtown,40.756100,-73.971000,Private room,204,1,3,2026-05-17,0.79,4,121,3
1638423850599825088,Deluxe studio 1 king,537145098,1470409624912841733,The Benjamin Royal Sonesta New York,Manhattan,Midtown,40.756500,-73.972000,Private room,299,1,2,2026-05-23,0.51,6,106,2
1638423850981612529,Guest room queen,537145098,1470409624912841733,The Benjamin Royal Sonesta New York,Manhattan,Midtown,40.756500,-73.972000,Private room,299,1,2,2026-07-26,1.46,6,98,2
1638424053687720145,Junior suite 1 king,726194009,1541514260708198505,The Gardens Sonesta ES Suites,Manhattan,Upper East Side,40.764300,-73.963100,Private room,376,1,2,2026-07-04,0.97,3,106,2
1638424150560189973,Guest room 2 beds,570439129,1470534878650244734,The Shelburne Sonesta New York,Manhattan,Murray Hill,40.748600,-73.978100,Private room,313,1,6,2026-07-12,2.17,3,52,6
1638424150963587936,Studio apartment 1 bed,570439129,1470534878650244734,The Shelburne Sonesta New York,Manhattan,Murray Hill,40.748600,-73.978100,Private room,273,1,1,2026-06-01,0.37,3,96,1
1638446969568568591,One room suite with sofa bed,571615601,1470549221696134048,,Manhattan,Financial District,40.709470,-74.013940,Private room,162,1,1,2026-04-05,0.22,13,0,1
1638446969618236448,Superior room with kitchenette,571615601,1470549221696134048,,Manhattan,Financial District,40.709470,-74.013940,Private room,162,1,0,,,13,0,0
1638446969636270147,Standard room with 2 twin beds,571615601,1470549221696134048,,Manhattan,Financial District,40.709470,-74.013940,Private room,221,1,1,2026-06-07,0.39,13,0,1
1638447130194529288,Superior room with two twin beds,571615601,1470549221696134048,,Manhattan,Financial District,40.709470,-74.013940,Private room,162,1,0,,,13,0,0
1638447130604312462,Family room with 2 queen beds,571615601,1470549221696134048,,Manhattan,Financial District,40.709470,-74.013940,Private room,269,1,0,,,13,0,0
1644460079885742928,Premier studio double,555538068,1470480816994780514,,Manhattan,Midtown,40.744840,-73.983350,Private room,179,1,5,2026-08-06,2.03,7,336,5
1644460079940893290,Studio loft suite,555538068,1470480816994780514,,Manhattan,Midtown,40.744840,-73.983350,Private room,299,1,0,,,7,340,0
1644460079952278695,Studio balcony king,555538068,1470480816994780514,,Manhattan,Midtown,40.744840,-73.983350,Private room,259,1,2,2026-05-04,0.55,7,344,2
1644505748745001413,Residence Charming Chelsea Duplex,680010460,1470700592886970650,Intern Immob,Manhattan,Chelsea,40.750710,-73.994150,Entire home/apt,795,1,17,2026-07-12,3.67,7,338,17
1644734349549319005,Classic King at Hard Rock Hotel New York!,750439361,1638338396349006809,Hard Rock Hotel New York,Manhattan,Theater District,40.759687,-73.983348,Private room,399,1,0,,,17,352,0
1644734364256656806,Minutes away from Central Park! Pets Allowed!,750439361,1638338396349006809,Hard Rock Hotel New York,Manhattan,Theater District,40.759687,-73.983348,Private room,399,1,0,,,17,353,0
1644738828333455961,Deluxe King at Hard Rock Hotel New York!,750439361,1638338396349006809,Hard Rock Hotel New York,Manhattan,Theater District,40.759687,-73.983348,Private room,425,1,0,,,17,346,0
1644740600763666595,"Prime Location! Onsite Restaurant, Rooftop Bar",750439361,1638338396349006809,Hard Rock Hotel New York,Manhattan,Theater District,40.759687,-73.983348,Private room,426,1,0,,,17,346,0
1644745038790283430,"Look No More! Pet-friendly, Near Strawberry Fields",750439361,1638338396349006809,Hard Rock Hotel New York,Manhattan,Theater District,40.759690,-73.983350,Hotel room,496,1,0,,,17,341,0
1644748905245383575,Studio Suite at Hard Rock Hotel New York!,750439361,1638338396349006809,Hard Rock Hotel New York,Manhattan,Theater District,40.759690,-73.983350,Hotel room,496,1,0,,,17,341,0
1644942307359133664,Rove Travel | The Landmark | Townhome w/Roof Deck,502657573,1470260019115267224,Rove Travel,Manhattan,Murray Hill,40.748960,-73.975320,Entire home/apt,2117,2,3,2026-07-22,0.78,72,27,3
1645013594904275284,Super 8 Bronx | 2 Double | Bronx Zoo & Gardens,699580302,1468076594809015006,Super 8 By Wyndham,Bronx,Concourse Village,40.825970,-73.921730,Hotel room,149,1,0,,,4,363,0
1645013616288336657,Super 8 Bronx | King | Free Breakfast & Subway,699580302,1468076594809015006,Super 8 By Wyndham,Bronx,Concourse Village,40.825970,-73.921730,Hotel room,129,1,0,,,4,347,0
1645013621227302775,2 Double | Super 8 Bronx | Walk to Yankee Stadium,699580302,1468076594809015006,Super 8 By Wyndham,Bronx,Concourse Village,40.825969,-73.921726,Hotel room,149,1,0,,,4,363,0
1645013766116307906,King | Super 8 Bronx | Steps to Yankee Stadium,699580302,1468076594809015006,Super 8 By Wyndham,Bronx,Concourse Village,40.825970,-73.921730,Hotel room,129,1,0,,,4,347,0
1649824380698023362,Luxury Loft Suite in Historic Mansfield,710587002,1476882259525329888,Husyar,Manhattan,Midtown,40.754390,-73.980190,Entire home/apt,481,1,0,,,37,194,0
1650125374967741482,Comfy Bed in Living Room - No Door (Host Present),70380469,1466871155098173236,Bruce,Manhattan,Inwood,40.860960,-73.931120,Shared room,90,1,37,2026-08-08,9.74,1,333,37
1650156461156600150,Cozy Space w/ Amenities | 15 Mins to JFK & Mall,719120542,1510852966758343237,Aj,Queens,Laurelton,40.669440,-73.740220,Private room,315,1,4,2026-07-19,1.46,1,52,4
1651018043547036432,Sunny Room w/Desk + Easy Manhattan Access,225138087,1645204170552420779,Christopher,Bronx,Highbridge,40.837388,-73.923434,Private room,95,4,7,2026-06-19,1.84,1,37,7
1653244255086277868,Spacious & Refined Upper West Side Residence,338218352,1653244255907233116,Finn,Manhattan,Upper West Side,40.800910,-73.962490,Entire home/apt,513,5,0,,,1,358,0
1653435243623530221,"Spacious Apartment, 1 Queen Bed - FiDi",753417675,1649332033617555533,Nester Finn,Manhattan,Financial District,40.707529,-74.006188,Entire home/apt,203,1,155,2026-07-27,37.80,14,365,155
1653623623314728838,1 bedroom apartment 1 queen bed,754528456,1653623623877780281,,Queens,Long Island City,40.745840,-73.944950,Private room,332,1,3,2026-07-30,1.13,4,365,3
1653623623368332284,Two bedroom apartment,754528456,1653623623877780281,,Queens,Long Island City,40.745840,-73.944950,Private room,195,1,1,2026-07-31,1,4,328,1
1653623623384067662,"2 Bedroom apartment, city view",754528456,,,Queens,Long Island City,40.745840,-73.944950,Private room,248,1,4,2026-07-28,2.50,4,305,4
1653623624167832241,Studio apartment 1 king bed,754528456,1653623623877780281,,Queens,Long Island City,40.745840,-73.944950,Private room,287,1,9,2026-07-31,3.91,4,365,9
1653654359720387655,Queen salon,721502574,1521157151215266908,Hotel LEX,Manhattan,Midtown,40.755240,-73.973010,Private room,319,1,14,2026-07-20,3.56,8,291,14
1653654360024000375,Queen salon accessible,721502574,1521157151215266908,Hotel LEX,Manhattan,Midtown,40.755240,-73.973010,Private room,319,1,2,2026-06-17,0.74,8,301,2
1653654360092004721,1 King bed salon,721502574,1521157151215266908,Hotel LEX,Manhattan,Midtown,40.755240,-73.973010,Private room,319,1,6,2026-08-10,2.14,8,294,6
1653654361391646207,1 King bed high floor premier,721502574,1521157151215266908,Hotel LEX,Manhattan,Midtown,40.755240,-73.973010,Private room,319,1,3,2026-06-28,1.17,8,307,3
1653654769256635062,1 Queen bed master suite high floor,721502574,1521157151215266908,Hotel LEX,Manhattan,Midtown,40.755240,-73.973010,Private room,319,1,0,,,8,308,0
1653654769273211625,1 King bed with sitting area executive salon,721502574,1521157151215266908,Hotel LEX,Manhattan,Midtown,40.755240,-73.973010,Private room,370,1,1,2026-06-21,0.48,8,308,1
1653654769300906508,1 Queen bed suite central with sofa bed,721502574,1521157151215266908,Hotel LEX,Manhattan,Midtown,40.755240,-73.973010,Private room,319,1,0,,,8,305,0
1653654770033709574,1 King or queen bed with terrace salon,721502574,1521157151215266908,Hotel LEX,Manhattan,Midtown,40.755240,-73.973010,Private room,370,1,0,,,8,306,0
1653769900744006703,"Guest room, 1 queen bed, balcony",754579027,,,Queens,Long Island City,40.753390,-73.936550,Private room,184,1,3,2026-07-08,2.20,3,68,3
1653769901230698406,"Guest room, 2 double bed",754579027,1653769901237943845,,Queens,Long Island City,40.753390,-73.936550,Private room,173,1,9,2026-08-05,4.09,3,159,9
1653803229211742593,"Superior Studio Apt, 1 Queen, 1 Sofa Bed - FiDi",753417675,1649332033617555533,Nester Finn,Manhattan,Financial District,40.707529,-74.006188,Entire home/apt,300,1,4,2026-05-25,1.25,14,357,4
1653805348268284617,"1 Bedroom Apartment, 1 Queen - FiDi",753417675,1649332033617555533,Nester Finn,Manhattan,Financial District,40.707529,-74.006188,Entire home/apt,270,1,18,2026-07-21,4.43,14,359,18
1653807965670777395,"Superior 1 Bed Apt, 1 Queen, 1 Sofa Bed - FiDi",753417675,1649332033617555533,Nester Finn,Manhattan,Financial District,40.707529,-74.006188,Entire home/apt,306,1,82,2026-08-02,20.16,14,365,82
1653811014342621466,"Superior 1 Bed w/ Sleeping Den, 2 Queens, Sofa Bed",753417675,1649332033617555533,Nester Finn,Manhattan,Financial District,40.707529,-74.006188,Entire home/apt,444,1,150,2026-07-26,36.89,14,365,150
1653813662129806021,"Deluxe 1 Bed w/ Sleeping Den, 1 King 1 Queen, FiDi",753417675,1649332033617555533,Nester Finn,Manhattan,Financial District,40.707529,-74.006188,Entire home/apt,456,1,5,2026-07-05,1.39,14,293,5
1653816332905227505,"Deluxe 2 Bed Apt, 2 Kings, 3 Bath, Sofa Bed - FiDi",753417675,1649332033617555533,Nester Finn,Manhattan,Financial District,40.707529,-74.006188,Entire home/apt,479,1,5,2026-07-12,1.39,14,324,5
1653818986949498480,"Deluxe 3 Bed Apt 1 King, 2 Queens, Sofa Bed - FiDi",753417675,1649332033617555533,Nester Finn,Manhattan,Financial District,40.707529,-74.006188,Entire home/apt,656,1,4,2026-07-19,2.07,14,285,4
1645078905087022091,Steps to Barclays Center + Work Spaces & Free WiFi,446994202,1470013164409845391,The Industrialist Hotel Gowanus Brooklyn NYC,Brooklyn,Park Slope,40.676940,-73.983210,Private room,172,1,117,2026-08-07,26.19,6,157,117
1645079177584110477,Near Prospect Park + Work Spaces & Free WiFi,446994202,1470013164409845391,The Industrialist Hotel Gowanus Brooklyn NYC,Brooklyn,Gowanus,40.678620,-73.984570,Private room,196,1,16,2026-07-20,4.29,6,145,16
1645079533775397446,Walk to Barclays Center + Work Spaces & Free WiFi,446994202,1470013164409845391,The Industrialist Hotel Gowanus Brooklyn NYC,Brooklyn,Park Slope,40.676650,-73.982880,Private room,259,1,3,2026-05-19,0.73,6,132,3
1645080900777147629,Close to Prospect Park + Work Spaces & Free WiFi,446994202,1470013164409845391,The Industrialist Hotel Gowanus Brooklyn NYC,Brooklyn,Park Slope,40.676850,-73.982550,Private room,456,1,0,,,6,145,0
1645081015676028467,Close to Barclays Center + Work Spaces & Free WiFi,446994202,1470013164409845391,The Industrialist Hotel Gowanus Brooklyn NYC,Brooklyn,Gowanus,40.676640,-73.984350,Private room,210,1,23,2026-08-02,5.39,6,135,23
1645081144693098773,Minutes to Prospect Park + Work Spaces & Free WiFi,446994202,1470013164409845391,The Industrialist Hotel Gowanus Brooklyn NYC,Brooklyn,Gowanus,40.678600,-73.984060,Private room,377,1,0,,,6,130,0
1645216908599020776,Deluxe 2 Queen Beds at Hard Rock Hotel New York!,750439361,1638338396349006809,Hard Rock Hotel New York,Manhattan,Theater District,40.759687,-73.983348,Private room,664,1,0,,,17,345,0
1645222223425436853,"Look No More! Pet-friendly, Live Entertainment",750439361,1638338396349006809,Hard Rock Hotel New York,Manhattan,Theater District,40.759687,-73.983348,Private room,434,1,0,,,17,346,0
1645238888151070141,2 Deluxe Room at Hard Rock Hotel New York!,750439361,1638338396349006809,Hard Rock Hotel New York,Manhattan,Theater District,40.759687,-73.983348,Private room,868,1,0,,,17,344,0
1645247121341994715,"Prime Location! 2 Great Units, Pets Allowed",750439361,1638338396349006809,Hard Rock Hotel New York,Manhattan,Theater District,40.759687,-73.983348,Private room,1327,1,0,,,17,346,0
1645247772219453015,3 Deluxe 2 Queens at Hard Rock Hotel New York!,750439361,1638338396349006809,Hard Rock Hotel New York,Manhattan,Theater District,40.759690,-73.983350,Private room,1302,1,1,2026-05-27,0.39,17,342,1
1645249298541708932,"Rockefeller Views, City Pulse, 3 Rocking Units!",750439361,1638338396349006809,Hard Rock Hotel New York,Manhattan,Theater District,40.759687,-73.983348,Private room,1302,1,0,,,17,342,0
1645252576343944205,4 Deluxe 2 Queens at Hard Rock Hotel New York!,750439361,1638338396349006809,Hard Rock Hotel New York,Manhattan,Theater District,40.759687,-73.983348,Private room,1736,1,0,,,17,339,0
1645252582380140186,"Comfort and Convenience! 4 Great Units, Restaurant",750439361,1638338396349006809,Hard Rock Hotel New York,Manhattan,Theater District,40.759687,-73.983348,Private room,1736,1,0,,,17,340,0
1645267520066291334,Pet-friendly Accommodation in NY with City Views!,750439361,1638338396349006809,Hard Rock Hotel New York,Manhattan,Theater District,40.759687,-73.983348,Private room,425,1,0,,,17,353,0
1645291383605748517,NYC 5 Borough Adventure | Family Stay + Balcony,752202723,1645291340213627841,Bella,Brooklyn,Bedford-Stuyvesant,40.691810,-73.935540,Entire home/apt,356,1,12,2026-07-26,4.19,5,311,12
1645501903925526207,Superior King at Hard Rock Hotel New York!,750439361,1638338396349006809,Hard Rock Hotel New York,Manhattan,Theater District,40.759687,-73.983348,Private room,425,1,0,,,17,353,0
1645620567764076535,Cozy Studio | Minutes to Manhattan,752480665,1645620568585319861,Mushrath,Queens,Sunnyside,40.744110,-73.922940,Entire home/apt,164,2,3,2026-08-06,3,1,342,3
1645681291050081800,Standard Room 1 Queen Bed (Floors 8-14),726813299,1544253295372081026,Margaritaville Resort Times Sq,Manhattan,Theater District,40.755050,-73.988030,Private room,589,1,0,,,8,278,0
1645754058584760427,Explore Brooklyn Stay | 3 Bedrooms + Patio,752202723,1645291340213627841,Bella,Brooklyn,Bedford-Stuyvesant,40.693350,-73.937700,Entire home/apt,347,1,21,2026-08-03,6.70,5,316,21
1646584974224997690,Charming Top Floor of Brooklyn Brownstone,5837162,1646584974926047535,Caren,Brooklyn,South Slope,40.666655,-73.982383,Private room,463,1,8,2026-07-27,2.73,1,45,8
1647102582717037098,Unique NYC Stay | 3BR • 3 Bathrooms + Patio,752202723,1645291340213627841,Bella,Brooklyn,Bedford-Stuyvesant,40.693830,-73.935920,Entire home/apt,407,1,23,2026-08-05,7.34,5,245,23
1647261538355446205,Only in Brooklyn | 2BR + Backyard • Full Kitchen,752202723,1645291340213627841,Bella,Brooklyn,Bedford-Stuyvesant,40.691540,-73.936320,Entire home/apt,382,1,16,2026-08-07,4.75,5,315,16
1647389562805989803,Private Bedroom in shared Crown Heights Townhouse,80427932,1466980204217988974,Axel,Brooklyn,Crown Heights,40.676790,-73.923300,Private room,204,3,1,2026-05-20,0.36,1,314,1
1647790197894111714,Charming Spacious | 4BED | Queens/LIC / Sunnyside,153988027,1468507802063458418,Zain,Queens,Sunnyside,40.743840,-73.924910,Entire home/apt,401,1,19,2026-08-07,5.33,1,300,19
1647975127223200147,Luxury NYC Penthouse Duplex w/ Private Rooftop,329353893,1590083994540551395,Richard,Manhattan,Hell's Kitchen,40.759420,-73.992980,Private room,759,2,0,,,1,365,0
1648809012079954232,Midtown Penthouse with Empire State Views in NYC,316769045,1648809012840450954,Christopher,Manhattan,Midtown,40.750270,-73.985180,Entire home/apt,987,2,3,2026-06-20,0.81,5,353,3
1648854317693321220,Modern Cozy Room in Queens,59610716,1462743163967241829,Jairo,Queens,East Elmhurst,40.756200,-73.899650,Private room,146,2,9,2026-06-30,3.42,1,102,9
1649026196485083423,Big and sunny room on the L in Bushwick,194549412,1469013749731943419,Nathalie,Brooklyn,Bushwick,40.691300,-73.906320,Private room,167,1,8,2026-07-08,2.70,1,282,8
1653835381228817157,Private Apartment 528 | Shared Bathroom,401202937,1469841047362978348,Eliza,Manhattan,Midtown,40.748110,-73.988370,Entire home/apt,192,1,6,2026-07-22,2.40,70,84,6
1654476401576399312,Exclusive Studio 1107 | Private Bathroom,401202937,1469841047362978348,Eliza,Manhattan,Midtown,40.746490,-73.986720,Private room,347,1,6,2026-07-31,1.82,70,93,6
1654477711118797087,King Suite | Marriott Queens | 24hr Gym + Bfast,751021959,1654477711705081087,SpringHill Suites New York Queens,Queens,Long Island City,40.758137,-73.944357,Hotel room,211,1,0,,,12,231,0
1654477711897655259,Marriott Queens | King Suite | Queens to NYC Easy,751021959,1654477711705081087,SpringHill Suites New York Queens,Queens,Long Island City,40.758137,-73.944357,Hotel room,211,1,0,,,12,231,0
1654477713283656235,King Ste | Marriott Queens | Near Subway | 2 Units,751021959,1654477711705081087,SpringHill Suites New York Queens,Queens,Long Island City,40.758140,-73.944360,Hotel room,474,1,0,,,12,230,0
1654477716210855632,Marriott Queens | King Suite | NYC Trips | 2 Units,751021959,1654477711705081087,SpringHill Suites New York Queens,Queens,Long Island City,40.758137,-73.944357,Hotel room,474,1,0,,,12,230,0
1654477721785634765,City King Suite | Marriott Queens | NYC Views,751021959,1654477711705081087,SpringHill Suites New York Queens,Queens,Long Island City,40.758140,-73.944360,Hotel room,251,1,0,,,12,230,0
1654477722354259726,Marriott Queens | City King Suite | Bfast Included,751021959,1654477711705081087,SpringHill Suites New York Queens,Queens,Long Island City,40.758140,-73.944360,Hotel room,292,1,0,,,12,230,0
1654477737649099354,2 Queen Suite | Marriott Queens | Free Breakfast,751021959,1654477711705081087,SpringHill Suites New York Queens,Queens,Long Island City,40.758140,-73.944360,Hotel room,224,1,4,2026-08-09,4,12,229,4
1654477737959398001,Marriott Queens | 2 Queen Suite | Subway Access,751021959,1654477711705081087,SpringHill Suites New York Queens,Queens,Long Island City,40.758137,-73.944357,Hotel room,251,1,2,2026-08-09,2,12,228,2
1654477746556328357,2 Queen Suite | Marriott Queens | Bfast | 2 Units,751021959,1654477711705081087,SpringHill Suites New York Queens,Queens,Long Island City,40.758137,-73.944357,Hotel room,502,1,5,2026-08-09,2.24,12,225,5
1660236284325757558,Near JFK AirTrain | Free Breakfast + Fitness,371601392,1469752652368161090,La Quinta Inn & Suites Wyndham Jamaica,Queens,Jamaica,40.702210,-73.807370,Private room,160,1,9,2026-08-08,5.09,4,159,9
1660237635745545709,Jamaica Station Access with Free Breakfast & Gym,371601392,1469752652368161090,La Quinta Inn & Suites Wyndham Jamaica,Queens,Jamaica,40.700250,-73.806680,Private room,169,1,62,2026-08-08,28.18,4,159,62
1660238754094732128,Steps to Jamaica Station | Free Breakfast + Gym,371601392,1469752652368161090,La Quinta Inn & Suites Wyndham Jamaica,Queens,Jamaica,40.700400,-73.807690,Private room,196,1,0,,,4,160,0
1660238860959493584,Stay Near Airport with Free Breakfast & 24/7 Gym,371601392,1469752652368161090,La Quinta Inn & Suites Wyndham Jamaica,Queens,Jamaica,40.702450,-73.806740,Private room,205,1,11,2026-08-01,5.32,4,143,11
1660247308251519126,Steps to Sunset Park + Free Breakfast & Wi-Fi,430190023,1469948521841720129,Holiday Inn Express Brooklyn Sunset Park,Brooklyn,Borough Park,40.647540,-73.996720,Private room,173,1,7,2026-06-14,2.39,1,112,7
1660974402881718274,Cozy room #3,117342029,1497810420232607653,Roberte,Queens,Cambria Heights,40.692950,-73.726460,Private room,84,28,0,,,1,313,0
1661057380293580112,Modern Gem • 10 Min LGA • Citi Field • US Open W/D,464427790,1661057381153821130,Nalini,Queens,Corona,40.747390,-73.856300,Entire home/apt,296,1,9,2026-07-27,2.90,2,339,9
1661373080869972641,Cozy 2BR • 10 Min LGA • Citi Field • US Open,464427790,1661057381153821130,Nalini,Queens,Corona,40.747120,-73.854440,Entire home/apt,309,2,0,,,2,365,0
1663403173710038264,Giant Luxury Apartment in Heart of NYC,707611705,1470755439944098615,Ray,Manhattan,Hell's Kitchen,40.760110,-73.992380,Entire home/apt,1766,2,7,2026-07-26,2.53,1,287,7
1663777698260834110,Even Hotel | Standard Room | Brooklyn Bridge Park,750864781,1663777698894783742,EVEN Hotel Brooklyn,Brooklyn,Boerum Hill,40.687558,-73.981837,Hotel room,153,1,0,,,5,167,0
1663777700310641136,Standard Room | Even Hotel | Near Barclays Center,750864781,1663777698894783742,EVEN Hotel Brooklyn,Brooklyn,Boerum Hill,40.687560,-73.981840,Hotel room,153,1,0,,,5,167,0
1663777711694896025,Even Hotel | King | Prospect Park,750864781,1663777698894783742,EVEN Hotel Brooklyn,Brooklyn,Boerum Hill,40.687558,-73.981837,Hotel room,175,1,0,,,5,160,0
1663777711719214512,King | Even Hotel | Barclays Center,750864781,1663777698894783742,EVEN Hotel Brooklyn,Brooklyn,Boerum Hill,40.687558,-73.981837,Hotel room,153,1,0,,,5,160,0
1663777713485932604,King | Even Hotel | Barclays Center | 2 Units,750864781,1663777698894783742,EVEN Hotel Brooklyn,Brooklyn,Boerum Hill,40.687558,-73.981837,Hotel room,349,1,0,,,5,155,0
1654477750245779765,Marriott Queens | 2 Queen Suite | Subway | 2 Units,751021959,1654477711705081087,SpringHill Suites New York Queens,Queens,Long Island City,40.758137,-73.944357,Hotel room,448,1,1,2026-08-01,1,12,226,1
1654477752460457864,City 2 Queen Suite | Marriott Queens | NYC Views,751021959,1654477711705081087,SpringHill Suites New York Queens,Queens,Long Island City,40.758137,-73.944357,Hotel room,264,1,0,,,12,224,0
1654477753415947360,Marriott Queens | City 2 Queen Suite | Near Subway,751021959,1654477711705081087,SpringHill Suites New York Queens,Queens,Long Island City,40.758140,-73.944360,Hotel room,237,1,0,,,12,225,0
1655705027341062564,Superior queen room,752187315,1644352618869895009,Row,Manhattan,Theater District,40.758860,-73.988240,Private room,284,1,28,2026-08-10,7.50,3,319,28
1655705027479768501,Deluxe two doubles room,752187315,1644352618869895009,Row,Manhattan,Theater District,40.758860,-73.988240,Private room,178,1,62,2026-08-17,21.88,3,360,62
1655705028260921911,Superior king room,752187315,1644352618869895009,Row,Manhattan,Theater District,40.758860,-73.988240,Private room,284,1,97,2026-08-17,27.20,3,322,97
1656075044474563304,Comfort Room in Bayside,240869101,1656075045228298342,Maribel,Queens,Bayside,40.770510,-73.784580,Private room,127,3,7,2026-08-07,3.23,1,345,7
1657292579166611117,2 Bedroom Apt in Queens Near St. John's University,755442284,1657292579872495258,Ortal,Queens,Kew Gardens Hills,40.720230,-73.817150,Entire home/apt,275,1,6,2026-07-22,2.09,1,91,6
1657461535198888342,Large Private Room in Townhouse w/PoolTable & Yard,15907520,1462973571802860106,Darren Vickerman,Brooklyn,Bushwick,40.697420,-73.925610,Private room,233,1,6,2026-07-26,1.78,1,76,6
1657676476126776846,Modern Brooklyn Brownstone Experience,755550883,1657676476796833242,Hatime,Brooklyn,Bedford-Stuyvesant,40.690990,-73.936890,Private room,315,1,24,2026-08-08,7.13,1,5,24
1658140625017643603,Steps From Madison Square + Restaurant,668342199,1470676709713301122,Freehand New York,Manhattan,Gramercy,40.738630,-73.984970,Private room,241,1,0,,,23,336,0
1658140988140741417,Steps From Madison Square + Restaurant,668342199,1470676709713301122,Freehand New York,Manhattan,Flatiron District,40.740540,-73.985040,Private room,150,1,0,,,23,300,0
1658142362778795872,In The Historic Flatiron District + Restaurant,668342199,1470676709713301122,Freehand New York,Manhattan,Flatiron District,40.740550,-73.985300,Private room,282,1,0,,,23,356,0
1658142545576059556,In The Historic Flatiron District + Restaurant,668342199,1470676709713301122,Freehand New York,Manhattan,Kips Bay,40.739040,-73.983460,Private room,251,1,0,,,23,313,0
1658142965334194961,Prime Manhattan Location + On Site Dining,668342199,1470676709713301122,Freehand New York,Manhattan,Flatiron District,40.740550,-73.985370,Private room,9962,1,0,,,23,350,0
1658143194033434193,Prime Manhattan Location + On Site Dining,668342199,1470676709713301122,Freehand New York,Manhattan,Flatiron District,40.739340,-73.985470,Private room,326,1,0,,,23,280,0
1658144685158764164,Triple Room in The Heart of Manhattan + Restaurant,668342199,1470676709713301122,Freehand New York,Manhattan,Kips Bay,40.740640,-73.983410,Private room,274,1,0,,,23,304,0
1658145070336147982,Triple Room in The Heart of Manhattan + Restaurant,668342199,1470676709713301122,Freehand New York,Manhattan,Flatiron District,40.739300,-73.985270,Private room,244,1,0,,,23,304,0
1658145388680318130,Prime Flatiron District Location + Restaurant,668342199,1470676709713301122,Freehand New York,Manhattan,Flatiron District,40.740820,-73.984700,Private room,310,1,1,2026-06-06,0.45,23,364,1
1658146431462262842,Prime Flatiron District Location + Restaurant,668342199,1470676709713301122,Freehand New York,Manhattan,Flatiron District,40.740840,-73.985390,Private room,275,1,0,,,23,289,0
1658146630502745729,Premium King Steps From Madison Square+Restaurant,668342199,1470676709713301122,Freehand New York,Manhattan,Kips Bay,40.738950,-73.983410,Private room,323,1,0,,,23,362,0
1658147031583082224,Premium King Steps From Madison Square+Restaurant,668342199,1470676709713301122,Freehand New York,Manhattan,Flatiron District,40.740850,-73.983890,Private room,288,1,0,,,23,280,0
1658147480832348818,Corner King Room in The Heart of Manhattan,668342199,1470676709713301122,Freehand New York,Manhattan,Flatiron District,40.740630,-73.985420,Private room,353,1,0,,,23,362,0
1658148062775823060,King + Twin Suite In The Heart of Manhattan,668342199,1470676709713301122,Freehand New York,Manhattan,Gramercy,40.738910,-73.983350,Private room,1794,1,0,,,23,355,0
1658149306935018386,King + Twin Suite In The Heart of Manhattan,668342199,1470676709713301122,Freehand New York,Manhattan,Gramercy,40.738670,-73.983910,Private room,2190,1,0,,,23,203,0
1658149485948322854,2BR King Suite in Flatiron District + Restaurant,668342199,1470676709713301122,Freehand New York,Manhattan,Flatiron District,40.738910,-73.985220,Private room,2152,1,0,,,23,358,0
1658150105568625980,2BR King Suite in Flatiron District + Restaurant,668342199,1470676709713301122,Freehand New York,Manhattan,Gramercy,40.738710,-73.985160,Private room,2628,1,0,,,23,201,0
1658152470489089183,Quad Room In The Heart of Manhattan + Restaurant,668342199,1470676709713301122,Freehand New York,Manhattan,Gramercy,40.738700,-73.984810,Private room,229,1,4,2026-07-20,1.71,23,347,4
1658152865093581374,Quad Room In The Heart of Manhattan + Restaurant,668342199,1470676709713301122,Freehand New York,Manhattan,Gramercy,40.738740,-73.983190,Private room,436,1,0,,,23,268,0
1658153095633516123,Quad Room In Flatiron District + Restaurant,668342199,1470676709713301122,Freehand New York,Manhattan,Flatiron District,40.740680,-73.985530,Private room,309,1,4,2026-07-12,2.03,23,354,4
1658153450324366158,Quad Room In Flatiron District + Restaurant,668342199,1470676709713301122,Freehand New York,Manhattan,Gramercy,40.738640,-73.983820,Private room,576,1,0,,,23,279,0
1658315709984850527,Sweet Home close to everything (1),678177485,1470696592219115688,Jianzhong,Queens,Elmhurst,40.744210,-73.874390,Private room,138,1,7,2026-08-08,2.39,2,329,7
1670419809075341877,Steps to Wall St & Oculus + Free Breakfast & Wine,448723628,1470020832394430751,The FIDI Hotel - NYC,Manhattan,Financial District,40.705250,-74.011320,Private room,311,1,12,2026-07-27,4.62,2,239,12
1670421510100190600,Steps to Wall Street + Free Breakfast & Wine,448723628,1470020832394430751,The FIDI Hotel - NYC,Manhattan,Financial District,40.705310,-74.011820,Private room,311,1,2,2026-06-08,0.64,2,236,2
1670520357714077216,Gorgeous New York City Home + Outdoor,742502669,1606849995007873252,Safiatou,Manhattan,Harlem,40.814500,-73.942220,Private room,695,3,0,,,2,364,0
1670651555776768637,Room for up to 6 guests 20 minutes from Manhattan!,1670651389176408819,1670651556550466133,Roy,Queens,Richmond Hill,40.702960,-73.830860,Entire home/apt,267,2,3,2026-07-18,1.91,1,75,3
1670691388387288741,"Cozy Room Near JFK, Train, Beach & St. John’s",104577291,1670691389191030481,Dana,Queens,Far Rockaway,40.603260,-73.753670,Private room,239,1,1,2026-06-23,0.60,1,364,1
1670743070559106757,"Amazing top floor apartment, with private parking.",345793736,1469684224699749856,Anthony D,Queens,Corona,40.745340,-73.857220,Private room,184,2,0,,,1,354,0
1664494930796337027,Marriott Queens | King Suite | Queens to NYC Easy,753412429,1664494931559241893,Residence Inn New York Queen,Queens,Long Island City,40.758030,-73.944470,Hotel room,211,1,1,2026-07-13,1,6,363,1
1664494941387028246,King Suite | Marriott Queens | Breakfast,753412429,1664494931559241893,Residence Inn New York Queen,Queens,Long Island City,40.758031,-73.944474,Hotel room,237,1,0,,,6,362,0
1664494943998263512,Marriott Queens | King Suite | NYC Trips | 2 Units,753412429,1664494931559241893,Residence Inn New York Queen,Queens,Long Island City,40.758030,-73.944470,Hotel room,474,1,1,2026-08-02,1,6,361,1
1664494953232216309,Marriott Queens | City King Suite | Bfast Included,753412429,1664494931559241893,Residence Inn New York Queen,Queens,Long Island City,40.758030,-73.944470,Hotel room,251,1,0,,,6,351,0
1664494954018444898,King Ste | Marriott Queens | Near Subway | 2 Units,753412429,1664494931559241893,Residence Inn New York Queen,Queens,Long Island City,40.758030,-73.944470,Hotel room,474,1,2,2026-08-01,1.15,6,361,2
1664494983297658149,City King Suite | Marriott Queens | NYC Views,753412429,1664494931559241893,Residence Inn New York Queen,Queens,Long Island City,40.758031,-73.944474,Hotel room,224,1,0,,,6,352,0
1664595851473480668,Peaceful Brooklyn Garden Sanctuary,3620972,1462635060326978947,Seth,Brooklyn,Crown Heights,40.672920,-73.942480,Private room,228,2,3,2026-07-19,2.31,2,186,3
1664831917495601795,NEW | The Best Brownstone Suite w/ En-Suite Bath,50654265,1465776842563306822,Julie,Manhattan,Harlem,40.808520,-73.954140,Private room,253,1,11,2026-08-06,7.86,2,338,11
1665634781621672827,Brownstone Bedroom in NYC with Private Bath&Entry,10467301,1462841472279085023,Tina,Manhattan,Morningside Heights,40.809040,-73.955740,Private room,180,1,30,2026-08-09,8.33,2,116,30
1665938778054605311,"Boutique NYC Studio,  Luxury Manhattan Stay!",316769045,1648809012840450954,Christopher,Manhattan,Financial District,40.708060,-74.012930,Entire home/apt,227,4,5,2026-07-19,1.67,5,347,5
1665948589838176467,"Standard studio apartment, 1 queen",757097464,1665948590477707667,Martin,Manhattan,Financial District,40.707529,-74.006188,Private room,349,1,2,2026-06-08,0.80,6,363,2
1665948589959289542,Superior 1-bedroom apartment w/ den & 2 queens,757097464,1665948590477707667,Martin,Manhattan,Financial District,40.707529,-74.006188,Private room,349,1,2,2026-07-12,0.82,6,362,2
1665948590210245271,"Superior 1-bedroom apartment, 1 queen, 1 sofa bed",757097464,1665948590477707667,Martin,Manhattan,Financial District,40.707529,-74.006188,Private room,349,1,2,2026-06-10,0.78,6,364,2
1665948590418562168,"Deluxe 2-bedroom apartment w/ 2 king, 1 sofa bed",757097464,1665948590477707667,Martin,Manhattan,Financial District,40.707529,-74.006188,Private room,238,1,1,2026-07-17,0.83,6,321,1
1665948590524065626,"Standard 1-bedroom apartment, 1 queen",757097464,1665948590477707667,Martin,Manhattan,Financial District,40.707529,-74.006188,Private room,349,1,0,,,6,359,0
1665948591285137328,"Superior studio apartment, 1 queen, 1 sofa bed",757097464,1665948590477707667,Martin,Manhattan,Financial District,40.707529,-74.006188,Private room,314,1,1,2026-06-21,0.48,6,347,1
1665952601842574490,Lux-Penthouse in Financial District,316769045,1648809012840450954,Christopher,Manhattan,Financial District,40.708090,-74.012740,Entire home/apt,907,1,9,2026-07-18,2.81,5,309,9
1666025098948334014,One bedroom suite with jetted tub,744388448,1613961308877985737,,Queens,Flushing,40.763490,-73.830990,Private room,349,1,3,2026-06-11,0.74,7,319,3
1666025503637322773,Studio two double bed suite,744388448,1613961308877985737,,Queens,Flushing,40.763490,-73.830990,Private room,349,1,0,,,7,312,0
1666401797374188474,Brownstone Bedroom & Private Bathroom in NYC,10467301,1462841472279085023,Tina,Manhattan,Harlem,40.808330,-73.953830,Private room,180,1,22,2026-08-07,6.80,2,210,22
1667384896526389846,Cozy apartment in the heart of Manhattan,741465645,1603019992749610639,International Immobiliare,Manhattan,Kips Bay,40.743720,-73.975190,Entire home/apt,348,2,8,2026-07-29,2.20,8,80,8
1667449966888093352,Cambria Garden Paradise,692691447,1470726640894276671,Cecil,Queens,Cambria Heights,40.702900,-73.732400,Private room,263,1,11,2026-07-29,3.79,1,351,11
1667646731493802544,Seven E,757211331,1667646732474570902,⁨Ajayi K.⁩,Queens,Far Rockaway,40.595930,-73.759260,Private room,206,1,3,2026-07-27,2.37,1,365,3
1668476001986029345,First floor room in Sunset Park-Brooklyn,277755975,1469463711938223916,Milton,Brooklyn,Sunset Park,40.646398,-74.017246,Private room,145,1,11,2026-07-26,3.84,1,124,11
1668492429440481959,Chic 2 Bedrooms UES Prime Location,741465645,1603019992749610639,International Immobiliare,Manhattan,Upper East Side,40.767380,-73.963720,Entire home/apt,735,2,9,2026-07-23,2.43,8,329,9
1668554784008400786,NEW | Brownstone Master Bedroom w Private Bathroom,50654265,1465776842563306822,Julie,Manhattan,Harlem,40.808280,-73.955290,Private room,178,1,15,2026-08-10,8.04,2,244,15
1668801743401310747,Central Park Room Near Hospitals & Museums,371542224,1668801744320059145,Martha,Manhattan,East Harlem,40.785577,-73.949754,Private room,442,1,4,2026-08-08,1.85,1,365,4
1671232927924501778,Spacious Guest Suite in a Charming 3-bedroom Home,1671232802933013831,1671232928763640313,Peter,Staten Island,Port Richmond,40.636940,-74.141010,Private room,146,1,9,2026-08-09,4.43,1,7,9
1671753049622523909,Gorgeous Apt Times Square Manhattan,741465645,1603019992749610639,International Immobiliare,Manhattan,Hell's Kitchen,40.764510,-73.988580,Entire home/apt,693,1,5,2026-07-28,3.00,8,345,5
1671754791949622840,Stylish 2 beds apt in the heart of Manhattan,741465645,1603019992749610639,International Immobiliare,Manhattan,Hell's Kitchen,40.761810,-73.990940,Entire home/apt,742,1,12,2026-08-02,4.19,8,309,12
1673190621849632067,Two Story Modern Brownstone - 25 mins to Manhattan,1592193,1462562559566976780,Max,Brooklyn,Bedford-Stuyvesant,40.682450,-73.914080,Entire home/apt,706,2,1,2026-06-26,0.65,1,241,1
1673913219057571628,Standard king,545874131,1470443501651644258,Lvbh,Brooklyn,Sunset Park,40.658480,-74.000530,Private room,163,1,786,2026-08-18,24.21,5,329,381
1673913219296726312,Standard two double With Manhattan view,545874131,1470443501651644258,Lvbh,Brooklyn,Sunset Park,40.658480,-74.000530,Private room,163,1,5,2026-08-09,2.17,5,304,5
1673913219318065154,Standard queen Liberty Statue,545874131,1470443501651644258,Lvbh,Brooklyn,Sunset Park,40.658480,-74.000530,Private room,279,1,20,2026-08-11,6.98,5,338,20
1673913219402061250,Standard king with Liberty Statue & Manhattan view,545874131,1470443501651644258,Lvbh,Brooklyn,Sunset Park,40.658480,-74.000530,Private room,324,1,6,2026-08-18,2.81,5,326,6
1673913219446759435,Standard two double,545874131,1470443501651644258,Lvbh,Brooklyn,Sunset Park,40.658480,-74.000530,Private room,163,1,43,2026-08-18,14.33,5,332,43
1674023583955892194,17John: Elite King Studio Apartment,665383900,1470669672380457525,⁨17John⁩,Manhattan,Financial District,40.708800,-74.009700,Entire home/apt,382,1,9,2026-07-27,3.38,25,365,9
1674026082884975549,17John: Premium King Studio Apartment,665383900,1470669672380457525,⁨17John⁩,Manhattan,Financial District,40.708880,-74.009870,Entire home/apt,330,1,6,2026-07-13,1.78,25,364,6
1674027757771301323,17John: Signature King Studio Apartment,665383900,1470669672380457525,⁨17John⁩,Manhattan,Financial District,40.710770,-74.007970,Entire home/apt,355,1,14,2026-08-03,6.36,25,365,14
1674029454110281603,17John: Superior King Studio Apartment,665383900,1470669672380457525,⁨17John⁩,Manhattan,Financial District,40.709040,-74.009090,Entire home/apt,337,1,11,2026-07-26,3.84,25,363,11
1674030192261806548,17John: Classic 2 Bed W/D in unit + GYM + Lounge,665383900,1470669672380457525,⁨17John⁩,Manhattan,Financial District,40.710880,-74.008950,Entire home/apt,680,1,10,2026-07-30,3.03,25,336,10
1674031359630871813,17John: Deluxe 2 Bed W/D in unit + GYM + Lounge,665383900,1470669672380457525,⁨17John⁩,Manhattan,Financial District,40.710870,-74.007640,Entire home/apt,626,1,12,2026-07-31,3.56,25,360,12
1674031838915420225,17John: 2 Bed Massive Private Terrace W/D + GYM,665383900,1470669672380457525,⁨17John⁩,Manhattan,Financial District,40.709680,-74.007790,Entire home/apt,982,1,16,2026-08-02,4.90,25,310,16
1674033148737654973,17John: Signature 3 Bed W/D in unit + GYM + Lounge,665383900,1470669672380457525,⁨17John⁩,Manhattan,Financial District,40.710310,-74.007900,Entire home/apt,1438,1,20,2026-07-26,6.38,25,353,20
1674033317772830382,17John: Luxury 3 Bed W/D in unit + GYM + Lounge,665383900,1470669672380457525,⁨17John⁩,Manhattan,Financial District,40.710580,-74.009720,Entire home/apt,973,1,28,2026-08-03,8.24,25,363,28
1674036743431120140,Elegant Private Room Near JFK with Workspace,1674036575407189574,1674036744140823266,Travis,Queens,Springfield Gardens,40.665917,-73.769381,Private room,128,1,6,2026-08-07,6,1,45,6
1674824665910630970,Exquisite 2 bedrooms apartment in Upper East Side,741465645,1603019992749610639,International Immobiliare,Manhattan,Upper East Side,40.765700,-73.962100,Entire home/apt,913,1,11,2026-07-21,3.75,8,343,11
1674827834971237486,"Central Park Steps | Gym, Rooftop + Dining",564475357,1470516336496057958,Le Meridien Central Park - NYC,Manhattan,Midtown,40.765350,-73.977680,Private room,369,1,0,,,7,200,0
1674830932331081419,King Suite Near Central Park + Rooftop Bar&Dining,564475357,1470516336496057958,Le Meridien Central Park - NYC,Manhattan,Midtown,40.765610,-73.979390,Private room,387,1,3,2026-08-03,3,7,136,3
1674831440515819512,Metro view queen room,757301168,1673405850947766371,New Yorker By Lotte Hotels,Manhattan,Hell's Kitchen,40.752740,-73.993660,Private room,209,1,7,2026-08-01,2.92,3,277,7
1674831440643074377,Metro queen room,757301168,1673405850947766371,New Yorker By Lotte Hotels,Manhattan,Hell's Kitchen,40.752740,-73.993660,Private room,209,1,21,2026-08-04,8.18,3,280,21
1674834885704449348,Near MoMA | Skyline Rooftop + Dining,564475357,1470516336496057958,Le Meridien Central Park - NYC,Manhattan,Midtown,40.765560,-73.977640,Private room,248,1,0,,,7,196,0
1669138084468344563,Shana's 3 Bedroom Palace,713884506,1669138085307249374,Patricia,Queens,St. Albans,40.697480,-73.757960,Private room,446,2,9,2026-08-02,3.91,1,237,9
1669624671279705586,Exclusive Studio 311 | Private Bathroom,401202937,1469841047362978348,Eliza,Manhattan,Midtown,40.748090,-73.986780,Private room,365,1,6,2026-08-08,2.73,70,132,6
1669649349395144119,Exclusive Apartment 712 | Shared Bathroom,401202937,1469841047362978348,Eliza,Manhattan,Midtown,40.748080,-73.986730,Private room,218,1,0,,,70,141,0
1669658750207024665,Spacious 7-bdrm Brownstone for Families & Groups,182486110,1669658751090447713,Rachel Green,Brooklyn,Crown Heights,40.664443,-73.951973,Entire home/apt,671,2,7,2026-08-06,3.89,1,254,7
1669683983499864953,Near Times Square | Rooftop Dining + Pet Friendly,447193200,1470013813776300050,Sanctuary Hotel NYC,Manhattan,Theater District,40.759050,-73.983870,Private room,268,1,0,,,1,167,0
1679182208997974044,Private room near JFK Airport,172932780,1632169615822546150,Mahbuba,Queens,Rosedale,40.661270,-73.737790,Private room,108,1,23,2026-08-09,7.75,2,287,23
1679745614569747661,MZ Luxury,355246385,1469709588398338133,Melvin,Brooklyn,East New York,40.663060,-73.882650,Private room,270,1,16,2026-08-10,6.58,1,282,16
1679757208951712556,Private 2BR Guest Space + Garden near G Train,1679756815269193200,1679757209966715080,Idris,Brooklyn,Bedford-Stuyvesant,40.690567,-73.943859,Private room,427,1,7,2026-08-04,2.69,1,115,7
1680024381268498722,A Private Suite Minutes from Manhattan,32215382,1465473222718743365,Polina,Staten Island,St. George,40.644553,-74.081009,Private room,144,2,0,,,2,214,0
1680333421485023607,Family room,724033385,1532046952805185008,,Queens,Long Island City,40.753330,-73.935000,Private room,334,1,5,2026-08-07,2.73,6,200,5
1680333421664082237,King city view,724033385,1532046952805185008,,Queens,Long Island City,40.753330,-73.935000,Private room,235,1,3,2026-08-08,1.76,6,197,3
1680333421717458479,Double room,724033385,1532046952805185008,,Queens,Long Island City,40.753330,-73.935000,Private room,235,1,2,2026-08-14,2,6,225,2
1680334994926342747,King premium balcony,724033385,1532046952805185008,,Queens,Long Island City,40.753330,-73.935000,Private room,334,1,4,2026-08-02,2.93,6,184,4
1680334995413596827,King standard,724033385,1532046952805185008,,Queens,Long Island City,40.753330,-73.935000,Private room,273,1,38,2026-08-12,14.62,6,203,38
1680408252280392119,2 Double Beds | Kitchen | Next to Beacon Theater,657467122,1470651762004048644,Number 1 Stays New York,Manhattan,Upper West Side,40.780710,-73.981030,Hotel room,813,1,0,,,16,38,0
1680502520853663217,Steps to United Nations HQ + On-site Dining & Gym,549184810,1470456600970394294,Westgate New York Grand Central,Manhattan,Midtown,40.750350,-73.972430,Private room,354,1,0,,,2,167,0
1680503153811469200,Near United Nations HQ + On-site Dining & Fitness,549184810,1470456600970394294,Westgate New York Grand Central,Manhattan,Midtown,40.750170,-73.971160,Private room,379,1,0,,,2,161,0
1680538510063841788,High-Capacity Urban Oasis | 3BR in Hell’s Kitchen,707386339,1470755030258461004,Lonie,Manhattan,Hell's Kitchen,40.761430,-73.989950,Entire home/apt,540,1,5,2026-07-12,2.73,16,341,5
1680692865149726376,Near Williamsburg Bridge + Rooftop Pool. Bar. Gym.,442517492,1469996513882646803,Hotel Indigo Williamsburg New York City,Brooklyn,Williamsburg,40.712690,-73.952150,Private room,262,1,2,2026-07-28,1.76,3,138,2
1680693282649053335,Near Domino Park + Rooftop Pool. Dining. Gym.,442517492,1469996513882646803,Hotel Indigo Williamsburg New York City,Brooklyn,Williamsburg,40.712710,-73.951810,Private room,280,1,4,2026-07-28,1.82,3,148,4
1680693611326915114,Close to Bedford Ave + Rooftop Pool. Dining. Gym.,442517492,1469996513882646803,Hotel Indigo Williamsburg New York City,Brooklyn,Williamsburg,40.714490,-73.951770,Private room,495,1,0,,,3,159,0
1675017801355776854,"Spacious, Renovated 3BR (25 Mins to Manhattan!)",1675017754018998796,1675017802228013729,Afroza,Brooklyn,East Flatbush,40.640499,-73.939582,Private room,705,1,0,,,2,314,0
1675549690190208795,17John: Deluxe 1 Bed W/D in unit + GYM + Lounge,665383900,1470669672380457525,⁨17John⁩,Manhattan,Financial District,40.710800,-74.009590,Entire home/apt,632,1,17,2026-07-30,5.20,25,361,17
1675551319665752442,17John: Superior 2 Bed W/D in unit + GYM + Lounge,665383900,1470669672380457525,⁨17John⁩,Manhattan,Financial District,40.709040,-74.007950,Entire home/apt,889,1,4,2026-08-03,1.52,25,350,4
1675553088551507707,17John: Premium 1 Bed w/ GYM + Lounge,665383900,1470669672380457525,⁨17John⁩,Manhattan,Financial District,40.710590,-74.009810,Entire home/apt,443,1,8,2026-07-11,3.04,25,331,8
1675554791743847017,17John: Traditional King Studio Apartment,665383900,1470669672380457525,⁨17John⁩,Manhattan,Financial District,40.710880,-74.007850,Entire home/apt,311,1,14,2026-07-27,4.47,25,362,14
1675578205674498969,Massive Designer Loft • 15 Min to Soho,372344453,1675578206639514100,Nico,Brooklyn,Williamsburg,40.719090,-73.958700,Entire home/apt,1017,3,2,2026-07-16,1.43,1,4,2
1676192949401842123,"Lower Manhattan Studio, Designer Escape!",316769045,1648809012840450954,Christopher,Manhattan,Financial District,40.708830,-74.012690,Entire home/apt,342,4,0,,,5,332,0
1676199238155317201,Harlem Garden Retreat | Sleeps 10 & Private Patio!,316769045,1648809012840450954,Christopher,Manhattan,Harlem,40.810120,-73.940660,Entire home/apt,446,2,0,,,5,346,0
1676251972875219848,Room For Rent !,332113448,1676251973796772906,Toni-Jade,Bronx,Edenwald,40.892260,-73.835140,Private room,97,3,6,2026-08-10,1.98,1,362,6
1677084871790513678,Cozy Oasis in Central Brooklyn,756150988,1677084872512461115,Zoba,Brooklyn,Crown Heights,40.678850,-73.954270,Private room,323,1,4,2026-06-29,1.79,2,364,4
1677095933991682578,Comfy Oasis in Central Brooklyn,756150988,1677084872512461115,Zoba,Brooklyn,Crown Heights,40.678120,-73.955060,Private room,314,1,2,2026-06-18,1.03,2,346,2
1677883930809390661,Hosted Room Near the 4 Train,1677883864710641096,1677883931565687738,Ben,Brooklyn,East Flatbush,40.663070,-73.930420,Entire home/apt,199,2,3,2026-08-01,3,1,84,3
1678018730913871421,Guest Floor with Private Backyard in Williamsburg,28177708,1465416110393675872,Jerome,Brooklyn,Williamsburg,40.709310,-73.953840,Private room,230,2,5,2026-07-20,2.05,1,26,5
1678429601665231390,Private Apartment 526 | Shared Bathroom,401202937,1469841047362978348,Eliza,Manhattan,Midtown,40.746610,-73.988940,Private room,209,1,2,2026-05-30,0.71,70,164,2
1678445003758944226,Private Apartment 815 | Shared Bathroom,401202937,1469841047362978348,Eliza,Manhattan,Midtown,40.746220,-73.987400,Private room,182,1,0,,,70,120,0
1678447883820480128,Times Square Studio | King Bed |Steps to Broadway!,663493259,1470665205371188891,Mitesh,Manhattan,Theater District,40.757180,-73.983390,Entire home/apt,275,1,1,2026-07-26,1,7,280,1
1678907965818702161,"Modern Studio, 1 Queen Bed near Grand Central",753417675,1649332033617555533,Nester Finn,Manhattan,Murray Hill,40.748287,-73.974880,Entire home/apt,324,1,14,2026-07-27,12.35,14,359,14
1678912072847587703,"1 Bed Apt, 1 King, Sofa Bed, near Grand Central",753417675,1649332033617555533,Nester Finn,Manhattan,Murray Hill,40.748290,-73.974880,Entire home/apt,304,1,8,2026-07-26,8,14,365,8
1678913186035061915,"Superior Studio, 1 King Bed, near Grand Central",753417675,1649332033617555533,Nester Finn,Manhattan,Murray Hill,40.748287,-73.974880,Entire home/apt,212,1,10,2026-07-27,10,14,365,10
1678917213896539944,"1 Bed Apt, 1 Queen, 1 Sofa Bed near Grand Central",753417675,1649332033617555533,Nester Finn,Manhattan,Murray Hill,40.747420,-73.975890,Entire home/apt,278,1,7,2026-07-26,5.83,14,359,7
1682361523454976004,Howard Beach Getaway 2,728088153,1549650915798725060,Brianna,Queens,Howard Beach,40.660650,-73.838380,Private room,141,1,11,2026-08-09,5.08,2,73,11
1683615973550054877,Warm & Quiet Retreat,568386177,1470528391141491683,Randa,Queens,Glendale,40.704200,-73.876130,Private room,107,3,2,2026-08-06,2,3,351,2
1690012468887839732,Studio Suite - Private Balcony - near Central Park,231281049,1469233306395999540,The Manhattan Club,Manhattan,Midtown,40.764991,-73.981146,Entire home/apt,403,1,0,,,17,296,0
1692264091745044887,Spacious 3BR | Private Patio | Walk to Everything,1703117013148633368,1724736634111071404,Andres,Manhattan,East Village,40.729460,-73.986050,Entire home/apt,724,4,0,,,2,271,0
1692342684072479813,Bright & Modern NYC Getaway Near Top Attractions,559443256,1595814680651185476,Joe @ Rowan Hospitality,Manhattan,East Village,40.727290,-73.985400,Entire home/apt,350,1,1,2026-07-26,1,2,333,1
1692344737288960791,Classic NYC 4BR | Prime Location | Walk-Up,1703117013148633368,1724736634111071404,Andres,Manhattan,East Village,40.727550,-73.984090,Entire home/apt,909,3,0,,,2,262,0
1693092466382368202,Gorgeous sunlit room with ensuite bathroom,11055577,1462855926351670955,Ian,Brooklyn,Bedford-Stuyvesant,40.688850,-73.928640,Private room,210,1,8,2026-08-09,4.21,2,134,8
1694306596040411340,Sunlit room in the heart of Brooklyn,11055577,1462855926351670955,Ian,Brooklyn,Bedford-Stuyvesant,40.688740,-73.928830,Private room,235,1,6,2026-08-04,2.95,2,230,6
1694326190760638032,17John: 3 Bed Private Terrace W/D in unit + GYM,665383900,1470669672380457525,⁨17John⁩,Manhattan,Financial District,40.710890,-74.008110,Entire home/apt,1092,1,6,2026-07-13,2.95,25,319,6
1694340133245064714,17John: Deluxe 2 Bed Private Terrace W/D + GYM,665383900,1470669672380457525,⁨17John⁩,Manhattan,Financial District,40.711050,-74.008510,Entire home/apt,898,1,7,2026-08-03,3.62,25,294,7
1694378512267248596,Modern Rockaway Beach Guest Suite-Hosted Stay,21062234,1694378513141731101,Christy,Queens,Rockaway Beach,40.589781,-73.813017,Private room,400,1,7,2026-07-26,3.18,1,351,7
1694481289603706491,Prospect Gardens Quiet Suite near Metro & Park,95639,1462509473913414794,Douglas,Brooklyn,Prospect-Lefferts Gardens,40.661869,-73.955111,Private room,162,3,0,,,1,322,0
1685280068000480604,Queen suite,757301168,1673405850947766371,New Yorker By Lotte Hotels,Manhattan,Hell's Kitchen,40.752740,-73.993660,Private room,209,1,0,,,3,309,0
1685497282683086527,"The Rockefeller Atelier, Steps from the Tree!",663493259,1470665205371188891,Mitesh,Manhattan,Theater District,40.756070,-73.983400,Entire home/apt,1199,1,11,2026-07-26,4.40,7,296,11
1685640427417709380,Private Suite+Bath-Self CheckIn-Near Prospect Park,97177402,1670594627945689695,Menachem,Brooklyn,Crown Heights,40.667720,-73.947050,Entire home/apt,246,1,1,2026-08-08,1,1,303,1
1688034486916451193,Elegant Home • 2 Private Suites • walk2LIRR• NYC,24576760,1462629909448549094,Ling,Queens,Bayside,40.766558,-73.774845,Private room,265,3,0,,,1,331,0
1688511058886184844,2Private BRs &Bath+ PrivateParking+ Near Subway,1688510958056859284,1688511059539343932,Joe,Brooklyn,East New York,40.665250,-73.882860,Private room,246,2,1,2026-07-31,1,1,150,1
1688563577411679283,Hotel Scherman - 2 Bed Suite,1685646992659571210,1685737751285261103,Hotel Scherman,Manhattan,Hell's Kitchen,40.761240,-73.990770,Private room,1340,1,0,,,6,102,0
1688571713462941829,"Industrial Brooklyn Loft/Private Rooftop, Karaoke",329941458,1469633128511715253,Gustavo,Brooklyn,Sunset Park,40.663880,-73.997330,Private room,928,3,6,2026-08-04,3.05,2,340,6
1688572128573754297,Hotel Scherman - 2 Bed Suite,1685646992659571210,1685737751285261103,Hotel Scherman,Manhattan,Hell's Kitchen,40.759570,-73.990620,Private room,1210,1,0,,,6,75,0
1688574733078202484,Hotel Scherman - 2 Bed Suite,1685646992659571210,1685737751285261103,Hotel Scherman,Manhattan,Hell's Kitchen,40.760659,-73.989549,Entire home/apt,1141,3,0,,,6,4,0
1688576289164048327,Hotel Scherman - 2 Bed Suite,1685646992659571210,1685737751285261103,Hotel Scherman,Manhattan,Hell's Kitchen,40.760659,-73.989549,Private room,1225,1,0,,,6,75,0
1688577997067790619,Hotel Scherman - 2 Bed Suite,1685646992659571210,1685737751285261103,Hotel Scherman,Manhattan,Hell's Kitchen,40.759800,-73.988890,Private room,1340,1,0,,,6,75,0
1688579704536438463,Hotel Scherman - 2 Bed Suite,1685646992659571210,1685737751285261103,Hotel Scherman,Manhattan,Hell's Kitchen,40.760659,-73.989549,Entire home/apt,1210,1,0,,,6,74,0
1689137793599761102,Superior queen room,1686399063567746488,1686399143344389869,Capital,Queens,Long Island City,40.757940,-73.942460,Private room,199,1,100,2026-08-17,36.59,6,181,100
1689137793680155627,Queen room city view,1686399063567746488,1686399143344389869,Capital,Queens,Long Island City,40.757940,-73.942460,Private room,199,1,63,2026-08-15,23.05,6,177,63
1689137793775868850,Superior double queen room,1686399063567746488,1686399143344389869,Capital,Queens,Long Island City,40.757940,-73.942460,Private room,199,1,28,2026-08-17,12.73,6,202,28
1689137793841414054,Superior king room,1686399063567746488,1686399143344389869,Capital,Queens,Long Island City,40.757940,-73.942460,Private room,199,1,33,2026-08-16,12.22,6,199,33
1689137794129778430,Superior king room city view,1686399063567746488,1686399143344389869,Capital,Queens,Long Island City,40.757940,-73.942460,Private room,199,1,27,2026-08-12,11.10,6,199,27
1689137795390017369,Capital Hotel- Deluxe Double Room,1686399063567746488,1686399143344389869,Capital,Queens,Long Island City,40.757940,-73.942460,Private room,199,1,4,2026-08-09,1.90,6,201,4
1689222078477418091,Broadway double,687936828,1470716635237463985,Truss Hotel Times Square,Manhattan,Hell's Kitchen,40.756500,-73.994490,Private room,127,1,31,2026-08-17,10.57,5,305,31
1689222078572367637,Hepburn suite,687936828,1470716635237463985,Truss Hotel Times Square,Manhattan,Hell's Kitchen,40.756500,-73.994490,Private room,127,1,7,2026-07-26,3.89,5,319,7
1689222078613658314,Marquis king,687936828,1470716635237463985,Truss Hotel Times Square,Manhattan,Hell's Kitchen,40.756500,-73.994490,Private room,247,1,55,2026-08-17,18.54,5,320,55
1689222078666080846,Marilyn suite,687936828,1470716635237463985,Truss Hotel Times Square,Manhattan,Hell's Kitchen,40.756500,-73.994490,Private room,231,1,0,,,5,289,0
1695841064945445494,Premiere Studio with Private Balcony near Park,231281049,1469233306395999540,The Manhattan Club,Manhattan,Midtown,40.764991,-73.981146,Entire home/apt,340,1,1,2026-07-24,1,17,277,1
1695843415491186200,Two Bathroom Suite with Private Balcony near park,231281049,1469233306395999540,The Manhattan Club,Manhattan,Midtown,40.764991,-73.981146,Private room,574,1,0,,,17,277,0
1695844954318059277,Premier Two Bath Ste w/ Private Balcony Near Park,231281049,1469233306395999540,The Manhattan Club,Manhattan,Midtown,40.764998,-73.981105,Entire home/apt,494,1,1,2026-08-06,1,17,273,1
1695846692779910741,Exclusive Studio 809 | Private Bathroom,401202937,1469841047362978348,Eliza,Manhattan,Midtown,40.747084,-73.987854,Private room,399,1,1,2026-07-31,1,70,154,1
1695847059284918346,Gotham Skyline Suite w/ Bkfast near Central Park,231281049,1469233306395999540,The Manhattan Club,Manhattan,Midtown,40.764991,-73.981146,Entire home/apt,447,1,0,,,17,267,0
1695848339904160830,Carnegie Skyline Duplex near Central Park,231281049,1469233306395999540,The Manhattan Club,Manhattan,Midtown,40.764998,-73.981105,Entire home/apt,981,1,1,2026-07-12,1,17,265,1
1695868230270942053,Exclusive Apartment 222 | Shared Bathroom,401202937,1469841047362978348,Eliza,Manhattan,Midtown,40.747084,-73.987854,Private room,222,1,2,2026-07-22,1.09,70,116,2
1694988386194301120,King ADA with balcony,564458878,1470516283274224028,,Brooklyn,Williamsburg,40.722450,-73.957260,Private room,425,1,3,2026-08-13,1.32,5,340,3
1694988386389073954,Queen ADA with balcony,564458878,1470516283274224028,,Brooklyn,Williamsburg,40.722450,-73.957260,Private room,725,1,1,2026-06-11,0.42,5,257,1
1694988599513680644,Gotham corner suite with wraparound balcony,564458878,1470516283274224028,,Brooklyn,Williamsburg,40.722450,-73.957260,Private room,791,1,2,2026-08-05,1.50,5,353,2
1695662918759505252,"Charming Shared Apt. in Forest Hills, Queens.",15695355,1462968469339235437,Fabian,Queens,Rego Park,40.715747,-73.857281,Private room,163,5,0,,,1,179,0
1700215229837198552,NoMad Studio Near Broadway & Madison Square,197787732,1692465872003739705,Return Policy,Manhattan,Flatiron District,40.742980,-73.989880,Entire home/apt,199,1,29,2026-08-02,14.75,9,145,29
1700218469765161693,Two Bedroom Suite Near Flatiron & Broadway,197787732,1692465872003739705,Return Policy,Manhattan,Midtown,40.743680,-73.988320,Entire home/apt,680,1,33,2026-08-09,17.07,9,170,33
1701393097282895868,Connecting Apts: King Studio & Queen 1 Bedroom Apt,753417675,1649332033617555533,Nester Finn,Manhattan,Murray Hill,40.748287,-73.974880,Entire home/apt,582,1,0,,,14,359,0
1701398483134821309,Connecting Apts - King Studio & King 1 Bedroom Apt,753417675,1649332033617555533,Nester Finn,Manhattan,Murray Hill,40.748287,-73.974880,Entire home/apt,608,1,0,,,14,149,0
1701640329581533351,St. Regis Residence with Butler | 2BR Suite,657010397,1467646869321356757,The Solaire Collection,Manhattan,Midtown,40.761213,-73.972982,Private room,4800,3,1,2026-07-20,1,12,26,1
1702212528665059277,Cozy 2nd Floor Room with Private Bath,138415206,1468374075270052720,Viviana,Queens,Flushing,40.765120,-73.801784,Private room,172,2,4,2026-08-02,2.67,2,208,4
1697480936042974436,Lotus Stay #2,138229230,1468372600465038523,Tenzin,Queens,East Elmhurst,40.757980,-73.897730,Private room,170,1,11,2026-08-01,5.69,2,321,11
1697549956801591631,Modern 2 Bedroom Apt Near JFK Airport and Casino,448145221,1463726242397460400,Arshad,Queens,Ozone Park,40.671130,-73.841520,Entire home/apt,259,1,3,2026-07-26,2.14,1,342,3
1698227347866101072,Lotus Stay #1,138229230,1468372600465038523,Tenzin,Queens,East Elmhurst,40.757350,-73.899790,Private room,169,1,4,2026-07-20,2.73,2,314,4
1699244486707682837,1 Queen bed,1698549103496535273,1698549729638852865,Doxie Hotel,Manhattan,Midtown,40.754630,-73.991150,Private room,309,1,13,2026-08-17,7.22,3,324,13
1699244486946396751,2 Twins,1698549103496535273,1698549729638852865,Doxie Hotel,Manhattan,Midtown,40.754630,-73.991150,Private room,309,1,2,2026-08-08,1.87,3,328,2
1699244487122197896,Triple room,1698549103496535273,1698549729638852865,Doxie Hotel,Manhattan,Midtown,40.754630,-73.991150,Private room,309,1,2,2026-08-16,1.76,3,319,2
1700158976092794427,Corner king,1700158946879251522,1700158976618096620,Chambers Hotel,Manhattan,Midtown,40.762910,-73.975350,Private room,231,1,4,2026-08-14,1.67,4,313,4
1700158976094499997,King bed 1.5 bath suite duplex,1700158946879251522,1700158976618096620,Chambers Hotel,Manhattan,Midtown,40.762910,-73.975350,Private room,361,1,0,,,4,299,0
1700158976509201872,Chambers queen,1700158946879251522,1700158976618096620,Chambers Hotel,Manhattan,Midtown,40.762910,-73.975350,Private room,269,1,8,2026-08-11,3.87,4,314,8
1700158976592190470,Deluxe king,1700158946879251522,1700158976618096620,Chambers Hotel,Manhattan,Midtown,40.762910,-73.975350,Private room,196,1,4,2026-08-16,2.11,4,308,4
1700185373628753962,Beautiful 2 bedroom 2 bathroom luxury apartment!,1700185117887352466,1700185374479301195,Eric,Manhattan,Financial District,40.709400,-74.013650,Entire home/apt,725,1,10,2026-08-06,7.32,1,295,10
1700202023073656187,NoMad Studio at Return Policy Broadway,197787732,1692465872003739705,Return Policy,Manhattan,Flatiron District,40.742880,-73.989600,Entire home/apt,226,1,42,2026-08-10,22.91,9,175,42
1700210117059196949,NoMad Hotel Near Broadway & 5th Ave,197787732,1692465872003739705,Return Policy,Manhattan,Flatiron District,40.743410,-73.988420,Entire home/apt,474,1,18,2026-07-30,9.64,9,347,18
1700210350165575639,Madison Square Hotel Near NoMad,197787732,1692465872003739705,Return Policy,Manhattan,Midtown,40.744330,-73.988250,Entire home/apt,199,1,66,2026-08-10,33.56,9,140,66
1700210724182466484,Broadway Hotel in the Flatiron District,197787732,1692465872003739705,Return Policy,Manhattan,Midtown,40.744580,-73.990180,Entire home/apt,233,1,38,2026-08-09,19.00,9,147,38
1700214133432280366,NoMad Hotel by Flatiron & 5th Avenue,197787732,1692465872003739705,Return Policy,Manhattan,Flatiron District,40.743390,-73.990280,Entire home/apt,209,1,73,2026-08-10,37.12,9,147,73
1700214867129797673,Flatiron Studio Near Madison Square Park,197787732,1692465872003739705,Return Policy,Manhattan,Midtown,40.745190,-73.988890,Entire home/apt,233,1,59,2026-08-10,30.00,9,142,59
1705139879555074601,Classic 3 bed 2 Full Baths unit in Clinton Hill,181517263,1468751847871538164,Kashif,Brooklyn,Bedford-Stuyvesant,40.687287,-73.957123,Entire home/apt,488,3,4,2026-08-04,3.00,1,339,4
1705211991202577487,Renovated Bedstuy Brownstone 2bd/2b Suite,16376128,1462985259500386214,Deb,Brooklyn,Bedford-Stuyvesant,40.685600,-73.925040,Entire home/apt,354,1,2,2026-07-22,1.20,1,292,2
1705302235712661416,Guest Room - 1 King Bed,537145098,1470409624912841733,The Benjamin Royal Sonesta New York,Manhattan,Midtown,40.756500,-73.972000,Private room,555,1,0,,,6,88,0
1705303094380722240,Big Apple Experience | Central Park. Gym,562093838,1470509177040083691,Hotel In NYC,Manhattan,Midtown,40.764461,-73.983166,Private room,206,1,18,2026-08-08,10.00,5,127,18
1705306801492026241,BigApple Journey | Broadway. Fitness Center,562093838,1470509177040083691,Hotel In NYC,Manhattan,Midtown,40.764461,-73.983166,Private room,172,1,6,2026-08-06,4.29,5,119,6
1704299127313080867,2BR Family Suite • Near Bronx Zoo & Yankee Stadium,707386339,1470755030258461004,Lonie,Bronx,West Farms,40.838060,-73.877060,Entire home/apt,350,1,3,2026-07-12,2.00,16,364,3
1704303794215755102,"4 Beds, Walk to Museums! Stylish UWS Family Suite",707386339,1470755030258461004,Lonie,Manhattan,Upper West Side,40.789510,-73.974240,Entire home/apt,529,1,2,2026-07-12,1.43,16,346,2
1704364374000705085,Luxury Studio in a doorman building - Sleeps 4!,117469791,1468202124621645621,Cole,Manhattan,Midtown,40.756400,-73.973010,Entire home/apt,375,1,4,2026-08-08,4,3,167,4
1704378900945870833,Queen accessible room,1704378832408817324,1704378901569576257,Little Something,Manhattan,Financial District,40.707619,-74.006186,Private room,167,1,10,2026-08-17,9.09,4,216,10
1704378900955277956,Queen room,1704378832408817324,1704378901569576257,Little Something,Manhattan,Financial District,40.707619,-74.006186,Private room,379,1,121,2026-08-17,84.42,4,224,121
1704378901627055256,Corner queen,1704378832408817324,1704378901569576257,Little Something,Manhattan,Financial District,40.707619,-74.006186,Private room,231,1,8,2026-08-17,6.86,4,212,8
1704378903029355114,1 Twin over 1 full bunk bed,1704378832408817324,1704378901569576257,Little Something,Manhattan,Financial District,40.707619,-74.006186,Private room,327,1,3,2026-08-16,2.25,4,221,3
1704483966882459919,Gorgeous Studio in Midtown East! Sleeps 4 people !,117469791,1468202124621645621,Cole,Manhattan,Midtown,40.756340,-73.973410,Entire home/apt,483,1,3,2026-08-10,2.43,3,148,3
1709565674573755651,Standard Queen,733256781,1572553352683511692,BKLYN House Hotel,Brooklyn,Bushwick,40.700760,-73.939310,Private room,159,1,14,2026-08-17,8.57,2,339,14
1709915654513695992,Newly Renovated Suite w/ Private Bath —D,684192000,1561155323653939833,Linda,Brooklyn,Fort Hamilton,40.617366,-74.022345,Private room,133,1,0,,,6,281,0
1710985932305849601,Private Room Near JFK,172932780,1632169615822546150,Mahbuba,Queens,Rosedale,40.661250,-73.737650,Private room,76,1,8,2026-08-07,6.67,2,289,8
1711543519914281399,"1BR Theater District, Wash/Dryer, Steps to Subway",707386339,1470755030258461004,Lonie,Manhattan,Hell's Kitchen,40.755760,-73.992350,Entire home/apt,458,1,2,2026-07-05,1.33,16,304,2
1711815237764009109,Godfather Mansion,1669092501720260673,1711815238495627293,Joseph,Staten Island,Todt Hill,40.606527,-74.097904,Private room,2394,3,0,,,1,349,0
1713926324900412482,Steps to Times Square + Rooftop Bar & Restaurant,556676969,1470486708014956413,Hotel In New York - Times Square,Manhattan,Theater District,40.762268,-73.985385,Private room,198,1,0,,,2,68,0
1713928465975316872,Walk to Broadway Theatres + Rooftop Bar & Gym,556676969,1470486708014956413,Hotel In New York - Times Square,Manhattan,Theater District,40.761820,-73.985540,Private room,270,1,6,2026-07-21,6,2,89,6
1705845493636714148,Close to Times Square + 24/7 Fitness Access,596033623,1470626822579331059,Manhattan Times Square,Manhattan,Theater District,40.762293,-73.982637,Private room,275,1,37,2026-07-22,22.65,3,154,37
1706045217693564179,Downtown King Stay w/ Kitchenette + Free Breakfast,518551699,1470333152136077586,Residence Financial District World Trade,Manhattan,Financial District,40.710280,-74.008970,Private room,677,1,0,,,2,97,0
1706046168178090454,Downtown 2 Queens w/ Kitchenette + Free Breakfast,518551699,1470333152136077586,Residence Financial District World Trade,Manhattan,Financial District,40.710182,-74.010891,Private room,677,1,0,,,2,38,0
1706052131066514405,Steps to Times Square | On-Site Dining. City Views,556869189,1470487973919569090,Hotel In Times Square Central - NYC,Manhattan,Theater District,40.755329,-73.985790,Private room,200,1,14,2026-08-08,8.57,2,132,14
1706052498071406328,Midtown NYC Stay | Gym. Restaurant + City Views,556869189,1470487973919569090,Hotel In Times Square Central - NYC,Manhattan,Theater District,40.755329,-73.985790,Private room,330,1,23,2026-08-07,15.33,2,117,23
1706077333356128493,Journey In NY | Museums. Fitness Center,562093838,1470509177040083691,Hotel In NYC,Manhattan,Midtown,40.764461,-73.983166,Private room,502,1,0,,,5,113,0
1706670209492936270,Beautiful Studio in Midtown. Sleeps 4 people!,117469791,1468202124621645621,Cole,Manhattan,Midtown,40.755670,-73.971540,Entire home/apt,425,1,8,2026-08-02,6.15,3,139,8
1708103719321689084,Comfortable Room in Brooklyn,1708103676327600878,1708103720214967981,Manuel,Brooklyn,Sheepshead Bay,40.593320,-73.934600,Private room,121,1,8,2026-08-09,8,1,12,8
1708737477187490533,Entire 1 bedroom Empire State,2450827,1462595435001441983,Nestle,Manhattan,Midtown,40.747084,-73.987854,Entire home/apt,383,1,0,,,3,265,0
1709012784469991105,Family stay near Empire State & Times Square,2450827,1462595435001441983,Nestle,Manhattan,Midtown,40.748000,-73.987510,Entire home/apt,388,1,0,,,3,270,0
1709320461838317981,"Standard studio apartment, 1 queen bed",1701428564691473887,1701428643358609916,Martin,Manhattan,Murray Hill,40.748287,-73.974880,Private room,315,1,2,2026-07-15,1.43,4,350,2
1709320461898888697,"Superior studio, 1 king bed",1701428564691473887,1701428643358609916,Martin,Manhattan,Murray Hill,40.748287,-73.974880,Private room,661,1,1,2026-07-16,0.81,4,364,1
1709320462117920572,"Superior 1 bedroom apartment, 1 king bed, 1 sofa",1701428564691473887,1701428643358609916,Martin,Manhattan,Murray Hill,40.748287,-73.974880,Private room,501,1,0,,,4,363,0
1709320462965267266,"Connecting studio and 1-bed apts, 2 kings",1701428564691473887,1701428643358609916,Martin,Manhattan,Murray Hill,40.748287,-73.974880,Private room,476,1,0,,,4,133,0
1715780076912055683,Spacious Washington Heights Studio Near Transit,437888275,1469979002553686836,Ricky,Manhattan,Washington Heights,40.835960,-73.939730,Entire home/apt,330,3,1,2026-08-01,1,5,323,1
1715788137584405291,Bright Uptown Manhattan Studio Near Subway&Dining,437888275,1469979002553686836,Ricky,Manhattan,Washington Heights,40.835640,-73.941370,Entire home/apt,315,3,1,2026-07-19,1,5,352,1
1715795230225269856,Spacious NYC Studio Near Subway & Manhattan Sights,437888275,1469979002553686836,Ricky,Manhattan,Washington Heights,40.837760,-73.941570,Entire home/apt,344,3,0,,,5,337,0
1714689060679630236,Exclusive Apartment 724 | Shared Bathroom,401202937,1469841047362978348,Eliza,Manhattan,Midtown,40.747084,-73.987854,Private room,234,1,1,2026-08-04,1,70,110,1
1714707636601255325,Exclusive Apartment 823 | Shared Bathroom,401202937,1469841047362978348,Eliza,Manhattan,Midtown,40.747084,-73.987854,Private room,201,1,0,,,70,97,0
1714713550020273698,Comfy Group Travel Apt with Historic Charm,662023210,1470661881234933226,Artifact Stays,Manhattan,Harlem,40.826190,-73.946960,Entire home/apt,360,2,3,2026-07-25,2.37,4,88,3
1714730216828183624,Historic Harlem Stay: Comfort on a Quiet Block,662023210,1470661881234933226,Artifact Stays,Manhattan,Harlem,40.827450,-73.946850,Entire home/apt,465,1,7,2026-08-05,5.53,4,84,7
1716689964896458765,Modern in-house apartment brand new renovated,108079367,1462890819609541910,Max,Queens,Woodside,40.741730,-73.899540,Private room,110,7,1,2026-07-24,1,2,13,1
1716827584461520584,Classic King Studio,1705920576545269087,1705920657453068799,⁨17 John⁩,Manhattan,Financial District,40.709970,-74.008741,Private room,272,1,4,2026-08-16,4,1,365,4
1716856691411124621,"Richie''s Euro House, Garden & Museum",187004,1716856692294124129,Richie,Staten Island,Oakwood,40.560850,-74.128160,Private room,179,2,1,2026-07-24,1,1,365,1
1718285016238233940,Brooklyn Studio 12 min to Manhattan,1718283834671925562,1718285017060186960,James & Laureta,Brooklyn,Bedford-Stuyvesant,40.682860,-73.951390,Entire home/apt,410,1,0,,,11,341,0
1718303491353301572,Brooklyn Studio 12 min to Manhattan,1718283834671925562,1718285017060186960,James & Laureta,Brooklyn,Bedford-Stuyvesant,40.681400,-73.951580,Entire home/apt,281,1,1,2026-07-26,1,11,362,1
1718305943927830903,Brooklyn Studio 12 min to Manhattan,1718283834671925562,1718285017060186960,James & Laureta,Brooklyn,Bedford-Stuyvesant,40.682950,-73.949440,Entire home/apt,281,1,0,,,11,352,0
1718307883625894575,Brooklyn Studio 12 min to Manhattan,1718283834671925562,1718285017060186960,James & Laureta,Brooklyn,Bedford-Stuyvesant,40.682850,-73.951570,Entire home/apt,317,1,1,2026-07-25,1,11,358,1
1718311677742827626,Brooklyn Studio 12 min to Manhattan,1718283834671925562,1718285017060186960,James & Laureta,Brooklyn,Bedford-Stuyvesant,40.682980,-73.949420,Entire home/apt,281,1,0,,,11,359,0
1718315507365465994,Brooklyn Studio 12 min to Manhattan,1718283834671925562,1718285017060186960,James & Laureta,Brooklyn,Bedford-Stuyvesant,40.682520,-73.951460,Entire home/apt,264,1,0,,,11,357,0
1718316957957904005,Brooklyn Studio | 2 Min to Subway,1718283834671925562,1718285017060186960,James & Laureta,Brooklyn,Bedford-Stuyvesant,40.682950,-73.949970,Entire home/apt,281,1,0,,,11,357,0
1718319834566858529,Brooklyn Studio | 2 Min to Subway,1718283834671925562,1718285017060186960,James & Laureta,Brooklyn,Bedford-Stuyvesant,40.681130,-73.949590,Entire home/apt,281,1,1,2026-07-25,1,11,356,1
1718323032526879760,Brooklyn Studio | 2 Min to Subway,1718283834671925562,1718285017060186960,James & Laureta,Brooklyn,Bedford-Stuyvesant,40.681120,-73.950770,Entire home/apt,293,1,0,,,11,359,0
1718325863896972393,Brooklyn Studio | 2 Min to Subway,1718283834671925562,1718285017060186960,James & Laureta,Brooklyn,Bedford-Stuyvesant,40.681490,-73.951530,Entire home/apt,273,1,0,,,11,356,0
1718328516995591170,Brooklyn Studio | 2 Min to Subway,1718283834671925562,1718285017060186960,James & Laureta,Brooklyn,Bedford-Stuyvesant,40.682600,-73.949640,Entire home/apt,326,1,0,,,11,358,0
1720302023803266015,Deluxe 1 Queen Hearing Accessible (Floors 15-23),726813299,1544253295372081026,Margaritaville Resort Times Sq,Manhattan,Theater District,40.755050,-73.988030,Private room,324,1,0,,,8,311,0
1720302555903060340,Deluxe Room 1 Queen Bed (Floors 15-23),726813299,1544253295372081026,Margaritaville Resort Times Sq,Manhattan,Theater District,40.755050,-73.988030,Private room,359,1,0,,,8,358,0
1720302556067845171,Deluxe Room 1 King Bed (Floors 15-23),726813299,1544253295372081026,Margaritaville Resort Times Sq,Manhattan,Theater District,40.755050,-73.988030,Private room,324,1,0,,,8,361,0
1720303609518611580,Premium 1 Queen Hearing Accessible Floors 24-28,726813299,1544253295372081026,Margaritaville Resort Times Sq,Manhattan,Theater District,40.755050,-73.988030,Private room,279,1,0,,,8,306,0
1720304128052177702,Premium Room One King Bed Floors 24-28,726813299,1544253295372081026,Margaritaville Resort Times Sq,Manhattan,Theater District,40.755050,-73.988030,Private room,279,1,0,,,8,365,0
1720304128068950778,Premium 1 Queen Bed (Floors 24-28),726813299,1544253295372081026,Margaritaville Resort Times Sq,Manhattan,Theater District,40.755050,-73.988030,Private room,279,1,0,,,8,364,0
1720391121240231212,1 Room for 2 Guests To Stay w/Me In My Home,59836329,1466726570416826451,Nicki,Brooklyn,East New York,40.670720,-73.875690,Private room,99,1,5,2026-08-10,5,1,206,5
1715296825955572500,Exclusive Apartment 217 | Shared Bathroom,401202937,1469841047362978348,Eliza,Manhattan,Midtown,40.747084,-73.987854,Private room,219,1,0,,,70,168,0
1721062573470706707,Minutes from Bryant Park + Fitness Center,414221490,1469885722022184938,Courtyard New York Manhattan/Fifth Avenue,Manhattan,Murray Hill,40.751110,-73.980480,Private room,241,1,0,,,2,139,0
1722949162492228336,Hosted room Near JFK & Canarsie Park | Free PKG,1704739314022583432,1722948841201815083,Marva,Brooklyn,Canarsie,40.633130,-73.902726,Private room,119,4,0,,,1,307,0
1726684770127553173,"Guest Room, 1 King Bed with Manhattan View",754579027,1653769901237943845,,Queens,Long Island City,40.753390,-73.936550,Private room,206,1,4,2026-08-02,4,3,362,4
1731957532050674122,St. Regis Residence with Butler | 1Br,657010397,1467646869321356757,The Solaire Collection,Manhattan,Midtown,40.761213,-73.972982,Private room,3597,3,0,,,12,32,0
1731960662845248863,St. Regis Residence with Butler | 2BR Suite B,657010397,1467646869321356757,The Solaire Collection,Manhattan,Midtown,40.761213,-73.972982,Private room,4800,3,0,,,12,32,0
1731977561405918495,St. Regis Residence Suite with Butler | 1Br A,657010397,1467646869321356757,The Solaire Collection,Manhattan,Midtown,40.761213,-73.972982,Private room,3597,3,0,,,12,43,0
1731989375563398879,St. Regis Residence with Butler,657010397,1467646869321356757,The Solaire Collection,Manhattan,Midtown,40.761213,-73.972982,Private room,2179,3,0,,,12,51,0
1731993498923097946,St. Regis Residence with Butler,657010397,1467646869321356757,The Solaire Collection,Manhattan,Midtown,40.761213,-73.972982,Private room,2000,3,0,,,12,82,0
1735456987360078607,"Guest room, 1 queen bed, non-smoking",1735456910387101281,1735456987644385888,"Duane Street Hotel Tribeca, Be",Manhattan,Tribeca,40.716110,-74.007420,Private room,157,1,0,,,1,94,0
1729155680064239966,Your Peaceful Escape for Rest and Discovery,1724684999344378795,1729155680686532841,⁨Belvilla District 6⁩,Manhattan,Tribeca,40.715947,-74.007367,Hotel room,283,1,0,,,33,263,0
1729155688489503009,Superior King Room Great for City Getaway Trips,1724684999344378795,1729155680686532841,⁨Belvilla District 6⁩,Manhattan,Tribeca,40.715947,-74.007367,Hotel room,283,1,0,,,33,263,0
1729155690218895643,Manhattan Retreat | Hudson River Park - 1.2 miles,1724684999344378795,1729155680686532841,⁨Belvilla District 6⁩,Manhattan,Tribeca,40.715947,-74.007367,Hotel room,322,1,0,,,33,262,0
1729155697115879345,2 Elegant Rooms Near Comedy Cellar - 1.3 miles,1724684999344378795,1729155680686532841,⁨Belvilla District 6⁩,Manhattan,Tribeca,40.715947,-74.007367,Hotel room,644,1,0,,,33,257,0
1729155697220067558,Queen Bed Retreat Near Brooklyn Bridge - 0.6 miles,1724684999344378795,1729155680686532841,⁨Belvilla District 6⁩,Manhattan,Tribeca,40.715947,-74.007367,Hotel room,322,1,0,,,33,262,0
1729155715355115208,Stylish Manhattan City Escape Ideal for Couples,1724684999344378795,1729155680686532841,⁨Belvilla District 6⁩,Manhattan,Tribeca,40.715950,-74.007370,Hotel room,249,1,0,,,33,261,0
1729155720321548003,Explore Lower Manhattan from Modern NYC Room,1724684999344378795,1729155680686532841,⁨Belvilla District 6⁩,Manhattan,Tribeca,40.715947,-74.007367,Hotel room,249,1,0,,,33,261,0
1729155723224475366,Urban Hideaway Near Brooklyn Bridge - 0.6 miles,1724684999344378795,1729155680686532841,⁨Belvilla District 6⁩,Manhattan,Tribeca,40.715947,-74.007367,Hotel room,427,1,0,,,33,234,0
1729155725657144375,Charming Room Room Perfect for City Explorers,1724684999344378795,1729155680686532841,⁨Belvilla District 6⁩,Manhattan,Tribeca,40.715947,-74.007367,Hotel room,427,1,0,,,33,234,0
1729155728300634086,King Room Close to Brooklyn Bridge - 0.6 mile,1724684999344378795,1729155680686532841,⁨Belvilla District 6⁩,Manhattan,Tribeca,40.715947,-74.007367,Hotel room,273,1,0,,,33,263,0
1729155736718803877,Your Homey Retreat in the Heart of Tribeca,1724684999344378795,1729155680686532841,⁨Belvilla District 6⁩,Manhattan,Tribeca,40.715950,-74.007370,Hotel room,273,1,0,,,33,263,0
1729155738592163527,Solo-Friendly Tribeca Room for City Adventures,1724684999344378795,1729155680686532841,⁨Belvilla District 6⁩,Manhattan,Tribeca,40.715947,-74.007367,Hotel room,349,1,0,,,33,231,0
1729155739488766776,Contemporary Room Near Hudson River Park - 1.2 mi,1724684999344378795,1729155680686532841,⁨Belvilla District 6⁩,Manhattan,Tribeca,40.715950,-74.007370,Hotel room,349,1,0,,,33,231,0
1729157570702442617,2 Serene Rooms Your Ideal Stay for Business Travel,1724684999344378795,1729155680686532841,⁨Belvilla District 6⁩,Queens,Long Island City,40.745839,-73.944947,Hotel room,793,1,0,,,33,305,0
1729746624957772748,Cozy BK unit near Subway | Registered Host On-Site,1005089,1462535590561060470,Peter,Brooklyn,East New York,40.667551,-73.895496,Private room,153,3,1,2026-07-26,1,1,314,1
1729875920863509966,Room in Chelsea 9 - Shared Bathroom - 5th Floor Wa,408979935,1463633576430998493,The Village House,Manhattan,Chelsea,40.749067,-73.998004,Entire home/apt,143,1,4,2026-08-06,4,39,81,4
1730122798383623335,Spacious 2BD/2BA Garden Apt | Family Friendly,9905393,1462826609934232582,Uzo,Brooklyn,Bedford-Stuyvesant,40.686880,-73.934670,Entire home/apt,404,2,3,2026-08-04,3,1,64,3
1731128637373101450,3 Long Island Apartments | Steps to MoMA PS1,1724684999344378795,1729155680686532841,⁨Belvilla District 6⁩,Queens,Long Island City,40.745840,-73.944950,Hotel room,1485,1,0,,,33,287,0
1731128751079211630,2 Convenient Units | Grand Central Terminal-1.8 mi,1724684999344378795,1729155680686532841,⁨Belvilla District 6⁩,Queens,Long Island City,40.745840,-73.944950,Hotel room,634,1,0,,,33,305,0
1731128979049505650,2BR Apt w/ Kitchenette | Rockefeller Center - 2 mi,1724684999344378795,1729155680686532841,⁨Belvilla District 6⁩,Queens,Long Island City,40.745839,-73.944947,Hotel room,302,1,0,,,33,331,0
1731129075718573695,Enjoy 2BR Urban Comfort Steps to MoMA PS1,1724684999344378795,1729155680686532841,⁨Belvilla District 6⁩,Queens,Long Island City,40.745840,-73.944950,Hotel room,302,1,0,,,33,331,0
1731130569783075071,Studio Unit | 1 Mile to Gantry Plaza State Park,1724684999344378795,1729155680686532841,⁨Belvilla District 6⁩,Queens,Long Island City,40.745840,-73.944950,Hotel room,149,1,0,,,33,364,0
1731132638157343142,Spacious 1 BR Unit | Grand Central Terminal-1.8 mi,1724684999344378795,1729155680686532841,⁨Belvilla District 6⁩,Queens,Long Island City,40.745839,-73.944947,Hotel room,200,1,0,,,33,364,0
1731132711316414679,Relaxing 1 BR Apartment 3 Miles to Empire State,1724684999344378795,1729155680686532841,⁨Belvilla District 6⁩,Queens,Long Island City,40.745840,-73.944950,Hotel room,200,1,0,,,33,364,0
1731137254671242160,Modern Long Island Room | Steps to MoMA PS1 -0.6mi,1724684999344378795,1729155680686532841,⁨Belvilla District 6⁩,Queens,Long Island City,40.753390,-73.936550,Hotel room,153,1,0,,,33,322,0
1731137330415528001,Long Island Room | City Views from Rooftop Terrace,1724684999344378795,1729155680686532841,⁨Belvilla District 6⁩,Queens,Long Island City,40.753390,-73.936550,Hotel room,153,1,0,,,33,322,0
1731137424008291362,2 Convenient Units |Grand Central Terminal -2.1 mi,1724684999344378795,1729155680686532841,⁨Belvilla District 6⁩,Queens,Long Island City,40.753392,-73.936547,Hotel room,306,1,0,,,33,364,0
1731137507371893562,3 Units | Prime Location for Exploring Manhattan,1724684999344378795,1729155680686532841,⁨Belvilla District 6⁩,Queens,Long Island City,40.753392,-73.936547,Hotel room,459,1,0,,,33,361,0
1731137984935784559,Sleek Room w/ Balcony | Manhattan Skyline View,1724684999344378795,1729155680686532841,⁨Belvilla District 6⁩,Queens,Long Island City,40.753390,-73.936550,Hotel room,148,1,0,,,33,351,0
1731138070760699423,Comfortable Queen Unit w/ Manhattan Skyline Views,1724684999344378795,1729155680686532841,⁨Belvilla District 6⁩,Queens,Long Island City,40.753390,-73.936550,Hotel room,148,1,0,,,33,351,0
1731138489516832084,Sleek Urban Guest Room | Steps to MoMA PS1 - 0.6mi,1724684999344378795,1729155680686532841,⁨Belvilla District 6⁩,Queens,Long Island City,40.753390,-73.936550,Hotel room,165,1,0,,,33,321,0
1731138573713886699,Sleek City Stay: Rooftop Access & Modern Decor,1724684999344378795,1729155680686532841,⁨Belvilla District 6⁩,Queens,Long Island City,40.753390,-73.936550,Hotel room,165,1,0,,,33,321,0
1731139820891046910,Relaxing Stay Steps to MoMA PS1 - 0.6 miles,1724684999344378795,1729155680686532841,⁨Belvilla District 6⁩,Queens,Long Island City,40.753392,-73.936547,Hotel room,140,1,0,,,33,322,0
1731139897947698347,Boutique Living Near Gantry Plaza State Park-1.2mi,1724684999344378795,1729155680686532841,⁨Belvilla District 6⁩,Queens,Long Island City,40.753390,-73.936550,Hotel room,140,1,0,,,33,322,0
1731140397200487621,Modern Comfort | Gantry Plaza State Park – 1.2 mi,1724684999344378795,1729155680686532841,⁨Belvilla District 6⁩,Queens,Long Island City,40.753392,-73.936547,Hotel room,166,1,0,,,33,312,0
1731140481640857803,Chic Style Rooms | Rockefeller Center - 2.2 miles,1724684999344378795,1729155680686532841,⁨Belvilla District 6⁩,Queens,Long Island City,40.753390,-73.936550,Hotel room,166,1,0,,,33,312,0
1731297076710764918,Chez Luis| Manhattan Oasis,3191371,1462622195694268154,Jesse,Manhattan,East Harlem,40.793540,-73.945840,Private room,360,12,0,,,3,29,0
1739931234492737185,NYC Skyline Bar | Rooftop Bar + On-Site Restaurant,571994576,1470550399348786068,Hotel Henri,Manhattan,Flatiron District,40.743670,-73.992030,Private room,236,1,0,,,3,344,0
1737071329242057122,Near Little Italy | Gym Access. Sauna & Steam Room,593178513,1470619998527053242,The Allen Hotel,Manhattan,Lower East Side,40.718910,-73.991780,Private room,137,1,0,,,4,70,0
1737076929348785677,Lower East Side | Sauna + Gym + City Views,593178513,1470619998527053242,The Allen Hotel,Manhattan,Lower East Side,40.719230,-73.990410,Private room,226,1,0,,,4,145,0
1737077072566740749,Walk to SoHo | Sauna. Steam Room + Fitness Center,593178513,1470619998527053242,The Allen Hotel,Manhattan,Lower East Side,40.718580,-73.989870,Private room,257,1,0,,,4,150,0
1737086051900752391,NYC Lower East Side | Subway. Sauna + Steam Room,593178513,1470619998527053242,The Allen Hotel,Manhattan,Chinatown,40.717430,-73.991710,Private room,288,1,0,,,4,151,0
1737088568070103979,"Historic Harlem Charm, Modern Comfort — New Reno!",662023210,1470661881234933226,Artifact Stays,Manhattan,Harlem,40.825750,-73.945050,Entire home/apt,299,3,1,2026-08-08,1,4,111,1
1739235395927529914,Kings highway room,1731431033730885788,1731434843477307411,Ariel,Brooklyn,Sheepshead Bay,40.606940,-73.960102,Private room,204,1,0,,,1,68,0
1746570476738620091,Heart of NYC | 1BR Apt | City View + Full Kitchen,699580416,1468058120603417537,Trademark Collection By Wyndham,Manhattan,Midtown,40.753224,-73.966278,Hotel room,370,1,0,,,20,360,0
1746570486351460766,Beekman Tower | 1BR Apt | Kitchen | Prime Location,699580416,1468058120603417537,Trademark Collection By Wyndham,Manhattan,Midtown,40.753224,-73.966278,Hotel room,370,1,0,,,20,359,0
1741202062923487457,Cathedral View Two Double Beds,1734154839234422818,1734154884545570936,Lotte New York Palace,Manhattan,Midtown,40.757970,-73.975240,Private room,429,1,0,,,5,345,0
1741211965215933814,Accessible Superior King,1734154839234422818,1734154884545570936,Lotte New York Palace,Manhattan,Midtown,40.757970,-73.975240,Private room,429,1,0,,,5,328,0
1741220401808077936,Accessible Palace Signature Suite King,1734154839234422818,1734154884545570936,Lotte New York Palace,Manhattan,Midtown,40.757970,-73.975240,Private room,429,1,0,,,5,295,0
1741233925121281804,Accessible Towers Corner Suite with Pantry,1734154839234422818,1734154884545570936,Lotte New York Palace,Manhattan,Midtown,40.757970,-73.975240,Private room,429,1,0,,,5,344,0
1741236541596158734,Towers Corner Suite with Pantry,1734154839234422818,1734154884545570936,Lotte New York Palace,Manhattan,Midtown,40.757970,-73.975240,Private room,429,1,0,,,5,344,0
1743737509015145757,Brand new studio in a luxury building,1743689154306889394,1743737509658330902,Brett,Manhattan,Financial District,40.708267,-74.014259,Entire home/apt,420,1,0,,,2,330,0
1745000686419967256,Park Lane King,1745000644652452011,1745000686948833585,Park Lane Hotel New York,Manhattan,Midtown,40.764880,-73.975340,Private room,449,1,0,,,1,353,0
1745232971083333477,Brand new studio in Fidi,1743689154306889394,1743737509658330902,Brett,Manhattan,Financial District,40.708267,-74.014259,Entire home/apt,403,1,0,,,2,335,0
1746422600945305650,"Global Eats, Citi Field & US Open — 7 Train To NYC",159383408,1739207248072442558,Michael,Queens,Jackson Heights,40.750550,-73.866200,Private room,115,3,0,,,3,365,0
